grammar_name_en,grammar_name_jp,meaning,how_to_use_html,example_1,example_2,source
aete,敢えて（あえて）,"Learn Japanese grammar: 【あえて】(aete). Meaning: dare to; daringly; deliberately; purposely (something needless, unexpected or seemingly counterproductive); intentionally ~.","<table class=""table table-bordered table-sm usage""><tbody><tr><td>あえて</td><td>clause</td></tr></tbody></table>",Example #1彼はあえて一人で行く気ですか。hintromajiEnglishかれはあえてひとりでいくきですか。kare wa aete hitori de iku kidesu ka.Dare he go alone?,Example #2私はあえて彼女に忠告した。hintromajiEnglishわたしはあえてかのじょにちゅうこくした。watashi wa aete kanojo ni chuukoku shita.I ran a risk of advising her.,https://jlptsensei.com/learn-japanese-grammar/%e6%95%a2%e3%81%88%e3%81%a6-%e3%81%82%e3%81%88%e3%81%a6-aete-meaning/
akumade mo,あくまでも,Learn Japanese grammar: 【あくまでも】(akumade mo). Meaning: to the end; persistently; absolutely; is still very ~.,"<table class=""table table-bordered table-sm usage""><tbody><tr><td>あくまでも</td><td>clause</td></tr></tbody></table>",Example #1空はあくまでも青い。hintromajiEnglishそらはあくまでもあおい。sora wa akumade mo aoi.The sky is as blue as blue can be.,Example #2私はあくまでも彼女を見つけるつもりです。hintromajiEnglishわたしはあくまでもかのじょをみつけるつもりです。watashi wa akumademo kanojo o mitsukeru tsumori desu.I will definitely find her.,https://jlptsensei.com/learn-japanese-grammar/%e3%81%82%e3%81%8f%e3%81%be%e3%81%a7%e3%82%82-akumade-mo-meaning/
an no jou,案の定（あんのじょう）,Learn Japanese grammar: 【あんのじょう】(an no jou). Meaning: just as one thought; as usual; sure enough; as expected.,"<table class=""table table-bordered table-sm usage""><tbody><tr><td>案の定</td><td>phrase</td></tr></tbody></table>","Example #1案の定、結果がよくないだ。hintromajiEnglishあんのじょう、けっかがよくないだ。an no jou, kekka ga yokunai da.As might be expected, the results are poor.","Example #2案の定、彼は第一位になった。hintromajiEnglishあんのじょう、かれはだいいちいになった。an no jou, kare wa daiichii ni natta.As was to be expected, he took first place.",https://jlptsensei.com/learn-japanese-grammar/%e6%a1%88%e3%81%ae%e5%ae%9a-%e3%81%82%e3%82%93%e3%81%ae%e3%81%98%e3%82%87%e3%81%86-an-no-jou-meaning/
arakajime,あらかじめ,Learn Japanese grammar: (arakajime). Meaning: beforehand; in advance; previously​.,"<table class=""table table-bordered table-sm usage""><tbody><tr><td>あらかじめ</td><td>Verb</td></tr></tbody></table>",Example #1あらかじめ教科書を読んでください。hintromajiEnglishあらかじめきょうかしょをよんでください。arakajime kyoukasho o yonde kudasai.Please read the textbook in advance.,Example #2私たちはあらかじめスナックを用意しておきました。hintromajiEnglishわたしたちはあらかじめスナックをよういしておきました。watashi tachi wa arakajime sunakku o youi shite okimashita.We have prepared snacks in advance.,https://jlptsensei.com/learn-japanese-grammar/%e3%81%82%e3%82%89%e3%81%8b%e3%81%98%e3%82%81-arakajime-meaning/
atte no,あっての,Learn Japanese grammar: (atte no). Meaning: which owes everything to; which can exist solely due to the presence of; whose existence is determined entirely by​.​...,"<table class=""table table-bordered table-sm usage""><tbody><tr><td>Noun-1</td><td>あっての</td><td>Noun-2</td></tr></tbody></table>",Example #1健康な体あっての人生です。hintromajiEnglishけんこうなからだあってのじんせいです。kenkou na karada atte no jinsei desu.Life is dependent on having a healthy body.,"Example #2お客様あっての仕事だから、言葉遣いに気を付けてください。hintromajiEnglishおきゃくさまあってのしごとだから、ことばづかいにきをつけてください。okyaku sama atte no shigoto dakara, kotobadzukai ni ki o tsukete kudasai.Please be careful of the language you use around our customers since they are essential for our business.",https://jlptsensei.com/learn-japanese-grammar/%e3%81%82%e3%81%a3%e3%81%a6%e3%81%ae-atte-no-meaning/
ba koso,ばこそ,Learn Japanese grammar: (ba koso). Meaning: only because ~.,"<table class=""table table-bordered table-sm usage""><tbody><tr><td>Verb (ば conditional)</td><td rowspan=""4"">こそ</td></tr><tr><td>Noun + であれば</td></tr><tr><td>な-adjective + であれば</td></tr><tr><td>い-adjective + <s>い</s>ければ</td></tr></tbody></table>",Example #1優勝できたのは、チーム全員の協力あればこそだ。hintromajiEnglishゆうしょうできたのは、チームぜんいんのきょうりょくあればこそだ。yuushou dekita nowa chiimu zenin no kyouryoku areba koso da.We could only win because of our teamwork.,"Example #2家族を愛すればこそ、自分が犠牲になることなどは恐れない。hintromajiEnglishかぞくをあいすればこそ、じぶんがぎせいになることなどはおそれない。kazoku o aisureba koso, jibun ga gisei ni naru koto nado wa osorenai.Because I love my family, I’m not afraid to sacrifice myself.",https://jlptsensei.com/learn-japanese-grammar/%e3%81%b0%e3%81%93%e3%81%9d-ba-koso-meaning/
ba sore made da / tara sore made da,ばそれまでだ / たらそれまでだ,Learn Japanese grammar: (ba sore made da / tara sore made da). Meaning: if… then it’s over. This is used when you want to say...,"<table class=""table table-bordered table-sm usage""><tbody><tr><td>Verb (conditional) ば / たら</td><td>それまでだ</td></tr></tbody></table>","Example #1いくらお金をためでも、死んでしまえばそれまでだ。hintromajiEnglishいくらおかねをためでも、しんでしまえばそれまでだ。ikura okane o tame demo, shinde shimaeba sore made da.Even if you make a lot of money, it's pointless if you die.","Example #2どんなに大変でも諦めたらそれまでだ。hintromajiEnglishどんなにたいへんでもあきらめたらそれまでだ。donnani taihen demo akirametara sore made da.No matter how hard it may be, once you give up, it's all over.",https://jlptsensei.com/learn-japanese-grammar/%e3%81%b0%e3%81%9d%e3%82%8c%e3%81%be%e3%81%a7%e3%81%a0-%e3%81%9f%e3%82%89%e3%81%9d%e3%82%8c%e3%81%be%e3%81%a7%e3%81%a0-ba-sore-made-da-meaning/
bekarazu / bekarazaru,べからず / べからざる,Learn Japanese grammar: (bekarazu / bekarazaru). Meaning: must not; should not; do not ~. This is often used for commands on signs to express rules.,"<table class=""table table-bordered table-sm usage""><tbody><tr><td>Verb (dictionary)</td><td>べからず<br/>べからざる</td></tr></tbody></table>",Example #1ここに駐車するべからず。hintromajiEnglishここにちゅうしゃするべからず。koko ni chuusha suru bekarazu.Don't park here. / No parking here.,Example #2芝生に入るべからず。hintromajiEnglishしばふにはいるべからず。shibafu ni hairu bekarazu.Stay off the grass.,https://jlptsensei.com/learn-japanese-grammar/%e3%81%b9%e3%81%8b%e3%82%89%e3%81%9a-%e3%81%b9%e3%81%8b%e3%82%89%e3%81%96%e3%82%8b-bekarazu-bekarazaru-meaning/
beku,べく,Learn Japanese grammar: (beku). Meaning: in order to; for the purpose of ~.,"<table class=""table table-bordered table-sm usage""><tbody><tr><td>Verb (dictionary form)</td><td>べく</td></tr><tr><td>Exception:<br/>する</td><td>するべく<br/>すべく</td></tr></tbody></table>","Example #1JLPT N1に合格すべく、毎日頑張って勉強しています。hintromajiEnglishJLPT N1にごうかくすべく、まいにちがんばってべんきょうしています。JLPT N1 ni goukaku subeku, mainichi ganbatte benkyou shite imasu.I am studying hard every day to pass JLPT N1.","Example #2親の期待に応えるべく、努力して医者の道に進んだ。hintromajiEnglishおやのきたいにこたえるべく、どりょくしていしゃのみちにすすんだ。oya no kitai ni kotaeru beku, doryoku shite isha no michi ni susunda.I made an effort to meet the expectations of my parents and went on to become a doctor.",https://jlptsensei.com/learn-japanese-grammar/%e3%81%b9%e3%81%8f-beku-meaning/
beku mo nai,べくもない,Learn Japanese grammar: (beku mo nai). Meaning: cannot possibly be ~.,"<table class=""table table-bordered table-sm usage""><tbody><tr><td>Verb (dictionary form)</td><td>べくもない</td></tr><tr><td>Exception:<br/>する</td><td>するべくもない<br/>すべくもない</td></tr></tbody></table>",Example #1彼は勉強をせずに毎日遊んでばかりいた。N１合格は望むべくもない。hintromajiEnglishかれはべんきょうをせずにまいにちあそんでばかりいた。N１ごうかくをのぞむべくもない。kare wa benkyou o sezu ni mainichi asonde bakari ita. N1 goukaku o nozomu beku mo nai.He just played every day without studying. There is no hope of passing N1.,Example #2祖父の病状は悪くなるばかりだ。回復はもう望むべくもない。hintromajiEnglishそふのびょうじょうはわるくなるばかりだ。かいふくはもうのぞむべくもない。sofu no byoujou wa waruku naru bakari da. Kaifuku wa mou nozomubeku mo nai.My grandfather's condition is only getting worse. There is no hope for recovery anymore.,https://jlptsensei.com/learn-japanese-grammar/%e3%81%b9%e3%81%8f%e3%82%82%e3%81%aa%e3%81%84-beku-mo-nai-meaning/
beku shite,べくして,as it is bound to (happen); following the natural course,<em>(no usage table)</em>,,,https://jlptsensei.com/learn-japanese-grammar/%e3%81%b9%e3%81%8f%e3%81%97%e3%81%a6-beku-shite-meaning/
biru / bite / bita,びる / びて / びた,to seem to be; to appear; to behave as ~,<em>(no usage table)</em>,,,https://jlptsensei.com/learn-japanese-grammar/%e3%81%b3%e3%82%8b-biru-%e3%81%b3%e3%81%9f-bita-%e3%81%b3%e3%81%a6-bite-meaning/
buri / ppuri,ぶり / っぷり,"Learn Japanese grammar: (buri / ppuri). Meaning: style; manner; way​. This describes the appearance, state, action, condition, degree or the way one does something. This...","<table class=""table table-bordered table-sm usage""><tbody><tr><td>Verb (ます stem) + <s>ます</s></td><td rowspan=""2"">ぶり<br/>っぷり</td></tr><tr><td>Noun</td></tr></tbody></table>",Example #1先生はその生徒のがんばりぶりを見ていた。hintromajiEnglishせんせいはそのせいとのがんばりぶりをみていた。sensei wa sono seito no ganbari buri o mite ita.The teacher has been observing how hard that student has been trying.,"Example #2社長の話しぶり、今年のバーナスはないようだ。hintromajiEnglishしゃちょうのはなしぶり、ことしのバーナスはないようだ。shachou no hanashi buri dewa, kotoshi no boonasu wa nai you da.From the way the director talks, there will probably be no bonus this year.",https://jlptsensei.com/learn-japanese-grammar/%e3%81%b6%e3%82%8a-%e3%81%a3%e3%81%b7%e3%82%8a-buri-ppuri-meaning/
buru / butte / butta,ぶる / ぶって / ぶった,Learn Japanese grammar: 振る【】(buru / butte / butta). Meaning: assuming the air of; behaving like; to pretend / act like ~. This is used to...,"<table class=""table table-bordered table-sm usage""><tbody><tr><td>Noun</td><td rowspan=""3"">ぶる<br/>ぶって<br/>ぶった<br/>ぶっちゃって</td></tr><tr><td>な-adjective</td></tr><tr><td>い-adjective + <s>い</s></td></tr></tbody></table>","Example #1彼は金持ちぶっているが、本当は借金がたくさんある。hintromajiEnglishかれはかねもちぶっているが、ほんとうはしゃっきんがたくさんある。kare wa kanemochi butte iru ga, hontou wa shakkin ga takusan aru.Though he pretends to be rich, in reality he is in serious debt.",Example #2親切ぶって近づいてくる人には気を付けてください。hintromajiEnglishしんせつぶってちかづいてくるひとにはきをつけてください。shinsetsu butte chikadzuite kuru hito ni wa ki o tsukete kudasai.Be careful of people who approach you and pretend to be nice.,https://jlptsensei.com/learn-japanese-grammar/%e3%81%b6%e3%82%8b-%e3%81%b6%e3%81%a3%e3%81%a6-%e3%81%b6%e3%81%a3%e3%81%9f-buru-butte-butta-meaning/
dani / dani shinai,だに / だにしない,Learn Japanese grammar: (dani / dani shinai) particle. Meaning: even; not even ~. This is an old expression which is usually used to express negative...,"<table class=""table table-bordered table-sm usage""><tbody><tr><td>Verb (dicationary)</td><td rowspan=""2"">だに<br/>だにしない</td></tr><tr><td>Noun<br/>Exception: 夢 -&gt; 夢に</td></tr></tbody></table>",Example #1こんな事故が起きるとは想像だにしなかった。hintromajiEnglishこんなじこがおきるとはそうぞうだにしなかった。konna jiko ga okiru to wa souzou dani shinakatta.I never imagined that such an accident would occur.,Example #2この間の彼女の態度は思い出すだに腹が立つ。hintromajiEnglishこのあいだのかのじょのたいどはおもいだすだにはらがたつ。kono aida no kanojo no taido wa omoidasu dani hara ga tatsu.Even just thinking about her attitude the other day still upsets me.,https://jlptsensei.com/learn-japanese-grammar/%e3%81%a0%e3%81%ab-%e3%81%a0%e3%81%ab%e3%81%97%e3%81%aa%e3%81%84-dani-shinai-meaning/
dano~dano,だの～だの,and; and the like; and so forth ~,<em>(no usage table)</em>,,,https://jlptsensei.com/learn-japanese-grammar/%e3%81%a0%e3%81%ae%ef%bd%9e%e3%81%a0%e3%81%ae-dano-dano-meaning/
darou ni,だろうに,"(1) surely..., but ~; although... is likely, ~ (2) should have (regret); might / must have been ~",<em>(no usage table)</em>,,,https://jlptsensei.com/learn-japanese-grammar/%e3%81%a0%e3%82%8d%e3%81%86%e3%81%ab-darou-ni-meaning/
de are / de arou to,であれ / であろうと,Learn Japanese grammar: (de are) / であろうと (de arou to). Meaning: whoever; whatever; however; even ~. Whoever 誰であれ / 誰であろうと dare de are / dare...,"<table class=""table table-bordered table-sm usage""><tbody><tr><td>Noun</td><td>であれ<br/>であろうと</td></tr></tbody></table>","Example #1若い時はどんな仕事であれ、一生懸命取り組みました。hintromajiEnglishわかいときはどんなしごとであれ、いっしょうけんめいとりくみました。wakai toki wa donna shigoto de are, isshoukenmei torikumimashita.When I was young, no matter what the work was I always gave it my best effort.","Example #2嘘をつくとは、どんな理由であれ、許されないことだ。hintromajiEnglishうそをつくとは、どんなりゆうであれ、ゆるされないことだ。uso o tsuku to wa, donna riyuu de are, yurusarenai koto da.Whatever the reason, lying is an unforgivable act.",https://jlptsensei.com/learn-japanese-grammar/%e3%81%a7%e3%81%82%e3%82%8c-%e3%81%a7%e3%81%82%e3%82%8d%e3%81%86%e3%81%a8-de-are-de-arou-meaning/
de are~de are,であれ～であれ,"Learn Japanese grammar: (de are~de are) / (de arou to~de arou to). Meaning: whether [A] or [B]. When not comparing two items, you can use...","<table class=""table table-bordered table-sm usage""><tbody><tr><td>Noun</td><td>であれ<br/>であろうと</td><td>Noun</td><td>であれ<br/>であろうと</td></tr></tbody></table>","Example #1彼がお金持ちであれ貧乏であれ、私の気持ちが変わることはない。hintromajiEnglishかれがおかねもちであれびんぼうであれ、わたしのきもちがかわることはない。kare ga okanemochi de are binbou de are, watashi no kimochi ga kawaru koto wa nai.It doesn't matter whether he is rich or poor, my feelings will not change.","Example #2先生であれ学生であれ、規則には従わなければなりません。hintromajiEnglishせんせいであれがくせいであれ、きそくにはしたがわなければなりません。sensei de are gakusei de are, kisoku ni wa shitagawa nakereba narimasen.Whether you are a teacher or a student, everyone must follow the rules.",https://jlptsensei.com/learn-japanese-grammar/%e3%81%a7%e3%81%82%e3%82%8c%ef%bd%9e%e3%81%a7%e3%81%82%e3%82%8c-de-are-de-are-meaning/
demo ari~demo aru,でもあり～でもある,Learn Japanese grammar: (demo ari~demo aru). Meaning: to also be; both… and ~.,"<table class=""table table-bordered table-sm usage""><tbody><tr><td>Noun + で</td><td rowspan=""3"">もあり</td><td>Noun + で</td><td rowspan=""3"">もある</td></tr><tr><td>な-adj + で</td><td>な-adj + で</td></tr><tr><td>い-adj + <s>い</s>く</td><td>い-adj + <s>い</s>く</td></tr></tbody></table>","Example #1明日の試合は興奮でもあり、緊張でもある。hintromajiEnglishあしたのしあいはこうふんでもあり、きんちょうでもある。ashita no shiai wa koufun demo ari, kinchou demo aru.I'm both excited and nervous for tomorrow's match.",Example #2高校に卒業したら喜ばしくもあり悲しくもある。hintromajiEnglishこうこうにそつぎょうしたらよろこばしくもありかなしくもある。koukou ni sotsugyou shitara yorokobashi kumo ari kanashi kumo aru.Graduating from high school is both happy and sad.,https://jlptsensei.com/learn-japanese-grammar/%e3%81%a7%e3%82%82%e3%81%82%e3%82%8a%ef%bd%9e%e3%81%a7%e3%82%82%e3%81%82%e3%82%8b-demo-ari-demo-aru-meaning/
demo nan demo nai / kumo nan tomo nai,でも何でもない / くも何ともない（でもなんでもない / くもなんともない）,Learn Japanese grammar: 【でもなんでもない / くもなんともない】(demo nan demo nai / kumo nan tomo nai). Meaning: not in the least; nothing like that.,"<table class=""table table-bordered table-sm usage""><tbody><tr><td>Noun</td><td rowspan=""2"">でも何でもない</td></tr><tr><td>な-adjective</td></tr><tr><td>い-adjective <s>い</s></td><td>くも何ともない</td></tr></tbody></table>",Example #1誕生日でもなんでもないのにプレゼントをもらった。hintromajiEnglishたんじょうびでもなんでもないのにプレゼントをもらった。tanjoubi demo nan demo nai no ni purezento o moratta.I got a present even though it wasn't my birthday or anything like that.,Example #2彼の冗談は面白くもなんともない。hintromajiEnglishかれのじょうだんはおもしろくもなんともない。kare no joudan wa omoshiroku mo nantomo nai.His joke is not interesting at all.,https://jlptsensei.com/learn-japanese-grammar/%e3%81%a7%e3%82%82%e4%bd%95%e3%81%a7%e3%82%82%e3%81%aa%e3%81%84-%e3%81%8f%e3%82%82%e4%bd%95%e3%81%a8%e3%82%82%e3%81%aa%e3%81%84-demo-nan-demo-nai-meaning/
denakute nan darou,でなくてなんだろう,Learn Japanese grammar: (denakute nan darou). Meaning: if not … then what is it?; (this) is nothing other than …; (it) must be …; (it)...,"<table class=""table table-bordered table-sm usage""><tbody><tr><td>Noun</td><td>でなくてなんだろう</td></tr></tbody></table>","Example #1彼女に対するこの気持ちは、愛でなくてなんだろう。hintromajiEnglishかのじょにたいするこのきもちは、あいでなくてなんだろう。kanojo ni taisuru kono kimochi wa, ai denakute nan darou.The feeling of mine for her must be love.","Example #2子供のために病気になるまで働くとは、親の愛でなくてなんだろう。hintromajiEnglishこどものためにびょうきになるまではたらくとは、おやのあいでなくてなんだろう。kodomo no tame ni byouki ni naru made hataraku to wa, oya no ai denakute nan darou.Working to the point of sickness for the sake of one's child is nothing other than parental love.",https://jlptsensei.com/learn-japanese-grammar/%e3%81%a7%e3%81%aa%e3%81%8f%e3%81%a6%e3%81%aa%e3%82%93%e3%81%a0%e3%82%8d%e3%81%86-denakute-nan-darou-meaning/
dewa arumai ka,ではあるまいか,Learn Japanese grammar: (dewa arumai ka). Meaning: isn’t it; I wonder if it’s not ~.,"<table class=""table table-bordered table-sm usage""><tbody><tr><td>Verb (casual) + の</td><td rowspan=""4"">ではあるまいか</td></tr><tr><td>Noun + (なの)</td></tr><tr><td>な-adjective + (なの)</td></tr><tr><td>い-adjective + の</td></tr></tbody></table>","Example #1この調子なら、今年の売り上げ目標を達成できるのではあるまいか。hintromajiEnglishこの調子なら、今年の売り上げ目標を達成できるのではあるまいか。kono choushi nara, kotoshi no uriage mokuhyou o tassei dekiru no dewa arumai ka.If this is the case, I wonder if we can reach our sales target this year.","Example #2天気予報で今日は天気が悪いと言っていたが、雨は降らないのではあるまいか。hintromajiEnglishてんきよほうできょうはてんきがわるいといっていたが、あめはふらないのではあるまいか。tenkiyohou de kyou wa tenki ga warui to itte ita ga, ame wa furanai no dewa arumai ka.The weather forecast said that the weather would be bad today, but I wonder if it's not going to rain.",https://jlptsensei.com/learn-japanese-grammar/%e3%81%a7%e3%81%af%e3%81%82%e3%82%8b%e3%81%be%e3%81%84%e3%81%8b-dewa-arumai-ka-meaning/
dewa arumai shi,ではあるまいし,Learn Japanese grammar: (dewa arumai shi) / (ja arumai shi). Meaning: it’s not like; it isn’t as if ~.,"<table class=""table table-bordered table-sm usage""><tbody><tr><td>Noun</td><td>ではあるまいし<br/>でもあるまいし<br/>じゃあるまいし</td></tr></tbody></table>","Example #1子供ではあるまいし、泣くのはやめなさい。hintromajiEnglishこどもではあるまいし、なくのはやめなさい。kodomo dewa arumai shi, naku nowa yamenasai.Stop crying! You are not a child.","Example #2新入社員ではあるまいし、基本的なことは説明する必要ないと思います。hintromajiEnglishしんにゅうしゃいんではあるまいし、きほんてきなことはせつめいするひつようないとおもいます。shinnyuu shain dewa arumai shi, kihonteki na koto wa setsumei suru hitsuyou nai to omoimasu.You're not a new employee, so I don't think I need to explain the basics.",https://jlptsensei.com/learn-japanese-grammar/%e3%81%a7%e3%81%af%e3%81%82%e3%82%8b%e3%81%be%e3%81%84%e3%81%97-dewa-arumai-shi-meaning/
dewa sumanai,では済まない（ではすまない）,it doesn’t end with just ~; it will take more than ~,<em>(no usage table)</em>,,,https://jlptsensei.com/learn-japanese-grammar/%e3%81%a7%e3%81%af%e6%b8%88%e3%81%be%e3%81%aa%e3%81%84-dewa-sumanai-meaning/
dou nimo~nai,どうにも～ない,"Learn Japanese grammar: (dou nimo~nai). Meaning: not … by any means; no matter how hard one tries, cannot ~.","<table class=""table table-bordered table-sm usage""><tbody><tr><td rowspan=""2"">どうにも</td><td>Verb (ない form)</td></tr><tr><td>Noun + がない</td></tr></tbody></table>","Example #1こんな蒸し暑い天気は、どうにも我慢できない。hintromajiEnglishこんなむしあついてんきは、どうにもがまんできない。konna mushiatsui tenki wa, dou nimo gaman dekinai.I can't stand this humid weather.",Example #2私はこの場所ではどうにも勉強に集中できない。hintromajiEnglishわたしはこのばしょではどうにもべんきょうにしゅうちゅうできない。watashi wa kono basho de wa dou nimo benkyou ni shuuchuu dekinaiI cannot concentrate on my studies at all in this place.,https://jlptsensei.com/learn-japanese-grammar/%e3%81%a9%e3%81%86%e3%81%ab%e3%82%82%ef%bd%9e%e3%81%aa%e3%81%84-dou-nimo-nai-meaning/
ga hayai ka,が早いか（がはやいか）,Learn Japanese grammar: 【がはやいか】(ga hayai ka). Meaning: no sooner than; as soon as ~.,"<table class=""table table-bordered table-sm usage""><tbody><tr><td>Verb (dictionary)</td><td>が早いか</td></tr></tbody></table>","Example #1その人は、信号の色が変わるが早いか、走り出した。hintromajiEnglishそのひとは、しんごのいろがかわるがはやいか、はしりだした。sono hito wa, shingou no iro ga kawaru ga hayai ka, hashiri dashita.That guy ran off as soon as the crosswalk light changed.","Example #2うちの子はいつも学校から帰ってきて、かばんを放り出すが早いか、遊びに行ってしまう。hintromajiEnglishうちのこはいつもがっこうからかえってきて、かばんをほうりだすがはやいか、あそびにいってしまう。uchi no ko wa itsumo gakkou kara kaette kite, kaban o houridasu ga hayai ka, asobi ni itte shimau.As soon as my child gets home from school, they immediately drop their bag and go off to play.",https://jlptsensei.com/learn-japanese-grammar/%e3%81%8c%e6%97%a9%e3%81%84%e3%81%8b-ga-hayai-ka-meaning/
"ga/mo~nara, ~mo~da",が/も～なら、～も～だ,"Learn Japanese grammar: (ga/mo~nara, ~mo~da). Meaning: negative connection/comparison (like father like son). This is used to connect two people/things with a close relationship and express...","<table class=""table table-bordered table-sm usage""><tbody><tr><td>Noun-1＋が/も＋Noun-1＋なら、<br/>Noun-2＋も＋Noun-2＋だ</td></tr></tbody></table>","Example #1先生が先生なら、学生も学生だ。hintromajiEnglishせんせいがせんせいなら、がくせいもがくせいだ。sensei ga sensei nara, gakusei mo gakusei da.Like teacher like student. (with a bad teacher like this of course the students are also bad)","Example #2味が味なら、サービスもサービスだ。hintromajiEnglishあじがあじなら、サービスもサービスだ。aji ga aji nara, saabisu mo saabisu da.With bad taste like this, of course the service is also bad.",https://jlptsensei.com/learn-japanese-grammar/%e3%81%8c-%e3%82%82%ef%bd%9e%e3%81%aa%e3%82%89%ef%bd%9e%e3%82%82%ef%bd%9e%e3%81%a0-ga-mo-nara-mo-da-meaning/
gamashii,がましい,"Learn Japanese grammar: (gamashii). Meaning: look like; sound like; approximate; similar to; somewhat like ~. い-adjective. This is usually used for bad things, and there...","<table class=""table table-bordered table-sm usage""><tbody><tr><td>Noun</td><td>がましい</td></tr></tbody></table>",Example #1差し出がましい男だ。hintromajiEnglishさしでがましいおとこだ。sashide gamashii otoko da.He is too forward.,Example #2彼女は言い訳がましい事は一切言わなかった。hintromajiEnglishかのじょはいいわけがましいことはいっさいいわなかった。kanojo wa iiwake ga mashii koto wa issai iwanakatta.She didn't say anything sounding like an excuse.,https://jlptsensei.com/learn-japanese-grammar/%e3%81%8c%e3%81%be%e3%81%97%e3%81%84-gamashii-meaning/
gatera,がてら,Learn Japanese grammar: (gatera). Meaning: while; on the same occasion; at the same time; coincidentally ~.,"<table class=""table table-bordered table-sm usage""><tbody><tr><td>Verb <s>ます</s> (sterm form)</td><td rowspan=""2"">がてら</td></tr><tr><td>Noun</td></tr></tbody></table>","Example #1散歩がてら、コンビニに行ってくるよ。hintromajiEnglishさんぽがてら、コンビニにいってくるよ。sanpo gatera, konbini ni itte kuru yo.I'm going for a walk and will stop by a convenience store.","Example #2友達を駅まで送りがてらDVDを返してきた。hintromajiEnglishともだちをえきまでおくりがてらDVDをかえしてきた。tomodachi o eki made okuri gatera DVD o kaeshite kita.While I was dropping my friend off at the station, I returned the DVD.",https://jlptsensei.com/learn-japanese-grammar/%e3%81%8c%e3%81%a6%e3%82%89-gatera-meaning/
gotoki / gotoku / gotoshi,ごとき / ごとく / ごとし,Learn Japanese grammar: 【ごとき / ごとく / ごとし】(gotoki / gotoku / gotoshi). Meaning: like; as if; the same as ~. Meaning 1) 〜のように “just like;...,"<table class=""table table-bordered table-sm usage""><tbody><tr><td>Verb （＋が／かの）<br/>(dictionary / た form)</td><td rowspan=""2"">ごとき + noun<br/>ごとく～（文の途中）<br/>ごとし（文の終わり）</td></tr><tr><td>Noun + の</td></tr></tbody></table>",Example #1彼は風のごとく走っています。hintromajiEnglishかれはかぜのごとくはしっています。kare wa kaze no gotoku hashitte imasu.He is running like the wind.,Example #2誰も見ていないかのごとく自由に踊りましょう。hintromajiEnglishだれもみていないかのごとくじゆうにおどりましょう。dare mo mite inai ka no gotoku jiyuu ni odorimashou.Let's dance freely as if no one is watching.,https://jlptsensei.com/learn-japanese-grammar/%e3%81%94%e3%81%a8%e3%81%8d-%e3%81%94%e3%81%a8%e3%81%8f-%e3%81%94%e3%81%a8%e3%81%97-gotoki-gotoku-gotoshi-meaning/
gurumi,ぐるみ,together (with); -wide,<em>(no usage table)</em>,,,https://jlptsensei.com/learn-japanese-grammar/%e3%81%90%e3%82%8b%e3%81%bf-gurumi-meaning/
hame ni naru,羽目になる（はめになる）,"Learn Japanese grammar: 【はめになる】(hame ni naru). Meaning: to get stuck with (some job); to end up with (something unpleasant). May also be written as ハメになる,...","<table class=""table table-bordered table-sm usage""><tbody><tr><td>Verb (dictionary)</td><td>羽目になる<br/>ハメになる</td></tr></tbody></table>","Example #1私は歩く時に転んで、入院する羽目になった。hintromajiEnglishわたしはあるくときにころんで、にゅういんするはめになった。watashi wa aruku toki ni koronde, nyuuin suru hame ni natta.I fell while walking and ended up being hospitalized.","Example #2授業をサボりすぎたので、試験前は徹夜する羽目になりそうだ。hintromajiEnglishじゅぎょうをサボりすぎたので、試しけんまえはてつやするはめになりそうだ。jugyou o sabori sugita node, shiken mae wa tetsuya suru hame ni nari sou da.Because I skipped class too much, It looks like I will end up staying up all night the day before the exam.",https://jlptsensei.com/learn-japanese-grammar/%e7%be%bd%e7%9b%ae%e3%81%ab%e3%81%aa%e3%82%8b-%e3%81%af%e3%82%81%e3%81%ab%e3%81%aa%e3%82%8b-hame-ni-naru-meaning/
hodo no koto dewa nai,ほどのことではない,Learn Japanese grammar: 【ほどのことではない】(hodo no koto dewa nai). Meaning: it’s not worth; no need to ~.,"<table class=""table table-bordered table-sm usage""><tbody><tr><td>Verb (dictionary)</td><td>ほどのことではない</td></tr></tbody></table>",Example #1それは悲しむほどのことではない。hintromajiEnglishそれはかなしむほどのことではない。sore wa kanashimu hodo no koto dewa nai.That isn't anything to be sad over.,"Example #2もっとも気にする程のことではないが。hintromajiEnglishもっともきにするほどのことではないが。mottomo ki ni suru hodo no koto dewa nai ga.You needn't let it worry you, though.",https://jlptsensei.com/learn-japanese-grammar/%e3%81%bb%e3%81%a9%e3%81%ae%e3%81%93%e3%81%a8%e3%81%a7%e3%81%af%e3%81%aa%e3%81%84-hodo-no-koto-dewa-nai-meaning/
hou ga mashi da,ほうがましだ,Learn Japanese grammar: (hou ga mashi da). Meaning: better than; would rather ~. Usually preceded with a conditional verb. This is a grammar used to...,"<table class=""table table-bordered table-sm usage""><tbody><tr><td>Verb (casual form)</td><td rowspan=""2"">ほうがましだ</td></tr><tr><td>Noun + の</td></tr></tbody></table>","Example #1あなたと結婚するくらいなら、独身のほうがましだ。hintromajiEnglishあなたとけっこんするくらいなら、どくしんのほうがましだ。anata to kekkon suru kurai nara, dokushin no hou ga mashida.It's better to be single than to marry you.",Example #2ギャンブルに金を浪費するなら捨てたほうがましだ。hintromajiEnglishギャンブルにきんをろうひするならすてたほうがましだ。gyanburu ni kin o rouhi suru nara suteta hou ga mashida.I would rather throw my money away than waste it on gambling.,https://jlptsensei.com/learn-japanese-grammar/%e3%81%bb%e3%81%86%e3%81%8c%e3%81%be%e3%81%97%e3%81%a0-hou-ga-mashi-da-meaning/
houdai,放題（ほうだい）,doing as one pleases; to one's heart's content; leaving uncontrolled,<em>(no usage table)</em>,,,https://jlptsensei.com/learn-japanese-grammar/%e6%94%be%e9%a1%8c-%e3%81%bb%e3%81%86%e3%81%a0%e3%81%84-houdai-meaning/
ikan da / ikan dewa / ikan ni yotte wa,いかんだ / いかんでは / いかんによっては,in accordance with; depending on; whether or not ~,<em>(no usage table)</em>,,,https://jlptsensei.com/learn-japanese-grammar/%e3%81%84%e3%81%8b%e3%82%93%e3%81%a0-%e3%81%84%e3%81%8b%e3%82%93%e3%81%a7%e3%81%af-%e3%81%84%e3%81%8b%e3%82%93%e3%81%ab%e3%82%88%e3%81%a3%e3%81%a6%e3%81%af-ikan-dewa-meaning/
ikan ni kakawarazu / ikan ni yorazu / ikan o towazu,いかんにかかわらず / いかんによらず / いかんをとわず,Learn Japanese grammar: (ikan ni kakawarazu / ikan ni yorazu / ikan o towazu). Meaning: regardless of; whether or not; doesn’t matter whether ~. 「いかんをとわず」may...,"<table class=""table table-bordered table-sm usage""><tbody><tr><td>Noun +（の）</td><td>いかんにかかわらず<br/>いかんによらず<br/>いかんをとわず</td></tr></tbody></table>","Example #1理由のいかんにかかわらず、ここに駐車をしてはいけない。hintromajiEnglishりゆうのいかんにかかわらず、ここにちゅうしゃをしてはいけない。riyuu no ikan ni kakawarazu, koko ni chuusha o shite wa ikenai.Do not park here for any reason.","Example #2天気のいかんにかかわらず、開会式は予定通り行います。hintromajiEnglishてんきのいかんにかかわらず、かいかいしきはよていどおりにおこないます。tenki no ikan ni kakawarazu, kaikaishiki wa yotei doori ni okonaimasu.The opening ceremony will be held as scheduled regardless of the weather.",https://jlptsensei.com/learn-japanese-grammar/%e3%81%84%e3%81%8b%e3%82%93%e3%81%ab%e3%81%8b%e3%81%8b%e3%82%8f%e3%82%89%e3%81%9a-%e3%81%84%e3%81%8b%e3%82%93%e3%81%ab%e3%82%88%e3%82%89%e3%81%9a-ikan-ni-kakawarazu-meaning/
ikanaru,いかなる,any kind of; every; whatsoever; whatever,<em>(no usage table)</em>,,,https://jlptsensei.com/learn-japanese-grammar/%e5%a6%82%e4%bd%95%e3%81%aa%e3%82%8b-%e3%81%84%e3%81%8b%e3%81%aa%e3%82%8b-ikanaru-meaning/
ikani,いかに,Learn Japanese grammar: 【いかに】(ikani). Meaning: how; in what way; how much; to what extent.,"<table class=""table table-bordered table-sm usage""><tbody><tr><td rowspan=""3"">いかに</td><td>Verb</td></tr><tr><td>Noun</td></tr><tr><td>Adjective</td></tr></tbody></table>",Example #1これがいかに難しいかわかり始めている。hintromajiEnglishこれがいかにむずかしいかわかりはじめている。kore ga ikani muzukashii ka wakari hajimete iru.I'm starting to see how difficult this is.,Example #2この会合がいかに重要かを彼は全然わかっていない。hintromajiEnglishこのかいごうがいかにじゅうようかをかれはぜんぜんわかっていない。kono kaigou ga ikani juuyou ka o kare wa zenzen wakatte inai.He has no idea how important this meeting is.,https://jlptsensei.com/learn-japanese-grammar/%e5%a6%82%e4%bd%95%e3%81%ab-%e3%81%84%e3%81%8b%e3%81%ab-ikani-meaning/
ikani mo,いかにも,Learn Japanese grammar: 【いかにも】(ikani mo). Meaning: indeed; really; truly; just (like); very; extremely ~.,"<table class=""table table-bordered table-sm usage""><tbody><tr><td>いかにも</td><td>sentence</td></tr></tbody></table>",Example #1彼女はいかにも女優です。hintromajiEnglishかのじょはいかにもじょゆうです。kanojo wa ikani mo joyuu desu.She is indeed an actress.,Example #2新しい冷蔵庫はいろいろな機能がついていかにも便利そうだ。hintromajiEnglishあたらしいれいぞうこはいろいろなきのうがついていかにもべんりそうだ。atarashii reizouko wa iroirona kinou ga tsuite ikani mo benri sou da.The new refrigerator comes with many functions and indeed looks very convenient.,https://jlptsensei.com/learn-japanese-grammar/%e5%a6%82%e4%bd%95%e3%81%ab%e3%82%82-%e3%81%84%e3%81%8b%e3%81%ab%e3%82%82-ikani-mo-meaning/
izure ni shitemo / izure ni shiro / izure ni seyo,いずれにしても / いずれにしろ / いずれにせよ,Learn Japanese grammar: (izure ni shitemo / izure ni shiro / izure ni seyo). Meaning: anyhow; anyway; either way; in any case ~. Kanji form:...,"<table class=""table table-bordered table-sm usage""><tbody><tr><td>いずれにしても</td><td rowspan=""3"">sentence</td></tr><tr><td>いずれにしろ</td></tr><tr><td>いずれにせよ</td></tr></tbody></table>","Example #1いずれにしてもスケジュールは変更できない。hintromajiEnglishいずれにしてもスケジュールはへんこうできない。izure ni shitemo sukejuuru wa henkou dekinai.At any rate, we can't change the schedule.","Example #2リスクは低いが、いずれにしても気を付けるに越したことはない。hintromajiEnglishリスクはひくいが、いずれにしてもきをつけるにこしたことはない。risuku wa hikui ga, izure ni shitemo ki o tsukeru ni koshita koto wa nai.The risk is low, but anyway it's best to be careful.",https://jlptsensei.com/learn-japanese-grammar/%e3%81%84%e3%81%9a%e3%82%8c%e3%81%ab%e3%81%97%e3%81%a6%e3%82%82-%e3%81%84%e3%81%9a%e3%82%8c%e3%81%ab%e3%81%9b%e3%82%88-izure-ni-shitemo-meaning/
jimita,じみた,to become; to appear like; to look like; tainted with ~,<em>(no usage table)</em>,,,https://jlptsensei.com/learn-japanese-grammar/%e3%81%98%e3%81%bf%e3%81%9f-jimita-meaning/
ka ina ka,か否か（かいなか）,Learn Japanese grammar: 【かいなか】(ka ina ka). Meaning: whether or not ~.,"<table class=""table table-bordered table-sm usage""><tbody><tr><td>Verb (casual)</td><td rowspan=""4"">か否か</td></tr><tr><td>Noun + である</td></tr><tr><td>な-adjective + である</td></tr><tr><td>い-adjective</td></tr></tbody></table>",Example #1私にはそれが真実か否かが分からない。hintromajiEnglishわたしにはそれがじじつかいなかがわからない。watashi ni wa sore ga shinjitsu ka ina ka ga wakaranai.I don't know whether that is true or not.,"Example #2彼が成功するか否かは、彼の努力次第だ。hintromajiEnglishかれがせいこうするかいなかは、かれのどりょくしだいだ。kare ga seikou suru ka ina ka wa, kare no doryoku shidai da.Whether he succeeds or not depends on his efforts.",https://jlptsensei.com/learn-japanese-grammar/%e3%81%8b%e5%90%a6%e3%81%8b-%e3%81%8b%e3%81%84%e3%81%aa%e3%81%8b-ka-ina-ka-meaning/
ka to omoikiya,かと思いきや（かとおもいきや）,"Learn Japanese grammar: 【かとおもいきや】(ka to omoikiya). Meaning: contrary to expectations; or so we thought, but ~.","<table class=""table table-bordered table-sm usage""><tbody><tr><td>Verb (casual form)</td><td rowspan=""4"">（か）と思いきや</td></tr><tr><td>Noun + (だ)</td></tr><tr><td>な-adjective + (だ)</td></tr><tr><td>い-adjective + い</td></tr></tbody></table>","Example #1今日は一日中晴れると思いきや、午後からざあざあ降りになった。hintromajiEnglishきょうはいちにちじゅうはれるとおもいきや、ごごからざあざあふりになった。kyou wa ichinichijuu hareru to omoikiya, gogo kara zaazaa furi ni natta.I thought it would be sunny all day today, but it started to rain in the afternoon.","Example #2この映画はホラーかと思いきや、実はコメディ映画だった。hintromajiEnglishこのえいがはホラーかとおもいきや、じつはコメディえいがだった。kono eiga wa horaa ka to omoikiya, jitsu wa komedi eiga datta.I thought this movie was a horror movie, but it was actually a comedy movie.",https://jlptsensei.com/learn-japanese-grammar/%e3%81%8b%e3%81%a8%e6%80%9d%e3%81%84%e3%81%8d%e3%82%84-%e3%81%8b%e3%81%a8%e3%81%8a%e3%82%82%e3%81%84%e3%81%8d%e3%82%84-to-omoikiya-meaning/
kagiri da,限りだ（かぎりだ）,to feel strongly,<em>(no usage table)</em>,,,https://jlptsensei.com/learn-japanese-grammar/%e9%99%90%e3%82%8a%e3%81%a0-kagiri-da-meaning/
kai mo naku,甲斐もなく（かいもなく）,Learn Japanese grammar: 【かいもなく】(kai mo naku). Meaning: despite; even though ~. I tried hard / hard but unfortunately ~. Related to .,"<table class=""table table-bordered table-sm usage""><tbody><tr><td>Verb (casual, past)<br/>Verb (ます stem)</td><td rowspan=""2"">かいもなく</td></tr><tr><td>Noun + の<br/>(must be する verb noun)</td></tr></tbody></table>","Example #1待ったかいもなく、彼はとうとう帰ってこなかった。hintromajiEnglishまったかいもなく、かれはとうとうかえってこなかった。matta kai mo naku, kare wa toutou kaette konakatta.Even though I waited, he didn’t return.","Example #2毎日運動したかいもなく、あまり痩せなかった。hintromajiEnglishまいにちうんどうしたかいもなく、あまりやせなかった。mainichi undou shita kai mo naku, amari yasenakatta.Even though I’ve been exercising everyday, I didn’t lose much weight.",https://jlptsensei.com/learn-japanese-grammar/%e7%94%b2%e6%96%90%e3%82%82%e3%81%aa%e3%81%8f-%e3%81%8b%e3%81%84%e3%82%82%e3%81%aa%e3%81%8f-kai-mo-naku-meaning/
kanousei ga aru,可能性がある（かのうせいがある）,Learn Japanese grammar: 【かのうせいがある】(kanousei ga aru). Meaning: you may / might; there’s a possibility that ~.,"<table class=""table table-bordered table-sm usage""><tbody><tr><td>verb (casual)</td><td rowspan=""2"">可能性がある</td></tr><tr><td>Noun + の</td></tr></tbody></table>","Example #1これをいっぱい食べたら、病気の可能性があるよ。hintromajiEnglishこれをいっぱいたべたら、びょうきのかのうせいがあるよ。kore o ippai tabetara, byouki no kanousei ga aru yo.If you eat a lot of this, you may get sick.",Example #2その犬は暴れる可能性がある。hintromajiEnglishそのいぬはあばれるかのうせいがある。sono inu wa abareru kanousei ga aru.There is a possibility that the dog will be violent.,https://jlptsensei.com/learn-japanese-grammar/%e5%8f%af%e8%83%bd%e6%80%a7%e3%81%8c%e3%81%82%e3%82%8b-%e3%81%8b%e3%81%ae%e3%81%86%e3%81%9b%e3%81%84%e3%81%8c%e3%81%82%e3%82%8b-kanousei-ga-aru-meaning/
kara aru / kara suru / kara no,からある / からする / からの,at least; as much as; as many as ~,<em>(no usage table)</em>,,,https://jlptsensei.com/learn-japanese-grammar/%e3%81%8b%e3%82%89%e3%81%82%e3%82%8b-kara-aru-%e3%81%8b%e3%82%89%e3%81%99%e3%82%8b-kara-suru-%e3%81%8b%e3%82%89%e3%81%ae-kara-no-meaning/
kare~kare,かれ～かれ,sooner or later; more or less,<em>(no usage table)</em>,,,https://jlptsensei.com/learn-japanese-grammar/%e3%81%8b%e3%82%8c%ef%bd%9e%e3%81%8b%e3%82%8c-kare-kare-meaning/
katagata,かたがた,Learn Japanese grammar: (katagata). Meaning: while; at the same time; incidentally; for the purpose of ~. This is a very polite expression mainly used in...,"<table class=""table table-bordered table-sm usage""><tbody><tr><td>Noun</td><td>かたがた</td></tr></tbody></table>",Example #1本日はお礼かたがたお伺いました。hintromajiEnglishほんじつはおれいかたがたおうかがいました。honjitsu wa orei katagata o ukagaimashita.I came today to show my gratitude.,"Example #2近くまで来ましたので、ご挨拶かたがたお伺いしました。hintromajiEnglishちかくまできましたので、ごあいさつかたがたおうかがいしました。chikaku made kimashita node, go aisatsu katagata o ukagai shimashita.I was nearby and so I came to visit.",https://jlptsensei.com/learn-japanese-grammar/%e3%81%8b%e3%81%9f%e3%81%8c%e3%81%9f-katagata-meaning/
katawara,かたわら,while; besides; at the same time; in addition,<em>(no usage table)</em>,,,https://jlptsensei.com/learn-japanese-grammar/%e3%81%8b%e3%81%9f%e3%82%8f%e3%82%89-katawara-meaning/
katsute,かつて,once; before; formerly; ever; former; ex-,<em>(no usage table)</em>,,,https://jlptsensei.com/learn-japanese-grammar/%e3%81%8b%e3%81%a4%e3%81%a6-katsute-meaning/
kirai ga aru,嫌いがある（きらいがある）,bad habit; to have a tendency to ~,<em>(no usage table)</em>,,,https://jlptsensei.com/learn-japanese-grammar/%e5%ab%8c%e3%81%84%e3%81%8c%e3%81%82%e3%82%8b-%e3%81%8d%e3%82%89%e3%81%84%e3%81%8c%e3%81%82%e3%82%8b-kirai-ga-aru-meaning/
kiri ga nai,切りがない（きりがない）,endless; boundless; going on forever​; there’s no end to ~,<em>(no usage table)</em>,,,https://jlptsensei.com/learn-japanese-grammar/%e5%88%87%e3%82%8a%e3%81%8c%e3%81%aa%e3%81%84-%e3%81%8d%e3%82%8a%e3%81%8c%e3%81%aa%e3%81%84-kiri-ga-nai-meaning/
kitte no,きっての,"Learn Japanese grammar: (kitte no). Meaning: the most … of all (in team, department, class, etc.); the greatest … in. This is used when you...","<table class=""table table-bordered table-sm usage""><tbody><tr><td>Noun</td><td>きっての</td><td>Noun</td></tr></tbody></table>",Example #1彼はうちの大学きっての秀才だ。hintromajiEnglishかれはうちのだいがくきってのしゅうさいだ。kare wa uchi no daigaku kitte no shuusai da.He is the most talented person in our university.,Example #2彼女はこの会社きっての美人です。hintromajiEnglishかのじょはこのかいしゃきってのびじんです。kanojo wa kono kaisha kitte no bijin desu.She is the most beautiful woman in this company.,https://jlptsensei.com/learn-japanese-grammar/%e3%81%8d%e3%81%a3%e3%81%a6%e3%81%ae-kitte-no-meaning/
kiwamaru / kiwamarinai,極まる / 極まりない（きわまる / きわまりない）,"Learn Japanese grammar: 【きわまる / きわまりない】(kiwamaru / kiwamarinai). Meaning: extremely; very ~. 「極まる」and 「極まりない」have the same meaning, but 「極まりない」 is more frequently used.","<table class=""table table-bordered table-sm usage""><tbody><tr><td>な-adjective + <s>な</s></td><td>極まる</td></tr><tr><td>な-adjective + (なこと)</td><td rowspan=""2"">極まりない</td></tr><tr><td>い-adjective + いこと</td></tr></tbody></table>",Example #1彼の態度は失礼極まる。hintromajiEnglishかれのたいどはしつれいきわまる。kare no taido wa shitsurei kiwamaru.His attitude is extremely rude.,Example #2その景色は美しいこと極まりないものだった。hintromajiEnglishそのけしきはうつくしいこときわまりないものだった。sono keshiki wa utsukushii koto kiwamarinai mono datta.That scenery was extremely beautiful.,https://jlptsensei.com/learn-japanese-grammar/%e6%a5%b5%e3%81%be%e3%82%8b-%e6%a5%b5%e3%81%be%e3%82%8a%e3%81%aa%e3%81%84-kiwamaru-kiwamarinai-meaning/
koso are,こそあれ,although; even though ~,<em>(no usage table)</em>,,,https://jlptsensei.com/learn-japanese-grammar/%e3%81%93%e3%81%9d%e3%81%82%e3%82%8c-koso-are-meaning/
koso sure,こそすれ,"Learn Japanese grammar: (koso sure). Meaning: and; although; but ~. This pattern is used to strongly emphasize that only the first point is true, the...","<table class=""table table-bordered table-sm usage""><tbody><tr><td>Noun</td><td rowspan=""2"">こそすれ + Point 2</td></tr><tr><td>Verb <s>ます</s> (stem form)</td></tr></tbody></table>","Example #1勝ちこそすれ決して負けません。hintromajiEnglishかちこそすれけっしてまけません。kachi koso sure kesshite makemasen.I may win, but I shall never lose.","Example #2白髪は普通増えこそすれ、減ることはない。hintromajiEnglishしらがはふつうふえこそすれ、へることはない。shiraga wa futsuu fue koso sure, heru koto wa nai.Gray hair never decreases, it only increases.",https://jlptsensei.com/learn-japanese-grammar/%e3%81%93%e3%81%9d%e3%81%99%e3%82%8c-koso-sure-meaning/
koso~ga/keredo,こそ「～が・けれど」,Learn Japanese grammar: (koso ga/keredo). Meaning: but; although (emphasis).,"<table class=""table table-bordered table-sm usage""><tbody><tr><td rowspan=""2"">Noun + こそ</td><td>～が…</td></tr><tr><td>～けれど…</td></tr></tbody></table>","Example #1この生徒は字こそ汚いが、いい文章を書く。hintromajiEnglishこのせいとはじこそきたないが、いいぶんしょうをかく。kono seito wa ji koso kitanai ga, ii bunshou o kaku.This student's handwriting is difficult to read, but their story is good.","Example #2あの男は有名な大学こそ通学するが、実は何も知らないよ。hintromajiEnglishあのおとこはゆうめいなだいがくこそつうがくするが、じつはなにもしらないよ。ano otoko wa yuumei na daigaku koso tsuugaku suru ga, jitsu wa nani mo shiranai yo.That guy goes to a famous university, but he doesn't really know anything.",https://jlptsensei.com/learn-japanese-grammar/%e3%81%93%e3%81%9d%ef%bd%9e%e3%81%8c%ef%bd%9e%e3%81%91%e3%82%8c%e3%81%a9-koso-ga-keredo-meaning/
koto gotoku,ことごとく,Learn Japanese grammar: (koto gotoku). Meaning: altogether; entirely; completely ~. Kanji forms: 「悉く」＆「尽く」.,"<table class=""table table-bordered table-sm usage""><tbody><tr><td>ことごとく</td><td>Verb<br/>Adjective (limited)</td></tr></tbody></table>",Example #1生徒はことごとく知っている。hintromajiEnglishせいとはことごとくしっている。seito wa koto gotoku shitteiru.I know each and every student.,Example #2本の内容はことごとく新しい。hintromajiEnglishほんのないようはことごとくあたらしい。hon no naiyou wa koto gotoku atarashii.The contents of the book are entirely new.,https://jlptsensei.com/learn-japanese-grammar/%e6%82%89%e3%81%8f-%e3%81%93%e3%81%a8%e3%81%94%e3%81%a8%e3%81%8f-koto-gotoku-meaning/
koto kono ue nai / kono ue nai / kono ue naku,ことこの上ない / この上ない / この上なく（ことこのうえない / このうえない / このうえなく）,Learn Japanese grammar: 【ことこのうえない / このうえない / このうえなく】(koto kono ue nai / kono ue nai / kono ue naku). Meaning: the most of all; the...,"<table class=""table table-bordered table-sm usage""><tbody><tr><td>この上ない</td><td>Noun</td></tr><tr><td>この上なく</td><td>な-adjective<br/>い-adjective</td></tr><tr><td>な-adjective + な/である</td><td rowspan=""2"">ことこの上ない</td></tr><tr><td>い-adjective + い</td></tr></tbody></table>",Example #1この上なく幸せだ。hintromajiEnglishこのうえなくしあわせだ。kono ue naku shiawase da.I have never been happier.,Example #2私はそれがこの上なく好きです。hintromajiEnglishわたしはそれがこのうえなくすきです。watashi wa sore ga kono ue naku suki desu.I like that the most.,https://jlptsensei.com/learn-japanese-grammar/%e3%81%93%e3%81%a8%e3%81%93%e3%81%ae%e4%b8%8a%e3%81%aa%e3%81%84-%e3%81%93%e3%81%ae%e4%b8%8a%e3%81%aa%e3%81%84-%e3%81%93%e3%81%ae%e4%b8%8a%e3%81%aa%e3%81%8f-koto-no-ue-naku-meaning/
koto mo atte,こともあって,Learn Japanese grammar: (koto mo atte). Meaning: partly because; also because of; plus the reason for ~.,"<table class=""table table-bordered table-sm usage""><tbody><tr><td>Verb (casual)</td><td rowspan=""4"">こともあって</td></tr><tr><td>Noun + という</td></tr><tr><td>な-adjective</td></tr><tr><td>い-adjective</td></tr></tbody></table>","Example #1今日は天気がいいこともあって、公園にたくさん人が来ている。hintromajiEnglishきょうはてんきがいいこともあって、こうえんにたくさんひとがきている。kyou wa tenki ga ii koto mo atte, kouen ni takusan hito ga kite iru.Many people are coming to the park today, partly because of the good weather.","Example #2ちょうど受験前ということもあって、息子はピリピリしている。hintromajiEnglishちょうどじゅけんまえということもあって、むすこはピリピリしている。choudo juken mae toiu koto mo atte, musuko wa piripiri shite iru.Partly because the exam is coming up, my son is very nervous.",https://jlptsensei.com/learn-japanese-grammar/%e3%81%93%e3%81%a8%e3%82%82%e3%81%82%e3%81%a3%e3%81%a6-koto-mo-atte-meaning/
koto nashi ni,ことなしに,"Learn Japanese grammar: (koto nashi ni). Meaning: without doing something. To use with a noun, instead use without ~.","<table class=""table table-bordered table-sm usage""><tbody><tr><td>Verb (dictionary form)</td><td>ことなしに（は）</td></tr></tbody></table>",Example #1今日は朝食を食べることなしに学校へ行った 。hintromajiEnglishきょうはちょうしょくをたべることなしにがっこうへいった。kyou wa choushoku o taberu koto nashi ni gakkou e itta.I went to school without eating breakfast.,Example #2努力することなしにN１に合格はできない。hintromajiEnglishどりょくすることなしにN1にごうかくはできない。doryoku suru koto nashi ni N1 ni goukaku wa dekinai.One cannot pass the N1 without putting in the hard work.,https://jlptsensei.com/learn-japanese-grammar/%e3%81%93%e3%81%a8%e3%81%aa%e3%81%97%e3%81%ab-koto-nashi-ni-meaning/
koto no nai you ni,ことのないように,Learn Japanese grammar: (koto no nai you ni / koto ga nai you ni). Meaning: so as not to; to not ~.,"<table class=""table table-bordered table-sm usage""><tbody><tr><td>Verb (dictionary form)</td><td>ことのないよう（に）<br/>ことがないよう（に）</td></tr></tbody></table>","Example #1道に迷うことのないように、グーグルマップで場所を確かめておいた。hintromajiEnglishみちにまようことのないように、グーグルマップでばしょをたしかめておいた。michi ni mayou koto no nai you ni, guuguru mappu de basho o tashikamete oita.In order to not get lost, I checked the location on Google Maps.",Example #2読書で目を使い過ぎることのないようにしなさい。hintromajiEnglishどくしょでめをつかいすぎることのないようにしなさい。dokusho de me o tsukai sugiru koto no nai you ni shinasai.Make sure you don't overwork your eyes by reading too much.,https://jlptsensei.com/learn-japanese-grammar/%e3%81%93%e3%81%a8%e3%81%ae%e3%81%aa%e3%81%84%e3%82%88%e3%81%86%e3%81%ab-koto-no-nai-you-ni-meaning/
koto tote,こととて,because; since ~,<em>(no usage table)</em>,,,https://jlptsensei.com/learn-japanese-grammar/%e3%81%93%e3%81%a8%e3%81%a8%e3%81%a6-koto-tote-meaning/
kurai nara,くらいなら,Learn Japanese grammar: (kurai nara) & (gurai nara). Meaning: rather than (do …)​. It expresses that something is bad enough to the point that some...,"<table class=""table table-bordered table-sm usage""><tbody><tr><td>Verb (dictionary form)</td><td>くらいなら<br/>ぐらいなら</td></tr></tbody></table>","Example #1そんなことをするくらいなら、死んだほうがましだ。hintromajiEnglishそんなことをするくらいなら、しんだほうがましだ。sonna koto o suru kurai nara, shinda hou ga mashi da.I'd rather die than do that.","Example #2あんな嫌な人と一緒に働かなくちゃいけないくらいなら、私は会社を辞める。hintromajiEnglishあんないやなひとといしょにはたらかなくちゃいけないくらいなら、わたしはかいしゃをやめる。anna iya na hito to issho ni hatarakanakucha ikenai kurai nara, watashi wa kaisha o yameru.If I had to work with such an unpleasant person, I'd rather quit my job.",https://jlptsensei.com/learn-japanese-grammar/%e3%81%8f%e3%82%89%e3%81%84%e3%81%aa%e3%82%89-kurai-nara-meaning/
kurai no mono da,くらいのものだ,"Meaning: only. Learn Japanese Grammar 日本語文法 - JLPT N1 - くらいのものだ / ぐらいなものだ (kurai no mono da / gurai na mono da). Study how to use with examples, translations, and vocabulary lists.","<table class=""table table-bordered table-sm usage""><tbody><tr><td>Noun</td><td>くらい<br/>ぐらい</td><td>のものだ<br/>なものだ</td></tr></tbody></table>","Example #1息子が電話をよこすのは、お金に困った時ぐらいのものだ。hintromajiEnglishむすこがでんわをよこすのは、おかねにこまったときぐらいのものだ。musuko ga denwa o yokosu no wa, okane ni komatta toki gurai no mono da.My son only calls me when he needs money.",Example #2そんな事をするのは君くらいのものだ。hintromajiEnglishそんなことをするのはきみくらいのものだ。sonna koto o suru no wa kimi kurai no mono da.No one but you would do such a thing.,https://jlptsensei.com/learn-japanese-grammar/%e3%81%8f%e3%82%89%e3%81%84%e3%81%ae%e3%82%82%e3%81%ae%e3%81%a0-%e3%81%90%e3%82%89%e3%81%84%e3%81%ae%e3%82%82%e3%81%ae%e3%81%a0-kurai-no-mono-da-meaning/
made da / made no koto da,までだ / までのことだ,Learn Japanese grammar: (made da / made no koto da). Meaning: only; just; nothing else.,"<table class=""table table-bordered table-sm usage""><tbody><tr><td>Verb (casual)</td><td>まで（のこと）だ</td></tr><tr><td>それ</td><td rowspan=""2"">までだ</td></tr><tr><td>これ</td></tr></tbody></table>",Example #1ちょっと聞いてみたまでだ。hintromajiEnglishちょっときいてみたまでだ。chotto kiite mita made da.I just wanted to ask (there's nothing else to it),"Example #2この値段まで安くしてくれないなら、今回の契約をキャンセルするまでのことだ。hintromajiEnglishこのねだんまでやすくしてくれないなら、こんかいのけいやくをキャンセルするまでのことだ。kono nedan made yasuku shite kurenai nara, konkai no keiyaku o kyanseru suru made no koto da.If you won't lower the price, then I will just cancel the next contract.",https://jlptsensei.com/learn-japanese-grammar/%e3%81%be%e3%81%a7%e3%81%a0-%e3%81%be%e3%81%a7%e3%81%ae%e3%81%93%e3%81%a8%e3%81%a0-made-da-made-no-koto-da-meaning/
made mo nai / made mo naku,までもない / までもなく,Learn Japanese grammar: (made mo nai / made mo naku). Meaning: there’s no need to; it’s not necessary to ~. This includes the speakers feeling...,"<table class=""table table-bordered table-sm usage""><tbody><tr><td>Verb (dictionary form)</td><td>までもない<br/>までもなく</td></tr></tbody></table>",Example #1それは問題にするまでもないことだ。hintromajiEnglishそれはもんだいにするまでもないことだ。sore wa mondai suru made mo nai koto da.This is not even a problem worth mentioning.,"Example #2アメリカが広いということは、言うまでもない。hintromajiEnglishアメリカがひろいということは、いうまでもない。amerika ga hiroi to iu koto wa, iu made mo nai.It goes without saying that America is a very large country.",https://jlptsensei.com/learn-japanese-grammar/%e3%81%be%e3%81%a7%e3%82%82%e3%81%aa%e3%81%84-%e3%81%be%e3%81%a7%e3%82%82%e3%81%aa%e3%81%8f-made-mo-nai-made-mo-naku-meaning/
majiki,まじき,Learn Japanese grammar: (majiki). Meaning: should not; must not ~.,"<table class=""table table-bordered table-sm usage""><tbody><tr><td>Verb (dictionary form)</td><td rowspan=""2"">まじき</td></tr><tr><td>Noun + にある/としてある</td></tr></tbody></table>","Example #1生徒に暴力を振るなんて、先生としてあるまじき行為だ。hintromajiEnglishせいとにぼうりょくをふるなんて、せんせいとしてあるまじきこういだ。seito ni bouryoku o furu nante, sensei to shite aru majiki koui da.Violence against students is something a teacher absolutely should not do",Example #2他の人の案を盗むなんて許すまじきことだ。hintromajiEnglishほかのひとのあんをぬすむなんてゆるすまじきことだ。hoka no hito no an o nusumu nante yurusu majiki koto da.Stealing someone else's ideas is an unforgivable behavior.,https://jlptsensei.com/learn-japanese-grammar/%e3%81%be%e3%81%98%e3%81%8d-majiki-meaning/
makuru,まくる,Learn Japanese grammar: (makuru). Meaning: to do over and over again; to do relentlessly; non-stop; constantly; keep doing. Can be freely conjugated like a normal...,"<table class=""table table-bordered table-sm usage""><tbody><tr><td>Verb (ます stem) <s>ます</s></td><td>まくる</td></tr></tbody></table>","Example #1彼は日曜日なのに仕事をしまくっていた。hintromajiEnglishかれはにちようびなのにしごとをしまくっていた。kare wa nichiyoubi na noni shigoto o shi makutte ita.Even though it's Sunday, he just keeps working nonstop.",Example #2漢字を書きまくって覚える。hintromajiEnglishかんじをかきまくっておぼえる。kanji o kaki makutte oboeru.To memorize kanji by just writing them repeatedly.,https://jlptsensei.com/learn-japanese-grammar/%e3%81%be%e3%81%8f%e3%82%8b-%e3%81%be%e3%81%8f%e3%81%a3%e3%81%a6-makuru-makutte-meaning/
mamire,まみれ,"Learn Japanese grammar: (mamire). Meaning: covered with; stained; smeared with ~.​ This grammar point is similar to , that something is ‘covered with’, ‘smeared with’,...","<table class=""table table-bordered table-sm usage""><tbody><tr><td>Noun</td><td>まみれ</td></tr></tbody></table>",Example #1彼は汗まみれだった。hintromajiEnglishかれはあせまみれだった。kare wa ase mamire datta.He was drenched in sweat.,Example #2息子が泥まみれになって帰って来た。hintromajiEnglishむすこがどろまみれになってかえってきた。musuko ga doro mamire ni natte kaette kita.My son came home covered in mud.,https://jlptsensei.com/learn-japanese-grammar/%e3%81%be%e3%81%bf%e3%82%8c-mamire-meaning/
marukkiri,まるっきり,completely; absolutely; totally; (not) at all​ ~,<em>(no usage table)</em>,,,https://jlptsensei.com/learn-japanese-grammar/%e4%b8%b8%e3%81%a3%e3%81%8d%e3%82%8a-%e3%81%be%e3%82%8b%e3%81%a3%e3%81%8d%e3%82%8a-marukkiri-meaning/
meku,めく,Learn Japanese grammar: (meku). Meaning: seems; show signs of; to have the appearance of ~.,"<table class=""table table-bordered table-sm usage""><tbody><tr><td>Noun</td><td>めく<br/>めいて<br/>めいた</td></tr></tbody></table>","Example #1暑くなって、ずいぶん夏めいてきましたね。hintromajiEnglishあつくなって、ずいぶんなつめいてきましたね。atsuku natte, zuibun natsu meite kimashita ne.The weather is getting hotter, it seems that summer is here.","Example #2あの人はもう二十歳なのに、子供めいた行動がよくします。hintromajiEnglishあのひとはもうはたちなのに、こどもめいたこうどうがよくします。ano hito wa mou hatachi na noni, kodomo meita koudou ga yoku shimasu.Even though he is 20 years old, he often behaves like a child.",https://jlptsensei.com/learn-japanese-grammar/%e3%82%81%e3%81%8f-meku-meaning/
mo douzen da,も同然だ（もどうぜんだ）,just like; same as ~,<em>(no usage table)</em>,,,https://jlptsensei.com/learn-japanese-grammar/%e3%82%82%e5%90%8c%e7%84%b6%e3%81%a0-mo-douzen-da-meaning/
mo saru koto nagara,もさることながら,"one may well say so, but~; not only... but also ~",<em>(no usage table)</em>,,,https://jlptsensei.com/learn-japanese-grammar/%e3%82%82%e3%81%95%e3%82%8b%e3%81%93%e3%81%a8%e3%81%aa%e3%81%8c%e3%82%89-mo-saru-koto-nagara-meaning/
mo shinai de,もしないで,without even doing ~,<em>(no usage table)</em>,,,https://jlptsensei.com/learn-japanese-grammar/%e3%82%82%e3%81%97%e3%81%aa%e3%81%84%e3%81%a7-mo-shinai-de-meaning/
mohaya,もはや,already; now; no longer; not anymore,<em>(no usage table)</em>,,,https://jlptsensei.com/learn-japanese-grammar/%e6%9c%80%e6%97%a9-%e3%82%82%e3%81%af%e3%82%84-mohaya-meaning/
mono de,もので,because; for that reason,<em>(no usage table)</em>,,,https://jlptsensei.com/learn-japanese-grammar/%e3%82%82%e3%81%ae%e3%81%a7-mono-de-meaning/
mono o,ものを,Learn Japanese grammar: (mono o). Meaning: if only; I wish; I’m sorry it’s not actually (regret). This is used to describe a hypotheses / possibilities...,"<table class=""table table-bordered table-sm usage""><tbody><tr><td>Verb (casual)</td><td rowspan=""3"">ものを</td></tr><tr><td>な-adjective</td></tr><tr><td>い-adjective + い</td></tr></tbody></table>","Example #1お金が無いなら、言ってくれたらよかったものを。hintromajiEnglishおかねがないなら、いってくれたらよかったものを。okane ga nai nara, itte kuretara yokatta mono o.I wish you had told me you didn't have any money.",Example #2ちょっと知らせてくれたらいいものを。hintromajiEnglishちょっとしらせてくれたらいいものを。chotto shirasete kuretara ii mono o.I wish you had notified me.,https://jlptsensei.com/learn-japanese-grammar/%e3%82%82%e3%81%ae%e3%82%92-mono-o-meaning/
mono to omowareru / mono to mirareru,ものと思われる / ものと見られる（ものとおもわれる / ものとみられる）,Learn Japanese grammar: 【ものとおもわれる / ものとみられる】(mono to omowareru / mono to mirareru). Meaning: to think; to suppose; it is believed/expected that ~.,"<table class=""table table-bordered table-sm usage""><tbody><tr><td>Verb (casual)</td><td rowspan=""4"">（もの）と思われる<br/>（もの）と見られる</td></tr><tr><td>Noun +（だ）</td></tr><tr><td>な-adjective</td></tr><tr><td>い-adjective + い</td></tr></tbody></table>",Example #1この店のパスタは冷凍したものと思われる。hintromajiEnglishこのみせのパスタはれいとうしたものとおもわれる。kono mise no pasuta wa reitou shita mono to omowareru.The pasta in this shop is supposedly frozen.,Example #2日本の少子化問題はさらに進むと見られている。hintromajiEnglishにほんのしょうしかもんだいはさらにすすむとみられている。nihon no shoushika mondai wa sarani susumu to mirarete iru.The problem of Japan's declining birthrate is expected to go further.,https://jlptsensei.com/learn-japanese-grammar/%e3%82%82%e3%81%ae%e3%81%a8%e6%80%9d%e3%82%8f%e3%82%8c%e3%82%8b-%e3%82%82%e3%81%ae%e3%81%a8%e8%a6%8b%e3%82%89%e3%82%8c%e3%82%8b-mono-to-omowareru-meaning/
mono to suru,ものとする,Learn Japanese grammar: (mono to suru). Meaning: shall; to assume; understood as ~. This is often used in legal documents to express rules or conditions....,"<table class=""table table-bordered table-sm usage""><tbody><tr><td>Verb (casual form)</td><td>ものとする</td></tr></tbody></table>",Example #1第５条議長は全会議を主宰するものとする。hintromajiEnglishだい５じょうぎちょうはぜんかいぎをしゅさいするものとする。dai 5 jou gichou wa zenkaigi o shusai suru mono to suru.Article 5. The president shall preside at all meetings.,"Example #2科料は2万円を超えないものとする。hintromajiEnglishかりょうは２まんえんをこえないものとする。karyou wa 2 man en o koenai mono to suru.The fine shall not exceed 20,000 yen.",https://jlptsensei.com/learn-japanese-grammar/%e3%82%82%e3%81%ae%e3%81%a8%e3%81%99%e3%82%8b-mono-to-suru-meaning/
mono toshite,ものとして,to assume; to suppose; on the presumption that ~,<em>(no usage table)</em>,,,https://jlptsensei.com/learn-japanese-grammar/%e3%82%82%e3%81%ae%e3%81%a8%e3%81%97%e3%81%a6-mono-toshite-meaning/
moshikuwa,もしくは,or; otherwise,<em>(no usage table)</em>,,,https://jlptsensei.com/learn-japanese-grammar/%e3%82%82%e3%81%97%e3%81%8f%e3%81%af-moshikuwa-meaning/
n bakari ni,んばかりに,Learn Japanese grammar: (n bakari ni). Meaning: as if; as though ~.,"<table class=""table table-bordered table-sm usage""><tbody><tr><td>Verb (ない root) <s>ない</s></td><td>んばかり（に）<br/>んばかりの + Noun</td></tr><tr><td colspan=""2"">Exception : しない -&gt; せん</td></tr></tbody></table>",Example #1川の水が溢れんばかりになっている。hintromajiEnglishかわのみずがあふれんばかりになっている。kawa no mizu ga afuren bakari ni natte iru.The river is about to flood.,"Example #2彼女は泣き出さんばかりの顔をして、私に助けを求めてきた。hintromajiEnglishかのじょはなきださんばかりのかおをして、わたしにたすけをもとめてきた。kanojo wa naki dasan bakari no kao o shite, watashi ni tasuke o motomete kita.She came to me for help looking as though she was about to cry.",https://jlptsensei.com/learn-japanese-grammar/%e3%82%93%e3%81%b0%e3%81%8b%e3%82%8a%e3%81%ab-n-bakari-ni-meaning/
n ga tame ni,んがために,Learn Japanese grammar: (n ga tame ni). Meaning: in order to ~.,"<table class=""table table-bordered table-sm usage""><tbody><tr><td>Verb (ない root) <s>ない</s></td><td>んがため（に）<br/>んがための + Noun</td></tr><tr><td colspan=""2"">Exception : しない -&gt; せん</td></tr></tbody></table>","Example #1一人の青年がおぼれている子供を救わんがために、川に飛び込んだ。hintromajiEnglish一人の青年がおぼれている子供を救わんがために、川に飛び込んだ。hitori no seinen ga oborete iru kodomo o sukuwan ga tame ni, kawa ni tobikonda.A young man jumped into a river in order to save a drowning child.","Example #2来年、自分のレストランを開店せんがために、今一生懸命お金をためている。hintromajiEnglishらいねん、じぶんのレストランをかいてんせんがために、いまいっしょうけんめいおかねをためている。rainen, jibun no resutoran o kaiten senga tame ni, ima isshoukenmei okane o tamete iru.I'm doing my best to save money now in order to open my own restaurant next year.",https://jlptsensei.com/learn-japanese-grammar/%e3%82%93%e3%81%8c%e3%81%9f%e3%82%81%e3%81%ab-n-ga-tame-ni-meaning/
nagara ni / nagara no,ながらに / ながらの,while; during; without change; performed in this condition,<em>(no usage table)</em>,,,https://jlptsensei.com/learn-japanese-grammar/%e3%81%aa%e3%81%8c%e3%82%89%e3%81%ab-%e3%81%aa%e3%81%8c%e3%82%89%e3%81%ae-nagara-ni-nagara-no-meaning/
nai made mo,ないまでも,Learn Japanese grammar: (nai made mo). Meaning: not to say; although it does not reach the level of ~.,"<table class=""table table-bordered table-sm usage""><tbody><tr><td>Verb (ない form)</td><td>までも</td></tr></tbody></table>","Example #1暑いと言わないまでも、暖かい。hintromajiEnglishあついといわないまでも、あたたかい。atsui to iwanai made mo, atatakai.It's not enough to say it's hot, but it is warm.","Example #2彼女はけちとは言わないまでも、とてもつましい。hintromajiEnglishかのじょはけちとはいわないまでも、とてもつましい。kanojo wa kechi to wa iwanai made mo, totemo tsumashii.She is very frugal, not to say stingy.",https://jlptsensei.com/learn-japanese-grammar/%e3%81%aa%e3%81%84%e3%81%be%e3%81%a7%e3%82%82-nai-made-mo-meaning/
nai mono demo nai,ないものでもない,Learn Japanese grammar: (nai mono demo nai). Meaning: is not entirely impossible. This is used to say that something isn’t entirely impossible and depending on...,"<table class=""table table-bordered table-sm usage""><tbody><tr><td>Verb (ない form)</td><td>（もの）でもない</td></tr></tbody></table>","Example #1あなたが本気で勉強すれば、半年でN1合格をできないものでもない。hintromajiEnglishあなたがほんきでべんきょうすれば、はんとしでN1ごうかくをできないものでもない。anata ga honki de benkyou sureba, hantoshi de N1 goukaku o dekinai mono demo nai.If you study hard, it's not impossible to pass N1 in half a year.","Example #2今すぐに家を出れば、コンサートに間に合わないものでもない。hintromajiEnglishいますぐにいえをでれば、コンサートにまにあわないものでもない。ima sugu ni ie o dereba, konsaato ni ma ni awanai mono demo nai.You may be able to make it in time for the concert if you leave the house right now.",https://jlptsensei.com/learn-japanese-grammar/%e3%81%aa%e3%81%84%e3%82%82%e3%81%ae%e3%81%a7%e3%82%82%e3%81%aa%e3%81%84-nai-mono-demo-nai-meaning/
nai mono ka / nai mono darou ka,ないものか / ないものだろうか,Learn Japanese grammar: (nai mono ka / nai mono darou ka). Meaning: isn’t there; can’t we…?; can’t I…?. Similar to “can’t we do something about...,"<table class=""table table-bordered table-sm usage""><tbody><tr><td>Verb (ない form)</td><td>ものか<br/>ものだろうか</td></tr></tbody></table>",Example #1あなたがもう少し分かりやすく話せないものか。hintromajiEnglishあなたがもうすこしわかりやすくはなせないものか。anata ga mousukoshi wakari yasuku hanasenai mono ka.Can't you make it a little easier to understand?,Example #2この橋は早く完成しないものか。hintromajiEnglishこのはしははやくかんせいしないものか。kono hashi wa hayaku kansei shinai mono ka.Can't this bridge be finished soon?,https://jlptsensei.com/learn-japanese-grammar/%e3%81%aa%e3%81%84%e3%82%82%e3%81%ae%e3%81%8b-%e3%81%aa%e3%81%84%e3%82%82%e3%81%ae%e3%81%a0%e3%82%8d%e3%81%86%e3%81%8b-nai-mono-ka-meaning/
nai tomo kagiranai,ないとも限らない（ないともかぎらない）,not necessarily; I can't say that; maybe; might ~,<em>(no usage table)</em>,,,https://jlptsensei.com/learn-japanese-grammar/%e3%81%aa%e3%81%84%e3%81%a8%e3%82%82%e9%99%90%e3%82%89%e3%81%aa%e3%81%84-nai-tomo-kagiranai-meaning/
nakushite wa,なくしては,cannot do without ~,<em>(no usage table)</em>,,,https://jlptsensei.com/learn-japanese-grammar/%e3%81%aa%e3%81%8f%e3%81%97%e3%81%a6%e3%81%af-nakushite-wa-meaning/
nami,並み（なみ）,Learn Japanese grammar: 【なみ】(nami). Meaning: average; ordinary; same level as; equal to; on par with ~. Usage 1) Same level as; equal to プロ並み puro...,"<table class=""table table-bordered table-sm usage""><tbody><tr><td>Usage 1</td><td>Noun + 並み（に）</td></tr><tr><td>Usage 2</td><td>並みの + Noun</td></tr></tbody></table>",Example #1君の料理はプロ並みだ。hintromajiEnglishきみのりょうりはプロなみだ。kimi no ryouri wa puro nami da.Your cooking is like a professional.,Example #2彼女の歌はプロ並みに上手だ。hintromajiEnglishかのじょのうたはプロなみにじょうずだ。kanojo no uta wa puro nami ni jouzu da.Her songs are as good as a professional.,https://jlptsensei.com/learn-japanese-grammar/%e4%b8%a6%e3%81%bf-%e3%81%aa%e3%81%bf-nami-meaning/
nan to iu / nanto / nante,なんという / なんと / なんて,"Learn Japanese grammar: 何という / 何と / 何て【】(nan to iu / nanto / nante). Meaning: how (beautiful, etc.); what a ~. This connects to nouns...","<table class=""table table-bordered table-sm usage""><tbody><tr><td rowspan=""2"">なんという</td><td>Noun</td><td rowspan=""2"">だ / か / だろう<br/>なのだろう<br/>なんだろう</td></tr><tr><td>な-adj</td></tr><tr><td rowspan=""3"">なんと<br/>なんて</td><td>Noun + なん/の</td><td rowspan=""3"">だろう</td></tr><tr><td>な-adj + なん/の</td></tr><tr><td>い-adj + の</td></tr></tbody></table>","Example #1ここからの景色、なんて綺麗なんだろう。hintromajiEnglishここからのけしき、なんてきれいなんだろう。koko kara no keshiki, nante kirei nan darou.What a beautiful view from here!",Example #2彼女は軽く触られても大きく叫んだ。なんという敏感な人だ。hintromajiEnglishかのじょはかるくさわられてもおおきくさけんだ。なんというびんかんなひとだ。kanojo wa karuku sawararete mo ookiku sakenda. nan to iu binkan na hito da.She shouted loudly when touched lightly. What a sensitive person.,https://jlptsensei.com/learn-japanese-grammar/%e3%81%aa%e3%82%93%e3%81%a8%e3%81%84%e3%81%86-%e3%81%aa%e3%82%93%e3%81%a8-%e3%81%aa%e3%82%93%e3%81%a6-nan-to-iu-nanto-nante-meaning/
nani shiro,何しろ（なにしろ）,Learn Japanese grammar: 【なにしろ】(nani shiro). Meaning: at any rate; after all; anyhow; anyway; in any case; because; as you know ~.,"<table class=""table table-bordered table-sm usage""><tbody><tr><td>何しろ</td><td>sentence</td></tr></tbody></table>","Example #1僕はお腹がすいたよ。何しろ朝からご飯を食べていないからね。hintromajiEnglishぼくはおなかがすいたよ。なにしろあさからごはんをたべていないからね。boku wa onaka ga suita yo. nani shiro asa kara gohan o tabetei nai kara ne.I'm hungry. After all, I haven't eaten anything since morning.","Example #2彼女はうまくできなかったが、何しろ初めてのことだったからね。hintromajiEnglishかのじょはうまくできなかったが、なにしろはじめてのことだったからね。kanojo wa umaku dekinakatta ga, nani shiro hajimete no koto datta kara ne.She didn't do well, but anyway that's because that was her first time.",https://jlptsensei.com/learn-japanese-grammar/%e4%bd%95%e3%81%97%e3%82%8d-%e3%81%aa%e3%81%ab%e3%81%97%e3%82%8d-nani-shiro-meaning/
nara dewa,ならでは,Learn Japanese grammar: (nara dewa). Meaning: distinctive of; characteristic of; uniquely applying to; special to ~. 日本ならでは nihon nara dewa Japanese; distinctive of Japan,"<table class=""table table-bordered table-sm usage""><tbody><tr><td>Noun</td><td>ならでは</td></tr></tbody></table>",Example #1納豆は日本ならではの食べ物だ。hintromajiEnglishなっとうはにほんならではのたべものだ。nattou wa nihon nara dewa no tabemono da.Natto is a food distinctive of Japan.,Example #2それはあなたならではの発想です。hintromajiEnglishそれはあなたならではのはっそうです。sore wa anata nara dewa no hassou desu.That is something only you would be able to think of.,https://jlptsensei.com/learn-japanese-grammar/%e3%81%aa%e3%82%89%e3%81%a7%e3%81%af-nara-dewa-meaning/
nara iza shirazu / wa iza shirazu,ならいざしらず / はいざしらず,Learn Japanese grammar: (nara iza shirazu / wa iza shirazu). Meaning: I don’t know about … but; it may be possible for … but ~....,"<table class=""table table-bordered table-sm usage""><tbody><tr><td>Noun</td><td>ならいざしらず<br/>はいざしらず</td></tr></tbody></table>","Example #110年前ならいざ知らず、今時、テレビを持っていない人は珍しいhintromajiEnglish10ねんまえならいざしらず、いまどき、テレビをもっていないひとはめずらしい10 nen mae nara iza shirazu, imadoki, terebi o motteinai hito wa mezurashii.I didn't know about 10 years ago, but today people without a TV are rare.","Example #2他の人ならいざ知らず、私はそんなことができない。hintromajiEnglishほかのひとならいざしらず、わたしはそんなことができない。hoka no hito nara iza shirazu, watashi wa sonna koto ga dekinai.I don't know about others, but I can't do it.",https://jlptsensei.com/learn-japanese-grammar/%e3%81%aa%e3%82%89%e3%81%84%e3%81%96%e3%81%97%e3%82%89%e3%81%9a-%e3%81%af%e3%81%84%e3%81%96%e3%81%97%e3%82%89%e3%81%9a-nara-iza-shirazu-meaning/
nari,なり,"Learn Japanese grammar: (nari). Meaning: as soon as; right after ~. As soon as [A], [B] also happened (almost immediately / simultaneously). 【A】のあとすぐに【B】が起こった。 This grammar...","<table class=""table table-bordered table-sm usage""><tbody><tr><td>Verb (dictionary form)</td><td>なり</td></tr></tbody></table>","Example #1家を出るなり、雨が降りだした。hintromajiEnglishいえをでるなり、あめがふりだした。ie o deru nari, ame ga furidashita.It started raining as soon as I left the house.","Example #2窓を開けるなり、変な虫が入ってきた。hintromajiEnglishまどをあけるなり、へんなむしがはいってきた。mado o akeru nari, henna mushi ga haittekita.As soon as I opened the window, some strange bug entered the room.",https://jlptsensei.com/learn-japanese-grammar/%e3%81%aa%e3%82%8a-nari-meaning/
nari ni / nari no,なりに / なりの,"Learn Japanese grammar: (nari ni) / (nari no). Meaning: suitable; in one’s own way / style. When followed with a noun, なりに changes to なりの.","<table class=""table table-bordered table-sm usage""><tbody><tr><td>Verb</td><td rowspan=""4"">なりに<br/>なりの + Noun</td></tr><tr><td>Noun</td></tr><tr><td>な-adjective</td></tr><tr><td>い-adjective</td></tr></tbody></table>",Example #1初心者なりによくやった。hintromajiEnglishしょしんしゃなりによくやった。shoshinsha nari ni yoku yatta.He did well for a beginner.,"Example #2私なりに頑張ったつもりだったが、結果はダメだった。hintromajiEnglishわたしなりにがんばったつもりだったが、けっかはダメだった。watashi nari ni ganbatta tsumori datta ga, kekka wa dame datta.I planned to give it my best in my own way, but the result was not good.",https://jlptsensei.com/learn-japanese-grammar/%e3%81%aa%e3%82%8a%e3%81%ab-%e3%81%aa%e3%82%8a%e3%81%ae-nari-ni-nari-no-meaning/
nari tomo,なりとも,Learn Japanese grammar: (nari tomo). Meaning: at least; even just a little (adverbial particle).​ This is used to convey a minimum condition that would satisfy...,"<table class=""table table-bordered table-sm usage""><tbody><tr><td>Noun<br/>Adverb</td><td>なりとも</td></tr></tbody></table>",Example #1誰なりとも連れて来い。hintromajiEnglishだれなりともつれてこい。dare nari tomo tsurete koi.Bring anyone you'd like.,"Example #2ちょっとなりとも会いたい。hintromajiEnglishちょっとなりともあいたい。chotto nari tomo aitai.I would like to see him, even if just for a while.",https://jlptsensei.com/learn-japanese-grammar/%e3%81%aa%e3%82%8a%e3%81%a8%e3%82%82-nari-tomo-meaning/
nari~nari,なり～なり,"Learn Japanese grammar: (nari~nari). Meaning: [A] or [B] or~; This is used to express different acceptable options without a preference. [A]なり [B]なり～ [A] is OK,...","<table class=""table table-bordered table-sm usage""><tbody><tr><td>Noun-1</td><td rowspan=""2"">なり</td><td>Noun-2</td><td rowspan=""2"">なり</td></tr><tr><td>Verb-1<br/><small>(dictionary form)</small></td><td>Verb-2<br/><small>(dictionary form)</small></td></tr></tbody></table>","Example #1どうせ暇なら、掃除なり洗濯なりしてくれない？hintromajiEnglishどうせ暇なら、掃除なり洗濯なりしてくれない？douse hima nara, souji nari sentaku nari shite kurenai?Since you have nothing to do, could you please help with the cleaning or laundry?","Example #2メールなり電話なりで、彼女に連絡してください。hintromajiEnglishメールなりでんわなりで、かのじょにれんらくしてください。meeru nari denwa nari de, kanojo ni renraku shite kudasai.Please get in touch with her by e-mail or phone.",https://jlptsensei.com/learn-japanese-grammar/%e3%81%aa%e3%82%8a%ef%bd%9e%e3%81%aa%e3%82%8a-narinari-meaning/
nashi ni / nashi de,なしに / なしで,"Learn Japanese grammar: (nashi ni / nashi de). Meaning: without; without doing ~. When used with a verb, use without doing ~.","<table class=""table table-bordered table-sm usage""><tbody><tr><td>Verb (dictionary form) + こと</td><td rowspan=""2"">なしに（は）<br/>なしで（は）</td></tr><tr><td>Noun</td></tr></tbody></table>",Example #1あなたなしでは生きていけない。hintromajiEnglishあなたなしではいきていけない。anata nashi de wa ikite ikenai.I cannot go on living without you..,Example #2この映画は涙なしに観ることができない。hintromajiEnglishこのえいがはなみだなしにみることができない。kono eiga wa namida nashi ni miru koto ga dekinai.It is not possible to watch this movie without crying.,https://jlptsensei.com/learn-japanese-grammar/%e3%81%aa%e3%81%97%e3%81%ab-%e3%81%aa%e3%81%97%e3%81%a7-nashi-ni-nashi-de-meaning/
ni,に,and; in addition to; the combination of ~,<em>(no usage table)</em>,,,https://jlptsensei.com/learn-japanese-grammar/%e3%81%ab-ni-particle-meaning-and-in-addition/
ni atai suru,に値する（にあたいする）,to be worth; to be worthy of; to deserve; to merit​ ~,<em>(no usage table)</em>,,,https://jlptsensei.com/learn-japanese-grammar/%e3%81%ab%e5%80%a4%e3%81%99%e3%82%8b-%e3%81%ab%e3%81%82%e3%81%9f%e3%81%84%e3%81%99%e3%82%8b-ni-atai-suru-meaning/
ni atte,にあって,Learn Japanese grammar: (ni atte). Meaning: at; on; during; in the condition of ~​.​,"<table class=""table table-bordered table-sm usage""><tbody><tr><td>Noun</td><td>にあって（は / も）</td></tr></tbody></table>",Example #1彼は事故にあって足を折った。hintromajiEnglishかれはじこにあってあしをおった。kare wa jiko ni atte ashi o otta.He had an accident and broke his leg.,Example #2彼は危険にあって勇敢だった。hintromajiEnglishかれはきけんにあってゆうかんだった。kare wa kiken ni atte yuukan datta.He showed bravery in the face of danger.,https://jlptsensei.com/learn-japanese-grammar/%e3%81%ab%e3%81%82%e3%81%a3%e3%81%a6-ni-atte-meaning/
ni hikikae,に引き換え（にひきかえ）,Learn Japanese grammar: 【にひきかえ】(ni hikikae). Meaning: compared to; in contrast to; unlike; while; whereas ~.,"<table class=""table table-bordered table-sm usage""><tbody><tr><td>Verb (dictionary) + の</td><td rowspan=""4"">にひきかえ<br/>にひきかえて</td></tr><tr><td>Noun + （である）</td></tr><tr><td>な-adjective + な/である</td></tr><tr><td>い-adjective</td></tr></tbody></table>","Example #1去年のJLPTにひきかえ、今年のはとても難しかった。hintromajiEnglishきょねんのJLPTにひきかえ、ことしのはとてもむずかしかった。kyonen no JLPT ni hikikae, kotoshi no wa totemo muzukashikatta.This year was very difficult, as opposed to last year's JLPT.","Example #2隣の立派な家にひきかえ、うちの家は古くてみすぼらしい。hintromajiEnglishとなりのりっぱないえにひきかえ、うちのいえはふるくてみすぼらしい。tonari no rippana ie ni hikikae, uchi no ie wa furukute misuborashii.In contrast to the magnificent house next door, our house is old and shabby.",https://jlptsensei.com/learn-japanese-grammar/%e3%81%ab%e5%bc%95%e3%81%8d%e6%8f%9b%e3%81%88-%e3%81%ab%e3%81%b2%e3%81%8d%e3%81%8b%e3%81%88-ni-hikikae-meaning/
ni itaru / ni itatta,に至る / に至った（にいたる / にいたった）,Learn Japanese grammar: 【にいたる / にいたった】(ni itaru / ni itatta). Meaning: leads to; come to a conclusion. There are 2 main meanings: leads to ~...,"<table class=""table table-bordered table-sm usage""><tbody><tr><td>Verb (dictionary form)</td><td rowspan=""2"">に至る<br/>至った<br/>に至らず</td></tr><tr><td>Noun</td></tr></tbody></table>",Example #1この道は公園に至る。hintromajiEnglishこのみちはこうえんにいたる。kono michi wa kouen ni itaru.This road leads to the park.,"Example #2この病気は手術に至らず、薬だけで治った。hintromajiEnglishこのびょうきはしゅじゅつにいたらず、くすりだけでなおった。kono byouki wa shujutsu ni itarazu, kusuri dake de naotta.This disease is not to the point of surgery, one can get better just by taking medicine.",https://jlptsensei.com/learn-japanese-grammar/%e3%81%ab%e8%87%b3%e3%82%8b-%e3%81%ab%e8%87%b3%e3%81%a3%e3%81%9f-%e3%81%84%e3%81%9f%e3%82%8b-%e3%81%84%e3%81%9f%e3%81%a3%e3%81%9f-ni-itaru-ni-itatta-meaning/
ni itaru made,に至るまで（にいたるまで）,Learn Japanese grammar: 【にいたるまで】(ni itaru made). Meaning: as far as; up until; everything from … to ~.,"<table class=""table table-bordered table-sm usage""><tbody><tr><td>Noun</td><td>に至るまで</td></tr></tbody></table>","Example #1会社の面接で、貯金の額に至るまで、いろいろ聞かれた。hintromajiEnglishかいしゃのめんせつで、ちょきんのがくにいたるまで、いろいろきかれた。kaisha no mensetsu de, chokin no gaku ni itaru made, iroiro kikareta.At the job interview, I was asked about many things, even the amount of my savings.","Example #2このアニメは子供から大人に至るまで幅広い層で人気があります。hintromajiEnglishこのアニメはこどもからおとなにいたるまではばひろいそうでにんきがあります。kono anime wa kodomo kara otona ni itaru made habahiroi sou de ninki ga arimasu.This anime is popular with a wide range of people, from children to adults.",https://jlptsensei.com/learn-japanese-grammar/%e3%81%ab%e8%87%b3%e3%82%8b%e3%81%be%e3%81%a7-%e3%81%ab%e3%81%84%e3%81%9f%e3%82%8b%e3%81%be%e3%81%a7-ni-itaru-made-meaning/
ni itattemo,に至っても（にいたっても）,Learn Japanese grammar: 【にいたっても】(ni itattemo). Meaning: even if; even though; although something reached the point ~. Can be shortened to just に至って (ni itatte). This...,"<table class=""table table-bordered table-sm usage""><tbody><tr><td>Verb (dictionary form)</td><td rowspan=""2"">に至って(も)</td></tr><tr><td>Noun</td></tr></tbody></table>","Example #1株価がここまで下落するに至っても彼はまだ売りたくないらしい。hintromajiEnglishかぶかがここまでげらくするにいたってもかれはまだうりたくないらしい。kabuka ga koko made geraku suru ni itatte mo kare wa mada uritakunai rashii.Even though the stock price has dropped to this low, he doesn't seem to want to sell.","Example #2大学を卒業するに至ってもなお、自分のやりたいことが見つかっていない人も多い。hintromajiEnglishだいがくをそつぎょうするにいたってもなお、じぶんのやりたいことがみつかっていないひともおおい。daigaku o sotsugyou suru ni itatte mo nao, jibun no yaritai koto ga mitsukatte inai hito mo ooi.Even after graduating from university, many people still haven't found what they want to do.",https://jlptsensei.com/learn-japanese-grammar/%e3%81%ab%e8%87%b3%e3%81%a3%e3%81%a6%e3%82%82-%e3%81%ab%e3%81%84%e3%81%9f%e3%81%a3%e3%81%a6%e3%82%82-ni-itattemo-meaning/
ni ittate wa,に至っては（にいたっては）,"Learn Japanese grammar: 【にいたっては】(ni ittate wa). Meaning: when it comes to A, even more / already B. In the consequent B, there is a negative...","<table class=""table table-bordered table-sm usage""><tbody><tr><td>Noun</td><td>に至っては</td></tr></tbody></table>","Example #1いつも賛成するの母に至っては今度、僕の計画に反対した。hintromajiEnglishいつもさんせいするのははにいたってはこんど、ぼくのけいかくにはんたいした。itsumo sansei suru no haha ni itatte wa kondo, boku no keikaku ni hantai shita.Even my mother, who always agrees with me, is opposing my plan this time.",Example #2これは特に学校の重要な問題です。校長先生に至っては勝手に決められない。hintromajiEnglishこれはとくにがっこうのじゅうようなもんだいです。こうちょうせんせいにいたってはかってにきめられない。kore wa tokuni gakkou no juuyou na mondai desu. kouchou sensei ni itatte wa katte ni kimerarenai.This is a particularly important issue for the school. Even the school principal cannot decide this on their own.,https://jlptsensei.com/learn-japanese-grammar/%e3%81%ab%e8%87%b3%e3%81%a3%e3%81%a6%e3%81%af-%e3%81%ab%e3%81%84%e3%81%9f%e3%81%a3%e3%81%a6%e3%81%af-ni-ittate-wa-meaning/
ni iwasereba,に言わせれば（にいわせれば）,Learn Japanese grammar: 【にいわせれば】 (ni iwasereba) Meaning: if you ask; if one may say ~. This grammar must follow a noun that is referring to...,"<table class=""table table-bordered table-sm usage""><tbody><tr><td>Noun (person only)</td><td>に言わせれば</td></tr></tbody></table>","Example #1私に言わせれば、日本の一番美味しい料理はやっぱりラーメンだ。hintromajiEnglishわたしにいわせれば、にほんのいちばんおいしいりょうりはやっぱりラーメンだ。watashi ni iwasereba, nihon no ichiban oishii ryori wa yappari raamen da.If you ask me, I would say that the best Japanese food is ramen.","Example #2私に言わせれば、彼女は少し変わっている。hintromajiEnglishわたしにいわせれば、かのじょはすこしかわっている。watashi ni iwasereba, kanojo wa sukoshi kawatteiru.If you ask me, she's a little strange.",https://jlptsensei.com/learn-japanese-grammar/%e3%81%ab%e8%a8%80%e3%82%8f%e3%81%9b%e3%82%8c%e3%81%b0-ni-iwasereba-meaning/
ni kagitta koto dewa nai,に限ったことではない（にかぎったことではない）,not limited to only ~,<em>(no usage table)</em>,,,https://jlptsensei.com/learn-japanese-grammar/%e3%81%ab%e9%99%90%e3%81%a3%e3%81%9f%e3%81%93%e3%81%a8%e3%81%a7%e3%81%af%e3%81%aa%e3%81%84-ni-kagitta-koto-de-wa-nai-meaning/
ni kakatte wa / ni kakattara / ni kakaru to / kakareba,にかかっては / にかかったら / にかかると / かかれば,"Learn Japanese grammar: (ni kakatte wa / ni kakattara / ni kakaru to / kakareba). Meaning: when handled by (N), becomes a completely different result....","<table class=""table table-bordered table-sm usage""><tbody><tr><td rowspan=""4"">Noun</td><td>にかかっては</td></tr><tr><td>にかかったら</td></tr><tr><td>にかかると</td></tr><tr><td>かかれば</td></tr></tbody></table>","Example #1彼の説明にかかったらみんな商品を買ってしまう。hintromajiEnglishかれのせつめいにかかったらみんなしょうひんをかってしまう。kare no setsumei ni kakattara minna shouhin o katte shimau.Unlike with other people, when he explains, everyone buys the merchandise.",Example #2彼の手にかかればどんな患者でも良くなる。hintromajiEnglishかれのてにかかればどんなかんじゃでもよくなる。kare no te ni kakareba donna kanja demo yoku naru.When in his own hands he can make any patient better.,https://jlptsensei.com/learn-japanese-grammar/%e3%81%ab%e3%81%8b%e3%81%8b%e3%81%a3%e3%81%a6%e3%81%af-%e3%81%ab%e3%81%8b%e3%81%8b%e3%81%a3%e3%81%9f%e3%82%89-%e3%81%ab%e3%81%8b%e3%81%8b%e3%82%8b%e3%81%a8-%e3%81%8b%e3%81%8b%e3%82%8c%e3%81%b0-meaning/
ni kakatteiru,にかかっている,"Learn Japanese grammar: (ni kakatteiru). Meaning: depending on; to depend on; whether or not ~. Can also be used as 「いかんにかかっている」, similar to .","<table class=""table table-bordered table-sm usage""><tbody><tr><td>Noun</td><td rowspan=""2"">にかかっている</td></tr><tr><td>Phrase</td></tr></tbody></table>","Example #1合格できるかどうかは、これから１ヶ月のがんばりにかかっている。hintromajiEnglishごうかくできるかどうかは、これからいっかげつのがんばりにかかっている。goukaku dekiru ka douka wa, korekara ikkagetsu no ganbari ni kakatteiru.Whether or not you can pass depends on your hard work for the next month.","Example #2俺たちのチームが勝つかどうかは、君にかかっているよ。hintromajiEnglishおれたちのチームがかつかどうかは、きみにかかっているよ。oretachi no chiimu ga katsu ka douka wa, kimi ni kakatteiru yo.Whether our team wins or not is up to you.",https://jlptsensei.com/learn-japanese-grammar/%e3%81%ab%e3%81%8b%e3%81%8b%e3%81%a3%e3%81%a6%e3%81%84%e3%82%8b-ni-kakatteiru-meaning/
ni kako tsukete,にかこつけて,Learn Japanese grammar: (ni kako tsukete). Meaning: to use as a pretext; to use as an excuse.,"<table class=""table table-bordered table-sm usage""><tbody><tr><td>Noun</td><td>にかこつけて</td></tr></tbody></table>",Example #1夫はいつも仕事にかこつけて帰りが遅いです。hintromajiEnglishおっとはいつもしごとにかこつけてかえりがおそいです。otto wa itsumo shigoto ni kako tsukete kaeri ga osoi desu.My husband always comes home late with work as his excuse.,"Example #2友人の結婚式にかこつけて彼女はたくさん服を買った。hintromajiEnglishゆうじんのけっこんしきにかこつけてかのじょはたくさんふくをかった。yuujin no kekkonshiki ni kako tsukete kanojo wa takusan fuku o katta.Using the excuse of attending her best friend's wedding, she bought a lot of clothes.",https://jlptsensei.com/learn-japanese-grammar/%e3%81%ab%e3%81%8b%e3%81%93%e3%81%a4%e3%81%91%e3%81%a6-ni-kako-tsukete-meaning/
ni kamakete,にかまけて,to be too busy; to focus / concentrate only on ~,<em>(no usage table)</em>,,,https://jlptsensei.com/learn-japanese-grammar/%e3%81%ab%e3%81%8b%e3%81%be%e3%81%91%e3%81%a6-ni-kamakete-meaning/
ni katakunai,に難くない（にかたくない）,"Learn Japanese grammar: 【にかたくない】(ni katakunai). Meaning: easy to do; it’s not hard to ~. This is often used with「想像」to imagine、「理解」to understand、「推測」to guess, etc.","<table class=""table table-bordered table-sm usage""><tbody><tr><td>verb (dictionary)</td><td rowspan=""2"">にかたくない</td></tr><tr><td>Noun</td></tr></tbody></table>",Example #1彼らが離婚したことは想像に難くない。hintromajiEnglishかれらがりこんしたことはそうぞうにたかくない。karera ga rikon shita koto wa souzou ni katakunai.It's not hard to imagine that they got divorced.,"Example #2１点足りず合格できなかった彼の悔しさは、想像に難くない。hintromajiEnglish１てんたりずごうかくできなかったかれのくやしさは、そうぞうにかたくない。1 ten tarizu goukaku dekinakatta kare no kuyashisa wa, souzou ni katakunai.It is not difficult to imagine his regret for not being able to pass the exam because of missing 1 point.",https://jlptsensei.com/learn-japanese-grammar/%e3%81%ab%e9%9b%a3%e3%81%8f%e3%81%aa%e3%81%84-%e3%81%ab%e3%81%8b%e3%81%9f%e3%81%8f%e3%81%aa%e3%81%84-ni-katakunai-meaning/
ni matsuwaru,にまつわる,to be related to; to concern; associated with ~,<em>(no usage table)</em>,,,https://jlptsensei.com/learn-japanese-grammar/%e3%81%ab%e3%81%be%e3%81%a4%e3%82%8f%e3%82%8b-ni-matsuwaru-meaning/
ni nottotte,に則って（にのっとって）,Learn Japanese grammar: 【にのっとって】(ni nottotte). Meaning: based on; according to; in accordance with ~.,"<table class=""table table-bordered table-sm usage""><tbody><tr><td>Noun</td><td>に則って</td></tr></tbody></table>",Example #1私はその契約に則って支払います。hintromajiEnglishわたしはそのけいやくにのっとってしはらいます。watashi wa sono keiyaku ni nottotte shiharaimasu.I will pay according to the contract.,"Example #2日本に住んでいるのだから、日本のルールに則って生活する必要がある。hintromajiEnglishにほんにすんでいるのだから、にほんのルールにのっとってせいかつするひつようがある。nihon ni sunde iru no dakara, nihon no ruuru ni nottotte seikatsu suru hitsuyou ga aru.Since I live in Japan, I need to live according to Japanese rules.",https://jlptsensei.com/learn-japanese-grammar/%e3%81%ab%e5%89%87%e3%81%a3%e3%81%a6-%e3%81%ab%e3%81%ae%e3%81%a3%e3%81%a8%e3%81%a3%e3%81%a6-ni-nottotte-meaning/
ni sakigakete,に先駆けて（にさきがけて）,prior to; to be the first (pioneer); being ahead of ~,<em>(no usage table)</em>,,,https://jlptsensei.com/learn-japanese-grammar/%e3%81%ab%e5%85%88%e9%a7%86%e3%81%91%e3%81%a6-%e3%81%ab%e3%81%95%e3%81%8d%e3%81%8c%e3%81%91%e3%81%a6-ni-sakigakete-meaning/
ni shinobinai,に忍びない（にしのびない）,Learn Japanese grammar: 【にしのびない】(ni shinobinai). Meaning: cannot bring oneself (to do); unable to bear ~. This expresses that doing [X] is either something the speaker...,"<table class=""table table-bordered table-sm usage""><tbody><tr><td>Verb (dictionary)</td><td>に忍びない</td></tr></tbody></table>",Example #1熱でつらそうな子供を見るに忍びない。hintromajiEnglishねつでつらそうなこどもをみるにしのびない。netsu de tsurasouna kodomo o miru ni shinobinai.It pains my heart to see a child suffering with a fever.,"Example #2お父さんが仕事で疲れて寝ているので、起こすに忍びない。hintromajiEnglishおとうさんがしごとでつかれてねているので、おこすにしのびない。otousan ga shigoto de tsukarete nete iru node, okosu ni shinobinai.My dad is tired from work and sleeping, so I can't bear to wake him up.",https://jlptsensei.com/learn-japanese-grammar/%e3%81%ab%e5%bf%8d%e3%81%b3%e3%81%aa%e3%81%84-%e3%81%ab%e3%81%97%e3%81%ae%e3%81%b3%e3%81%aa%e3%81%84-ni-shinobinai-meaning/
ni shita tokoro de / to shita tokoro de,にしたところで / としたところで,even if; even supposing that ~,<em>(no usage table)</em>,,,https://jlptsensei.com/learn-japanese-grammar/%e3%81%ab%e3%81%97%e3%81%9f%e3%81%a3%e3%81%a6-%e3%81%ab%e3%81%97%e3%81%9f%e3%81%a8%e3%81%93%e3%82%8d%e3%81%a7-ni-shitatte-meaning/
ni shite,にして,"Learn Japanese grammar: (ni shite). Meaning: at / on / under certain conditions (time, position, age, number of times). This is an expression used to...","<table class=""table table-bordered table-sm usage""><tbody><tr><td>Noun</td><td>にして</td></tr></tbody></table>","Example #1３回目にして、やっとN１に合格することができた。hintromajiEnglish３かいめいにして、やっとN１にごうかくすることができた。3 kai me ni shite, yatto N1 ni goukaku suru koto ga dekimashita.I finally passed the JLPT N1 on my 3rd try!","Example #2田中さんは18歳にして、社長になった。hintromajiEnglishたなかさんは18さいにして、しゃちょうになった。tanaka san wa 18 sai ni shite, shachou ni natta.Mr. Tanaka became a company president when he was only 18.",https://jlptsensei.com/learn-japanese-grammar/%e3%81%ab%e3%81%97%e3%81%a6-ni-shite-meaning/
ni sokushite,に即して（にそくして）,according to; in keeping with; to be based on ~,<em>(no usage table)</em>,,,https://jlptsensei.com/learn-japanese-grammar/%e3%81%ab%e5%8d%b3%e3%81%97%e3%81%a6-%e3%81%ab%e3%81%9d%e3%81%8f%e3%81%97%e3%81%a6-ni-sokushite-meaning/
ni taeru / ni taenai,に耐える / に耐えない（にたえる / にたえない）,Learn Japanese grammar: 【にたえる / にたえない】(ni taeru / ni taenai). Meaning: worth doing; can do; cannot bear doing ~. This is often written in hiragana...,"<table class=""table table-bordered table-sm usage""><tbody><tr><td>Verb (dictionary form)</td><td rowspan=""2"">に耐える / に堪える<br/>に堪える / に堪えない<br/>にたえる / にたえない</td></tr><tr><td>Noun</td></tr></tbody></table>",Example #1この展示は鑑賞に耐える作品が少ない。hintromajiEnglishこのてんじはかんしょうにたえるさくひんがすくない。kono tenji wa kanshou ni taeru sakuhin ga sukunai.There are not many works of art which are worth looking at in this exhibition.,"Example #2今年は鑑賞に堪える日本の映画が多くて、とてもよかった。hintromajiEnglishことしはかんしょうにたえるにほんのえいががおおくて、とてもよかった。kotoshi wa kanshou ni taeru nihon no eiga ga ookute, totemo yokatta.It was great that there were many Japanese movies this year that were worthy of appreciation.",https://jlptsensei.com/learn-japanese-grammar/%e3%81%ab%e8%80%90%e3%81%88%e3%82%8b-%e3%81%ab%e8%80%90%e3%81%88%e3%81%aa%e3%81%84-%e3%81%ab%e3%81%9f%e3%81%88%e3%82%8b-%e3%81%ab%e3%81%9f%e3%81%88%e3%81%aa%e3%81%84-ni-taeru-ni-taenai-meaning/
ni taranai / ni tarinai,に足らない / に足りない（にたらない / にたりない）,Learn Japanese grammar: 【にたらない / にたりない】(ni taranai / ni tarinai). Meaning: cannot; not worthy; not worth doing ~.,"<table class=""table table-bordered table-sm usage""><tbody><tr><td>Verb (dictionary form)</td><td rowspan=""2"">に足らない<br/>に足りない</td></tr><tr><td>Noun<br/>※ must be suru verb.</td></tr></tbody></table>",Example #1それは取るに足らない話だ。hintromajiEnglishそれはとるにたらないはなしだ。sore wa toru ni taranai hanashi da.That's not a story worth mentioning.,Example #2彼は頼むに足りない人だ。hintromajiEnglishかれはたのむにたりないひとだ。kare wa tonomu ni tarinai hito da.He is an unreliable person.,https://jlptsensei.com/learn-japanese-grammar/%e3%81%ab%e8%b6%b3%e3%82%89%e3%81%aa%e3%81%84-%e3%81%ab%e8%b6%b3%e3%82%8a%e3%81%aa%e3%81%84-ni-taranai-ni-tarinai-meaning/
ni taru / ni tariru,に足る / に足りる（にたる / にたりる）,can do; worthy; worth doing,<em>(no usage table)</em>,,,https://jlptsensei.com/learn-japanese-grammar/%e3%81%ab%e8%b6%b3%e3%82%8b-%e3%81%ab%e8%b6%b3%e3%82%8a%e3%82%8b-ni-taru-ni-tariru-meaning/
ni terashite,に照らして（にてらして）,Learn Japanese grammar: 【にてらして】(ni terashite). Meaning: according to; in view of; in light of ~.,"<table class=""table table-bordered table-sm usage""><tbody><tr><td>Noun</td><td>に照らして</td></tr></tbody></table>",Example #1彼は社則に照らして処分された。hintromajiEnglishかれはしゃそくにてらしてしょぶんされた。kare wa shasoku ni terashite shobun sareta.He was punished according to company rules.,Example #2犯罪は全て法に照らして裁かれる。hintromajiEnglishはんざいはすべてほうにてらしてさばかれる。hanzai wa subete hou ni terashite sabaka reru.All crimes are judged in the light of the law.,https://jlptsensei.com/learn-japanese-grammar/%e3%81%ab%e7%85%a7%e3%82%89%e3%81%97%e3%81%a6-%e3%81%ab%e3%81%a6%e3%82%89%e3%81%97%e3%81%a6-ni-terashite-meaning/
ni todomarazu,にとどまらず,Learn Japanese grammar: (ni todomarazu). Meaning: not limited to; not only… but also ~.,"<table class=""table table-bordered table-sm usage""><tbody><tr><td>Verb (dictionary form)</td><td rowspan=""4"">にとどまらず（～も）</td></tr><tr><td>Noun +（である）</td></tr><tr><td>な-adjective + である</td></tr><tr><td>い-adjective + だけ</td></tr></tbody></table>","Example #1母のケーキ作りは単なる趣味にとどまらず、自分の店を開くまでになった。hintromajiEnglishははのケーキつくりはたんなるしゅみにとどまらず、じぶんのみせをひらくまでになった。haha no keeki tsukuri wa tan naru shumi ni todomarazu, jibun no mise o hiraku made ni natta.Making cakes for my mother was more than just a hobby, I even opened my own shop.","Example #2アニメや漫画は日本にとどまらず、海外でも多くのファンを増やしている。hintromajiEnglishアニメやまんがはにほんにとどまらず、かいがいでもおおくのファンをふやしている。anime ya manga wa nihon ni todomarazu, kaigai demo ooku no fan o fuyashite iru.Anime and manga are gaining a lot of fans not only in Japan but also overseas.",https://jlptsensei.com/learn-japanese-grammar/%e3%81%ab%e3%81%a8%e3%81%a9%e3%81%be%e3%82%89%e3%81%9a-ni-todomarazu-meaning/
ni wa muri ga aru,には無理がある（にはむりがある）,difficult to do; is unreasonable / unrealistic / impossible,<em>(no usage table)</em>,,,https://jlptsensei.com/learn-japanese-grammar/%e3%81%ab%e3%81%af%e7%84%a1%e7%90%86%e3%81%8c%e3%81%82%e3%82%8b-%e3%81%ab%e3%81%af%e3%82%80%e3%82%8a%e3%81%8c%e3%81%82%e3%82%8b-ni-wa-muri-ga-aru-meaning/
ni yorazu,によらず,Learn Japanese grammar: (ni yorazu). Meaning: regardless of ~. This is the negative form of .,"<table class=""table table-bordered table-sm usage""><tbody><tr><td>Noun</td><td>によらず</td></tr></tbody></table>","Example #1性別、年齢によらず、条件に当てはまる方であれば誰でもいいです。hintromajiEnglishせいべつ、ねんれいによらず、じょうけんにあてはまるかたであればだれでもいいです。seibetsu, nenrei ni yorazu, jouken ni ate wa maru kata de areba dare demo ii desu.Anyone who meets the conditions is welcome, regardless of gender or age.","Example #2この学習書はレベルによらず役に立つので買ったほうがいいでしょう。hintromajiEnglishこのがくしゅうしょはレベルによらずやくにたつのでかったほうがいいでしょう。kono gakushuusho wa reberu ni yorazu yaku ni tatsu node katta hou ga ii deshou.This study book is useful regardless of level, so you should buy it.",https://jlptsensei.com/learn-japanese-grammar/%e3%81%ab%e3%82%88%e3%82%89%e3%81%9a-ni-yorazu-meaning/
ni~o kasanete,に～を重ねて（に～をかさねて）,"success after continuous (effort, work, adjustments, etc.)",<em>(no usage table)</em>,,,https://jlptsensei.com/learn-japanese-grammar/%e3%81%ab%ef%bd%9e%e3%82%92%e9%87%8d%e3%81%ad%e3%81%a6-ni-o-kasanete-meaning/
nimo hodo ga aru,にもほどがある,there is a limit to what is acceptable; to go too far,<em>(no usage table)</em>,,,https://jlptsensei.com/learn-japanese-grammar/%e3%81%ab%e3%82%82%e7%a8%8b%e3%81%8c%e3%81%82%e3%82%8b-%e3%81%ab%e3%82%82%e3%81%bb%e3%81%a9%e3%81%8c%e3%81%82%e3%82%8b-nimo-hodo-ga-aru-meaning/
nimo mashite,にも増して（にもまして）,more than…; above ~,<em>(no usage table)</em>,,,https://jlptsensei.com/learn-japanese-grammar/%e3%81%ab%e3%82%82%e5%a2%97%e3%81%97%e3%81%a6-%e3%81%ab%e3%82%82%e3%81%be%e3%81%97%e3%81%a6-nimo-mashite-meaning/
niwa ataranai,には当たらない（にはあたらない）,it’s not worth; there’s no need to; does not correspond to ~,<em>(no usage table)</em>,,,https://jlptsensei.com/learn-japanese-grammar/%e3%81%ab%e3%81%af%e5%bd%93%e3%81%9f%e3%82%89%e3%81%aa%e3%81%84-%e3%81%ab%e3%81%af%e3%81%82%e3%81%9f%e3%82%89%e3%81%aa%e3%81%84-niwa-ataranai-meaning/
niwa oyobanai,には及ばない（にはおよばない）,there is no need to; unnecessary; no match for ~,<em>(no usage table)</em>,,,https://jlptsensei.com/learn-japanese-grammar/%e3%81%ab%e3%81%af%e5%8f%8a%e3%81%b0%e3%81%aa%e3%81%84-%e3%81%ab%e3%81%af%e3%81%8a%e3%82%88%e3%81%b0%e3%81%aa%e3%81%84-niwa-oyobanai-meaning/
no itari,の至り（のいたり）,utmost; extremely ~,<em>(no usage table)</em>,,,https://jlptsensei.com/learn-japanese-grammar/%e3%81%ae%e8%87%b3%e3%82%8a-%e3%81%ae%e3%81%84%e3%81%9f%e3%82%8a-no-itari-meaning/
no kiwami,の極み（のきわみ）,utmost; extremely ~,<em>(no usage table)</em>,,,https://jlptsensei.com/learn-japanese-grammar/%e3%81%ae%e6%a5%b5%e3%81%bf-no-kiwami-meaning/
no nan notte,のなんのって,Learn Japanese grammar: (no nan notte). Meaning: extremely ~ (cannot be expressed in words). This expresses the meaning “status in extreme degree.” It is usually...,"<table class=""table table-bordered table-sm usage""><tbody><tr><td>Verb (casual)</td><td rowspan=""2"">のなんの（って）</td></tr><tr><td>Adjective</td></tr></tbody></table>","Example #1このカレーは辛いのなんのって、全然食べられなかった。hintromajiEnglishこのカレーはからいのなんのって、ぜんぜんたべられなかった。kono karee wa karai no nan notte, zenzen taberarenakatta.The curry was incredibly spicy, I couldn't eat it all.",Example #2この映画は怖いのなんのって。昨夜私は眠れなくなったほどだ。hintromajiEnglishこのえいがはこわいのなんのって。さくやわたしはねむれなくなったほどだ。kono eiga wa kowai no nan notte. sakuya watashi wa nemurenaku natta hodo da.This movie is very scary. So scary that I couldn’t sleep last night.,https://jlptsensei.com/learn-japanese-grammar/%e3%81%ae%e3%81%aa%e3%82%93%e3%81%ae%e3%81%a3%e3%81%a6-no-nan-notte-meaning/
no yara / mono yara / koto yara,のやら / ものやら / ことやら,Learn Japanese grammar: (no yara / mono yara / koto yara). Meaning: I wonder…; unsure; I don’t know ~. This expresses the doubt of the...,"<table class=""table table-bordered table-sm usage""><tbody><tr><td>Verb (casual form)</td><td rowspan=""4"">のやら<br/>ものやら<br/>ことやら</td></tr><tr><td>Noun + な</td></tr><tr><td>な-adjective + な</td></tr><tr><td>い-adjective</td></tr></tbody></table>",Example #1今の不景気はいつまで続くのやら？hintromajiEnglishいまのふけいきはいつまでつづくのやら？ima no fukeiki wa itsumade tudzuku no yara?I wonder how long this current economic slump will continue.,"Example #2息子は大学を卒業したのに、仕事もせずに何をやっているのやら。hintromajiEnglishむすこはだいがくをそつぎょうしたのに、しごともせずになにをやっているのやら。musuko wa daigaku o sotsugyou shita no ni, shigoto mo sezu ni nani o yatteiru no yara.Even though my son has graduated from university, he isn't working. I wonder what he is doing.",https://jlptsensei.com/learn-japanese-grammar/%e3%81%ae%e3%82%84%e3%82%89-%e3%82%82%e3%81%ae%e3%82%84%e3%82%89-%e3%81%93%e3%81%a8%e3%82%84%e3%82%89-no-yara-mono-yara-koto-yara-meaning/
no yara~no yara,のやら～のやら,Learn Japanese grammar: (no yara~no yara). Meaning: or ~ (I don’t know). This expresses the speakers uncertainty or ability to make a decision / judgement....,"<table class=""table table-bordered table-sm usage""><tbody><tr class=""alert-secondary""><td colspan=""2"">[A]のやら + [B]のやら</td></tr><tr><td>Verb (casual form)</td><td rowspan=""3"">のやら</td></tr><tr><td>な-adjective + な</td></tr><tr><td>い-adjective</td></tr></tbody></table>",Example #1彼はバスに間に合ったのやら間に合わなかったのやら．．．hintromajiEnglishかれはバスにまにあったのやらまにあわなかったのやら．．．kare wa basu ni ma ni atta no yara ma ni awanakatta no yara...I wonder if he made it in time or not for the bus...,"Example #2このカレーは辛すぎて、美味しいのやら美味しくないのやら分からない。hintromajiEnglishこのカレーはからすぎて、おいしいのやらおいしくないのやらわからない。kono karee wa karasugite, oishii no yara oishikunai no yara wakaranai.This curry is too spicy I can't tell whether it tastes good or not.",https://jlptsensei.com/learn-japanese-grammar/%e3%81%ae%e3%82%84%e3%82%89%ef%bd%9e%e3%81%ae%e3%82%84%e3%82%89-no-yara-no-yara/
o fumaete,を踏まえて（をふまえて）,Learn Japanese grammar: 【をふまえて】(o fumaete). Meaning: to be based on; to take into account ~.,"<table class=""table table-bordered table-sm usage""><tbody><tr><td>Noun</td><td>を踏まえて</td></tr></tbody></table>",Example #1集めたデータを踏まえてレポートを作成します。hintromajiEnglishあつめたデータをふまえてレポートをさくせいします。atsumeta deeta o fumaete repooto o sakusei shimasu.I will create a report based on the collected data.,Example #2あなたはそれを踏まえて何か良い提案がありますか。hintromajiEnglishあなたはそれをふまえてなにかよいていあんがありますか。anata wa sore o fumaete nani ka yoi teian ga arimasu ka.Do you have any good suggestions based on that?,https://jlptsensei.com/learn-japanese-grammar/%e3%82%92%e8%b8%8f%e3%81%be%e3%81%88%e3%81%a6-%e3%82%92%e3%81%b5%e3%81%be%e3%81%88%e3%81%a6-o-fumaete-meaning/
o hete,を経て（をへて）,through; by way of; after; via ~,<em>(no usage table)</em>,,,https://jlptsensei.com/learn-japanese-grammar/%e3%82%92%e7%b5%8c%e3%81%a6-%e3%82%92%e3%81%b8%e3%81%a6-o-hete-meaning/
o hikaete,を控えて（をひかえて）,to be soon; the time has come to; nearby; ahead of ~,<em>(no usage table)</em>,,,https://jlptsensei.com/learn-japanese-grammar/%e3%82%92%e6%8e%a7%e3%81%88%e3%81%a6-%e3%82%92%e3%81%b2%e3%81%8b%e3%81%88%e3%81%a6-o-hikaete-meaning/
o ii koto ni,をいいことに,Learn Japanese grammar: (o ii koto ni). Meaning: to take advantage of ~.,"<table class=""table table-bordered table-sm usage""><tbody><tr><td>Verb (casual, non-past) + の</td><td rowspan=""4"">をいいことに</td></tr><tr><td>Noun + (であるの)</td></tr><tr><td>な-adjective + なの</td></tr><tr><td>い-adjective + の</td></tr></tbody></table>",Example #1私は夏休みであるのをいいことに外国を旅行する。hintromajiEnglishわたしはなつやすみであるのをいいことにかいがいをりょこうする。watashi wa natsuyasumi dearu no o ii koto ni gaikoku o ryokou suru.I took advantage of summer vacation to travel abroad.,"Example #2先生がいないのをいいことに朝の授業をサボった。hintromajiEnglishせんせいがいないのをいいことにあさのじゅぎょうをサボった。sensei ga inai no o ii koto ni asa no jugyou o sabotta.Taking advantage of the teacher's absence, I skipped morning class.",https://jlptsensei.com/learn-japanese-grammar/%e3%82%92%e3%81%84%e3%81%84%e3%81%93%e3%81%a8%e3%81%ab-o-ii-koto-ni-meaning/
o kaerimizu / mo kaerimizu,を顧みず / も顧みず（をかえりみず / もかえりみず）,despite; without considering; not worrying about; regardless of ~,<em>(no usage table)</em>,,,https://jlptsensei.com/learn-japanese-grammar/%e3%82%92%e9%a1%a7%e3%81%bf%e3%81%9a-%e3%82%82%e9%a1%a7%e3%81%bf%e3%81%9a-%e3%82%92%e3%81%8b%e3%81%88%e3%82%8a%e3%81%bf%e3%81%9a-mo-kaerimizu-meaning/
o kagiri ni,を限りに（をかぎりに）,Learn Japanese grammar: 【をかぎりに】(o kagiri ni). Meaning: starting from; the last time (ending a continued action).,"<table class=""table table-bordered table-sm usage""><tbody><tr><td>Noun</td><td>を限りに<br/>限りで</td></tr></tbody></table>","Example #1今日を限りに酒をやめることにした。hintromajiEnglishきょうをかぎりにさけをやめることにした。kyou o kagiri ni sake o yameru koto ni shita.From today, I've decided to quit alcohol.","Example #2今学期を限りに、私はこの学校を辞めます。hintromajiEnglishこんがっきをかぎりに、わたしはこのがっこうをやめます。kongakki o kagiri ni, watashi wa kono gakkou o yamemasu.Starting from this semester, I will be quitting this school.",https://jlptsensei.com/learn-japanese-grammar/%e3%82%92%e9%99%90%e3%82%8a%e3%81%ab-o-kagiri-ni-meaning/
o kanete,を兼ねて（をかねて）,also for the purpose of ~,<em>(no usage table)</em>,,,https://jlptsensei.com/learn-japanese-grammar/%e3%82%92%e5%85%bc%e3%81%ad%e3%81%a6-%e3%82%92%e3%81%8b%e3%81%ad%e3%81%a6-o-kanete-meaning/
o kawakiri ni,を皮切りに（をかわきりに）,one after another; starting with ~,<em>(no usage table)</em>,,,https://jlptsensei.com/learn-japanese-grammar/%e3%82%92%e7%9a%ae%e5%88%87%e3%82%8a%e3%81%ab-%e3%82%92%e3%81%8b%e3%82%8f%e3%81%8d%e3%82%8a%e3%81%ab-o-kawakiri-ni-meaning/
o ki ni,を機に（をきに）,as an opportunity/chance to ~,<em>(no usage table)</em>,,,https://jlptsensei.com/learn-japanese-grammar/%e3%82%92%e6%a9%9f%e3%81%ab-%e3%82%92%e3%81%8d%e3%81%ab-o-ki-ni-meaning/
o kinji enai,を禁じ得ない（をきんじえない）,Learn Japanese grammar: 【をきんじえない】(o kinji enai). Meaning: can’t help but; can’t refrain from ~.,"<table class=""table table-bordered table-sm usage""><tbody><tr><td>Noun</td><td>を禁じ得ない</td></tr></tbody></table>","Example #1彼の不幸な人生には、同情を禁じえない。hintromajiEnglishかれのふこうなじんせいには、どうじょうをきんじえない。kare no fukou na jinsei ni wa, doujou o kinji enai.I can't help but feel sympathy for his unfortunate circumstances.","Example #2彼女の身の上話を聞いて、涙を禁じえない。hintromajiEnglishかのじょのみのうえばなしをきいて、なみだをきんじえない。kanojo no mi no uebanashi o kiite, namida o kinji enai.I can't help crying when hearing her story.",https://jlptsensei.com/learn-japanese-grammar/%e3%82%92%e7%a6%81%e3%81%98%e5%be%97%e3%81%aa%e3%81%84-%e3%82%92%e3%81%8d%e3%82%93%e3%81%98%e3%81%88%e3%81%aa%e3%81%84-o-kinji-enai-meaning/
o mono tomo sezuni,をものともせずに,in defiance of; not losing to / afraid / worrying about ~,<em>(no usage table)</em>,,,https://jlptsensei.com/learn-japanese-grammar/%e3%82%92%e3%82%82%e3%81%ae%e3%81%a8%e3%82%82%e3%81%9b%e3%81%9a%e3%81%ab-o-mono-tomo-sezuni-meaning/
o motte / o mochimashite,をもって / をもちまして,Learn Japanese grammar: (o motte / o mochimashite). Meaning: by means of; with; on / at / as of (time)​. There are 2 main meanings:...,"<table class=""table table-bordered table-sm usage""><tbody><tr><td>Noun</td><td>をもって<br/>をもちまして</td></tr></tbody></table>","Example #1彼女の実力をもってすれば、成功するだろう。hintromajiEnglishかのじょのじつりょくをもってすれば、せいこうするだろう。kanojo no jitsuryoku o motte sureba, seikou suru darou.With her abilities, she will likely succeed.","Example #2最新技術をもってすればその開発も難しくないだろう。hintromajiEnglishさいしんぎじゅつをもってすればそのかいはつもむずかしくないだろう。saishin gijutsu o motte sureba sono kaihatsu mo muzukashikunai darou.With the latest technology, its development will not be difficult.",https://jlptsensei.com/learn-japanese-grammar/%e3%82%92%e3%82%82%e3%81%a3%e3%81%a6-%e3%82%92%e3%82%82%e3%81%a1%e3%81%be%e3%81%97%e3%81%a6-o-motte-o-mochimashite-meaning/
o oite~nai,をおいて～ない,"only; can only be; there is no alternative, only ~",<em>(no usage table)</em>,,,https://jlptsensei.com/learn-japanese-grammar/jlpt-n1-grammar-%e3%82%92%e3%81%8a%e3%81%84%e3%81%a6%ef%bd%9e%e3%81%aa%e3%81%84-o-oitenai-meaning/
o oshite / o oshikitte,を押して / を押し切って（をおして / をおしきって）,to overcome (opposition); to push past ~,<em>(no usage table)</em>,,,https://jlptsensei.com/learn-japanese-grammar/%e3%82%92%e6%8a%bc%e3%81%97%e3%81%a6-%e3%82%92%e6%8a%bc%e3%81%97%e5%88%87%e3%81%a3%e3%81%a6-%e3%82%92%e3%81%8a%e3%81%97%e3%81%8d%e3%81%a3%e3%81%a6-o-oshite-o-oshikitte-meaning/
o sakai ni,を境に（をさかいに）,since ~ (indicates a large change before & after),<em>(no usage table)</em>,,,https://jlptsensei.com/learn-japanese-grammar/%e3%82%92%e5%a2%83%e3%81%ab%e3%81%97%e3%81%a6-%e3%82%92%e3%81%95%e3%81%8b%e3%81%84%e3%81%ab-o-sakai-ni-meaning/
o yogi naku sareru,を余儀なくされる（をよぎなくされる）,Learn Japanese grammar: 【をよぎなくされる】(o yogi naku sareru). Meaning: to be forced to do something because one has no other choice; to be forced to do...,"<table class=""table table-bordered table-sm usage""><tbody><tr><td>Noun</td><td>を余儀なくされる<br/>を余儀なくされた<br/>を余儀なくされている</td></tr></tbody></table>","Example #1その試合は雨のため、延期を余儀なくされた。hintromajiEnglishそのしあいはあめのため、えんきをよぎなくされた。sono shiai wa ame no tame, enki o yoginaku sareta.Due to the rain, the game had to be postponed.","Example #2大きなミスをしたため、彼は辞職を余儀なくされた。hintromajiEnglishおおきなミスをしたため、かれはじしょくをよぎなくされた。ookina misu o shita tame, kare wa jishoku o yoginaku sareta.He was forced to resign because he made a big mistake.",https://jlptsensei.com/learn-japanese-grammar/%e3%82%92%e4%bd%99%e5%84%80%e3%81%aa%e3%81%8f%e3%81%95%e3%82%8c%e3%82%8b-%e3%82%92%e3%82%88%e3%81%8e%e3%81%aa%e3%81%8f%e3%81%95%e3%82%8c%e3%82%8b-o-yogi-naku-sareru-meaning/
o yoso ni,をよそに,despite; without regards to ~,<em>(no usage table)</em>,,,https://jlptsensei.com/learn-japanese-grammar/%e3%82%92%e3%82%88%e3%81%9d%e3%81%ab-o-yoso-ni-meaning/
o zentei toshite,を前提として（をぜんていとして）,Learn Japanese grammar: 【をぜんていとして】(o zentei toshite). Meaning: with the intention to; on the condition / assumption ~. This may also be used as 「を前提に（して）」＆「前提で」.,"<table class=""table table-bordered table-sm usage""><tbody><tr><td>Noun</td><td>を前提として<br/>を前提に（して）<br/>前提で</td></tr></tbody></table>",Example #1私たちは結婚を前提として交際しています。hintromajiEnglishわたしたちはけっこんをぜんていとしてこうさいしています。watashi tachi wa kekkon o zentei toshite kousai shite imasu.We are dating with intent of marriage.,Example #2私の企画は君の協力を前提としている。hintromajiEnglishわたしのきかくはきみのきょうりょくをぜんていとしている。watashi no kikaku wa kimi no kyouryoku o zentei to shiteiru.My plan depends on the condition of your cooperation.,https://jlptsensei.com/learn-japanese-grammar/%e3%82%92%e5%89%8d%e6%8f%90%e3%81%a8%e3%81%97%e3%81%a6-o-zentei-toshite-meaning/
omoi o suru,思いをする（おもいをする）,to think; to feel ~,<em>(no usage table)</em>,,,https://jlptsensei.com/learn-japanese-grammar/%e6%80%9d%e3%81%84%e3%82%92%e3%81%99%e3%82%8b-%e3%81%8a%e3%82%82%e3%81%84%e3%82%92%e3%81%99%e3%82%8b-omoi-o-suru-meaning/
ori ni,折に（おりに）,when; at the time; on the occasion ~,<em>(no usage table)</em>,,,https://jlptsensei.com/learn-japanese-grammar/%e6%8a%98%e3%81%ab-%e3%81%8a%e3%82%8a%e3%81%ab-ori-ni-meaning/
oyoso,およそ,about; roughly; generally; approximately; completely​ ~,<em>(no usage table)</em>,,,https://jlptsensei.com/learn-japanese-grammar/%e3%81%8a%e3%82%88%e3%81%9d-oyoso-meaning/
sa,さ,Learn Japanese grammar: (sa). Meaning: ending particle; indicates assertion. This is casually used at the end of a sentence to indicate slight emphasis. It us...,"<table class=""table table-bordered table-sm usage""><tbody><tr><td>phrase + さ</td></tr></tbody></table>",Example #1やってみるさ！hintromajiEnglishやってみるさ！yatte miru sa!Give it a try!,Example #2よくあることさ。hintromajiEnglishよくあることさ。yoku aru koto sa.It happens.,https://jlptsensei.com/learn-japanese-grammar/%e3%81%95-sa-ending-particle-meaning/
samo,さも,"Learn Japanese grammar: 然も(samo). Meaning: really (seem, appear, etc.); truly; as if ~. This is usually followed by a sentence using「そうに」、「そうな」、「ように」、「ような」.","<table class=""table table-bordered table-sm usage""><tbody><tr><td>さも</td><td>sentence + (そうに/そうな)<br/>sentence + (ように/ような)</td></tr></tbody></table>",Example #1彼はさもおいしそうにビールを飲みほした。hintromajiEnglishかれはさもおいしそうにビールをのみほした。kare wa samo oishisou ni biiru o nomihoshita.He drank up beer deliciously.,"Example #2子供はさも眠そうな様子で、大きなあくびをした。hintromajiEnglishこどもはさもねむそうなようすで、おおきなあくびをした。kodomo wa samo nemu souna yousu de, ookina akubi o shita.With a seemingly sleepy appearance, the baby let out a big yawn",https://jlptsensei.com/learn-japanese-grammar/%e7%84%b6%e3%82%82-%e3%81%95%e3%82%82-samo-meaning/
samonaito,さもないと,otherwise; or else; if not ~,<em>(no usage table)</em>,,,https://jlptsensei.com/learn-japanese-grammar/%e3%81%95%e3%82%82%e3%81%aa%e3%81%84%e3%81%a8-samonaito-meaning/
sazo,さぞ,surely; certainly; no doubt; indeed​ ~,<em>(no usage table)</em>,,,https://jlptsensei.com/learn-japanese-grammar/%e5%98%b8-%e3%81%95%e3%81%9e%e3%81%8b%e3%81%97-sazo-kashi-meaning/
shimatsu da,始末だ（しまつだ）,Learn Japanese grammar: 【しまつだ】(shimatsu da). Meaning: end up; in the end; as a result (negative). 「この始末だ」 is a idiomatic way of saying “so this is...,"<table class=""table table-bordered table-sm usage""><tbody><tr><td>Verb (dictionary form) + （という）</td><td rowspan=""2"">始末だ</td></tr><tr><td>この / その / あの</td></tr></tbody></table>","Example #1うちの娘は、ダイエットのしすぎで病気になり、入院する始末だ。hintromajiEnglishうちのむすめは、ダイエットのしすぎでびょうきになり、にゅういんするしまつだ。uchi no musume wa, daietto no shisugi de byouki ni nari, nyuuin suru shimatsu da.My daughter got sick from dieting too much and as a result she ended up in the hospital.","Example #2昔はお金がなくて、電気や水道も止められる始末だった。hintromajiEnglishむかしはおかねがなくて、でんきやすいどうもとめられるしまつだった。mukashi wa okane ga nakute, denki ya suidou mo tome rareru shimatsu datta.In the past I had so little money that my electricity and water were cut off.",https://jlptsensei.com/learn-japanese-grammar/%e5%a7%8b%e6%9c%ab%e3%81%a0-%e3%81%97%e3%81%be%e3%81%a4%e3%81%a0-shimatsu-da-meaning/
soba kara,そばから,Learn Japanese grammar: (soba kara). Meaning: as soon as; right after​ ~. This is often used in negative situations to express the speakers dissatisfaction with...,"<table class=""table table-bordered table-sm usage""><tbody><tr><td>Verb (dictionary form)<br/>Verb (た form)</td><td>そばから</td></tr></tbody></table>",Example #1名前を聞いたそばから忘れてしまう。hintromajiEnglishなまえをきいたそばからわすれてしまう。namae o kiita sobakara wasurete shimau.I forget names almost instantly after I hear them.,"Example #2田中さん、注意したそばから間違えてるよ。hintromajiEnglishたなかさん、ちゅういしたそばからまちがえてるよ。tanaka san, chuui shita soba kara machigaeteru yo.Tanaka makes the mistakes right after I warn him.",https://jlptsensei.com/learn-japanese-grammar/%e3%81%9d%e3%81%b0%e3%81%8b%e3%82%89-soba-kara-meaning/
sobireru,そびれる,Learn Japanese grammar: (sobireru). Meaning: to miss a chance; to fail to do ~. Usually used with て form 「そびれて」 or past-tense 「そびれた」.,"<table class=""table table-bordered table-sm usage""><tbody><tr><td>Verb (stem form) <s>ます</s></td><td>そびれる</td></tr></tbody></table>",Example #1遅刻して飛行機に乗りそびれた。hintromajiEnglishちこくしてひこうきにのりそびれた。chikoku shite hikouki ni nori sobireta.I was late and missed the plane.,"Example #2今朝は忙しくて、朝食を食べそびれてしまった。hintromajiEnglishけさはいそがしくて、ちょうしょくをたべそびれてしまった。kesa wa isogashikute, choushoku o tabe sobirete shimatta.I was so busy this morning that I missed breakfast.",https://jlptsensei.com/learn-japanese-grammar/%e3%81%9d%e3%81%b3%e3%82%8c%e3%82%8b-sobireru-meaning/
sokonau / sokoneru / sonjiru,損なう / 損ねる / 損じる（そこなう / そこねる / そんじる）,to do something wrong; by mistake; to miss a chance; to fail to ~,<em>(no usage table)</em>,,,https://jlptsensei.com/learn-japanese-grammar/%e6%90%8d%e3%81%aa%e3%81%86-%e6%90%8d%e3%81%ad%e3%82%8b-%e6%90%8d%e3%81%98%e3%82%8b-sokonau-sokoneru-sonjiru-meaning/
sube ga nai,術がない（すべがない）,there is no way / means; cannot do ~,<em>(no usage table)</em>,,,https://jlptsensei.com/learn-japanese-grammar/%e8%a1%93%e3%81%8c%e3%81%aa%e3%81%84-%e3%81%99%e3%81%b9%e3%81%8c%e3%81%aa%e3%81%84-sube-ga-nai-meaning/
sura / de sura,すら / ですら,Learn Japanese grammar: (sura / de sura). Meaning: even ~ (with emphasis). This grammar is very similar to .,"<table class=""table table-bordered table-sm usage""><tbody><tr><td>Noun</td><td>（で）すら<br/>（に）すら</td></tr></tbody></table>","Example #1こんな問題、小学生すらわかるよ。hintromajiEnglishこんなもんだい、しょうがくせいすらわかるよ。konna mondai, shougakusei sura wakaru yo.Even an elementary school kid would know this kind of problem.","Example #2喉が痛くて、水すら飲めない。hintromajiEnglishのどがいたくて、みずすらのめない。nodo ga itakute, mizu sura nomenai.My throat hurts so much I can't even drink water.",https://jlptsensei.com/learn-japanese-grammar/%e3%81%99%e3%82%89-%e3%81%a7%e3%81%99%e3%82%89-de-sura-meaning/
ta hazumi ni / ta hyoushi ni,た弾みに / た拍子に（たはずみに / たひょうしに）,"the moment [A], unintentionally / inadvertently caused something to happen",<em>(no usage table)</em>,,,https://jlptsensei.com/learn-japanese-grammar/%e3%81%9f%e5%bc%be%e3%81%bf%e3%81%ab-%e3%81%9f%e6%8b%8d%e5%ad%90%e3%81%ab-ta-hazumi-ni-ta-hyoushi-ni-meaning/
ta koto ni suru / ta koto ni naru,たことにする / たことになる,Learn Japanese grammar: (ta koto ni suru / ta koto ni naru). Meaning: pretend to; see things as untrue; contrary to the truth ~. This...,"<table class=""table table-bordered table-sm usage""><tbody><tr><td>Verb (た form)</td><td rowspan=""4"">（という）ことにする<br/>（という）ことになる</td></tr><tr><td>Noun +（だ）</td></tr><tr><td>な-adjective +（だ）</td></tr><tr><td>い-adjective (た form)</td></tr></tbody></table>",Example #1それは無かったことにして下さい。hintromajiEnglishそれはなかったことにしてください。sore wa nakatta koto ni shite kudasai.Please just pretend that didn't happen.,Example #2この話は聞かなかったことにしてください。hintromajiEnglishこのはなしはきかなかったことにしてください。kono hanashi wa kikanakatta koto ni shite kudasai.Please pretend as if you did not hear anything.,https://jlptsensei.com/learn-japanese-grammar/%e3%81%9f%e3%81%93%e3%81%a8%e3%81%ab%e3%81%99%e3%82%8b-%e3%81%9f%e3%81%93%e3%81%a8%e3%81%ab%e3%81%aa%e3%82%8b-ta-koto-ni-suru-ta-koto-ni-naru-meaning/
ta tokoro de,たところで,"Learn Japanese grammar: (ta tokoro de). Meaning: even if; no matter (who, what, when, where, why, how). This is a conjunction that most often concludes...","<table class=""table table-bordered table-sm usage""><tbody><tr><td>Verb (た form)</td><td>ところで</td></tr></tbody></table>","Example #1どんなに走ったところで、絶対に間に合わないだろう。hintromajiEnglishどんなにはしったところで、ぜったいにまにあわないだろう。donnani hashitta tokoro de, zettai ni maniawanai darou.Even if I run, there's no way I'd make it in time.","Example #2何回読んだところで、意味は全く理解できない。hintromajiEnglishなんかいよんだところで、いみはまったくりかいできない。nankai yonda tokoro de, imi wa mattaku rikai dekinai.Even if I read it numerous times, I wouldn't be able to understand anything.",https://jlptsensei.com/learn-japanese-grammar/%e3%81%9f%e3%81%a8%e3%81%93%e3%82%8d%e3%81%a7-ta-tokoro-de-meaning/
ta tsumori wa nai,たつもりはない,Learn Japanese grammar: (ta tsumori wa nai). Meaning: have no intention to / didn’t mean to ~. Other conjugations: 「たつもりではない」、「たつもりはなかった」.,"<table class=""table table-bordered table-sm usage""><tbody><tr><td>Verb (た form)</td><td>つもりはない<br/>つもりではない<br/>つもりはなかった</td></tr></tbody></table>",Example #1私はそんなことを言ったつもりはない。hintromajiEnglishわたしはそんなことをいったつもりはない。watashi wa sonna koto o itta tsumori wa nai.I don't mean to say such things.,Example #2あなたを許したつもりはありません。hintromajiEnglishあなたをゆるしたつもりはありません。anata o yurushita tsumori wa arimasen.I don't intend to forgive you.,https://jlptsensei.com/learn-japanese-grammar/%e3%81%9f%e3%81%a4%e3%82%82%e3%82%8a%e3%81%af%e3%81%aa%e3%81%84-ta-tsumori-wa-nai-meaning/
tada~nomi da,ただ～のみだ,Learn Japanese grammar: (tada~nomi da). Meaning: all we can do is; can do nothing but; only ~. This is used to emphasize when there is...,"<table class=""table table-bordered table-sm usage""><tbody><tr><td rowspan=""4"">（ただ）</td><td>Verb (dictionary)</td><td rowspan=""4"">のみだ<br/>のみです</td></tr><tr><td>Noun</td></tr><tr><td>な-adj + である</td></tr><tr><td>い-adj + い</td></tr></tbody></table>",Example #1今はただみんなの無事を祈るのみです。hintromajiEnglishいまはただみんなのぶじをいのるのみです。ima wa tada minna no buji o inoru nomi desu.Now I can only pray for everyone's safety.,"Example #2うまくなりたいなら、ただ練習あるのみだ。hintromajiEnglishうまくなりたいなら、ただれんしゅうあるのみだ。umaku naritai nara, tada renshuu aru nomi da.If you want to improve, then all you need to do is practice.",https://jlptsensei.com/learn-japanese-grammar/%e3%81%9f%e3%81%a0%ef%bd%9e%e3%81%ae%e3%81%bf%e3%81%a0-tada-nomi-da-meaning/
tameshi ga nai,ためしがない,is never the case; has never happened; I have never seen or heard of ~,<em>(no usage table)</em>,,,https://jlptsensei.com/learn-japanese-grammar/%e3%81%9f%e3%82%81%e3%81%97%e3%81%8c%e3%81%aa%e3%81%84-tameshi-ga-nai-meaning/
tara saigo / taga saigo,たら最後 / たが最後（たらさいご / たがさいご）,if you do... negative result,<em>(no usage table)</em>,,,https://jlptsensei.com/learn-japanese-grammar/%e3%81%9f%e3%82%89%e6%9c%80%e5%be%8c-%e3%81%9f%e3%81%8c%e6%9c%80%e5%be%8c-%e3%81%9f%e3%82%89%e3%81%95%e3%81%84%e3%81%94-tara-saigo-meaning/
tara~tade,たら～たで,Learn Japanese grammar: (tara~tade). Meaning: if / in the case… of course / should ~. The way this is used is similar to “whether or...,"<table class=""table table-bordered table-sm usage""><tbody><tr><td>Verb (た) + ら</td><td>Verb (た) + で</td></tr><tr><td>Noun + なら</td><td>Noun + で</td></tr><tr><td>な-adj + なら</td><td>な-adj + で</td></tr><tr><td>い-adj + <s>い</s>かったら</td><td>い-adj + <s>い</s>かったで</td></tr></tbody></table>","Example #1失敗したらしたで、もう一度チャレンジすればいい。hintromajiEnglishしっぱいしたらしたで、もういちどチャレンジすればいい。shippai shitara shita de, mouichido charenji sureba ii.If you make a mistake, you can try again.","Example #2試験に落ちたら落ちたで、また来年受けるだけだ。hintromajiEnglishしけんにおちたらおちたで、またらいねんうけるだけだ。shiken ni ochitara ochita de, mata rainen ukeru dakeda.If I fail the exam, I fail, and I'll just take it again next year.",https://jlptsensei.com/learn-japanese-grammar/%e3%81%9f%e3%82%89%ef%bd%9e%e3%81%9f%e3%81%a7-tara-tade-meaning/
tara~tokoro da,たら～ところだ,"if... (counterfactual condition), then would be ~",<em>(no usage table)</em>,,,https://jlptsensei.com/learn-japanese-grammar/%e3%81%9f%e3%82%89%ef%bd%9e%e3%81%a8%e3%81%93%e3%82%8d%e3%81%a0-tara-tokoro-da-meaning/
tari tomo,たりとも,"Learn Japanese grammar: (tari tomo~nai). Meaning: not even; not any ~.​ This is used to say not even 1 [unit classifier] (day, minute, item, etc)....","<table class=""table table-bordered table-sm usage""><tbody><tr><td>1 + classifier<br/>(日, 分, 秒, 瞬, 円, 匹, etc)</td><td>たりとも～ない</td></tr></tbody></table>","Example #1彼は１日たりとも、学校を休んだことがない。hintromajiEnglishかれは１にちたりとも、がっこうをやすんだことがない。kare wa 1 nichi taritomo, gakkou o yasunda koto ga nai.He has never missed even a day of school.",Example #2１分たりとも遅刻は許しません。hintromajiEnglishいっぷんたりともちこくはゆるしません。ippun taritomo chikoku wa yurushimasen.I will not allow you to be late for even a minute.,https://jlptsensei.com/learn-japanese-grammar/%e3%81%9f%e3%82%8a%e3%81%a8%e3%82%82%ef%bd%9e%e3%81%aa%e3%81%84-tari-tomo-nai-meaning/
taru mono / taru,たるもの / たる,Learn Japanese grammar: (taru mono / taru). Meaning: (those) who are; (that) which is; in the capacity of … should ~. Because of one’s status...,"<table class=""table table-bordered table-sm usage""><tbody><tr><td>Noun</td><td>たるもの<br/>たる</td></tr></tbody></table>","Example #1医者たるもの、患者の命を優先に考えるべきだ。hintromajiEnglishいしゃたるもの、かんじゃのいのちをゆうせんにかんがえるべきだ。isha taru mono, kanja no inochi o yuusen ni kangaeru beki da.As a doctor, you should give priority to the life of the patient.","Example #2教師たるもの、学生の見本となるような行動すべきだ。hintromajiEnglishきょうしたるもの、がくせいのみほんとなるようなこうどうすべきだ。kyoushi taru mono, gakusei no mihon to naru youna koudou subeki da.As a teacher, you should act as a model for students.",https://jlptsensei.com/learn-japanese-grammar/%e3%81%9f%e3%82%8b%e3%82%82%e3%81%ae-%e3%81%9f%e3%82%8b-taru-mono-meaning/
te kanawanai,て敵わない（てかなわない）,Learn Japanese grammar: 【てかなわない】(te kanawanai). Meaning: can’t bear to; unable to; troublesome to; can’t stand to ~.,"<table class=""table table-bordered table-sm usage""><tbody><tr><td>Verb (て form)</td><td rowspan=""3"">（は）かなわない</td></tr><tr><td>な-adjective + で</td></tr><tr><td>い-adjective + <s>い</s> + くて</td></tr></tbody></table>",Example #1隣の工事がうるさくて敵わない。hintromajiEnglishとなりのこうじがうるさくてかなわない。tonari no kouji ga urusakute kanawanai.I can't stand the noise of the construction site next door.,"Example #2N1の問題は難しくて敵わない。でも、勉強するしかない。hintromajiEnglishN1のもんだいはむずかしくてかなわない。でも、べんきょうするしかない。N1 no mondai wa muzukashikute kanawanai. demo, benkyou suru shika nai.The questions in N1 are difficult beyond my ability. But I have no choice but to study.",https://jlptsensei.com/learn-japanese-grammar/%e3%81%a6%e6%95%b5%e3%82%8f%e3%81%aa%e3%81%84-%e3%81%a6%e3%81%8b%e3%81%aa%e3%82%8f%e3%81%aa%e3%81%84-te-kanawanai-meaning/
te kara to iu mono,てからというもの,ever since ~,<em>(no usage table)</em>,,,https://jlptsensei.com/learn-japanese-grammar/%e3%81%a6%e3%81%8b%e3%82%89%e3%81%a8%e3%81%84%e3%81%86%e3%82%82%e3%81%ae-te-kara-to-iu-mono-meaning/
te miseru,てみせる,Learn Japanese grammar: (te miseru). Meaning: I’ll do my best; I’ll definitely do; I’ll show you ~. Meaning 1) This expression shows the speaker’s strong...,"<table class=""table table-bordered table-sm usage""><tbody><tr><td>Verb (て form)</td><td>みせる</td></tr></tbody></table>","Example #1今度の試験には、絶対合格してみせるよ。hintromajiEnglishこんどのしけんには、ぜったいごうかくしてみせるよ。kondo no shiken ni wa, zettai goukaku shite miseru yo.I will definitely pass the next exam.",Example #2将来必ず有名なピアニストになってみせる。hintromajiEnglishしょうらいかならずゆうめいなピアニストになってみせる。shourai kanarazu yuumei na pianisuto ni natte miseru.I will definitely become a famous pianist in the future.,https://jlptsensei.com/learn-japanese-grammar/%e3%81%a6%e3%81%bf%e3%81%9b%e3%82%8b-te-miseru-meaning/
te shikaru beki da,てしかるべきだ,Learn Japanese grammar: て然るべきだ【】(te shikaru beki da). Meaning: should; appropriate; it is natural to do ~. This is used to express that … is the...,"<table class=""table table-bordered table-sm usage""><tbody><tr><td>Verb (て form)</td><td>しかるべきだ</td></tr></tbody></table>","Example #1後輩なら先輩に敬語を使ってしかるべきだ。hintromajiEnglishこうはいならせんぱいにけいごをつかってしかるべきだ。kouhai nara senpai ni keigo o tsukatte shikaru beki da.If you are a junior, you should use honorifics towards your seniors.","Example #2退学する前に、親と相談してしかるべきだ。hintromajiEnglishたいがくするまえに、おやとそうだんしてしかるべきだ。taigaku suru mae ni, oya to soudan shite shikaru beki da.You should consult with your parents before leaving school.",https://jlptsensei.com/learn-japanese-grammar/%e3%81%a6%e3%81%97%e3%81%8b%e3%82%8b%e3%81%b9%e3%81%8d%e3%81%a0-te-shikaru-beki-da-meaning/
te sumu koto dewa nai,て済むことではない（てすむことではない）,~ is not enough to solve the problem; cannot be resolved by ~,<em>(no usage table)</em>,,,https://jlptsensei.com/learn-japanese-grammar/%e3%81%a6%e6%b8%88%e3%82%80%e3%81%93%e3%81%a8%e3%81%a7%e3%81%af%e3%81%aa%e3%81%84-te-sumu-koto-dewa-nai-meaning/
te yamanai,てやまない,always; never stop; can’t help but ~,<em>(no usage table)</em>,,,https://jlptsensei.com/learn-japanese-grammar/%e3%81%a6%e3%82%84%e3%81%be%e3%81%aa%e3%81%84-te-yamanai-meaning/
temae,手前（てまえ）,Learn Japanese grammar: 【てまえ】(temae). Meaning: considering; before; in front of; one’s standpoint.,"<table class=""table table-bordered table-sm usage""><tbody><tr><td>Verb (casual)</td><td rowspan=""2"">手前</td></tr><tr><td>Noun + の</td></tr></tbody></table>","Example #1自分が一番若い手前、皆のお茶を入れるのは当然だ。hintromajiEnglishじぶんがいちばんわかいてまえ、みなのおちゃをいれるのはとうぜんだ。jibun ga ichiban wakai temae, mina no ocha o ireru no wa touzen da.Since I am the youngest, it is only natural that I am the one who prepare's everyone's tea.","Example #2熱があるから学校を休むと言ってしまった手前、外に出て誰かに見られてはまずい。hintromajiEnglishねつがあるからがっこうをやすむといってしまったてまえ、そとにでてだれかにみられてはまずい。netsu ga aru kara gakkou o yasumu to itte shimatta temae, soto ni dete dare ka ni mirarete wa mazui.Considering I said I couldn't go to school because I have a fever, it would be bad if someone spotted me going outside.",https://jlptsensei.com/learn-japanese-grammar/%e6%89%8b%e5%89%8d-%e3%81%a6%e3%81%be%e3%81%88-temae-meaning/
temo dou ni mo naranai,てもどうにもならない,Learn Japanese grammar: (temo dou ni mo naranai) / (temo dou naru mono demo nai). Meaning: it’s no use; can’t do anything.,"<table class=""table table-bordered table-sm usage""><tbody><tr><td>Verb (て form) + も</td><td rowspan=""4"">どうにもならない<br/>どうなるものでもない</td></tr><tr><td>Noun + でも</td></tr><tr><td>な-adjective + でも</td></tr><tr><td>い-adjective + <s>い</s> + くても</td></tr></tbody></table>",Example #1今さら反対してもどうなるものでもない。hintromajiEnglishいまさらはんたいしてもどうなるものでもない。imasara hantai shite mo dou naru mono de mo nai.It's too late to oppose things now.,Example #2過ぎたことを後悔してもどうにもならない。hintromajiEnglishすぎたことをこうかいしてもどうにもならない。sugita koto o koukai shite mo dou ni mo naranai.It's no use regretting things that happened in the past.,https://jlptsensei.com/learn-japanese-grammar/%e3%81%a6%e3%82%82%e3%81%a9%e3%81%86%e3%81%ab%e3%82%82%e3%81%aa%e3%82%89%e3%81%aa%e3%81%84-temo-dou-ni-mo-naranai-meaning/
temo sashitsukaenai,ても差し支えない（てもさしつかえない）,can ~; it’s okay if ~ (indicates permission or compromise),<em>(no usage table)</em>,,,https://jlptsensei.com/learn-japanese-grammar/%e3%81%a6%e3%82%82%e5%b7%ae%e3%81%97%e6%94%af%e3%81%88%e3%81%aa%e3%81%84-%e3%81%a6%e3%82%82%e3%81%95%e3%81%97%e3%81%a4%e3%81%8b%e3%81%88%e3%81%aa%e3%81%84-temo-sashitsukaenai-meaning/
temo shiranai,ても知らない（てもしらない）,if (you) continue... you'll end up / I don't care about it,<em>(no usage table)</em>,,,https://jlptsensei.com/learn-japanese-grammar/%e3%81%a6%e3%82%82%e7%9f%a5%e3%82%89%e3%81%aa%e3%81%84-temo-shiranai-meaning/
to aimatte,と相まって（とあいまって）,"Learn Japanese grammar: 【とあいまって / があいまって】(to aimatte / ga aimatte). Meaning: combining / together with…, more; because of the influence of…, more ~.","<table class=""table table-bordered table-sm usage""><tbody><tr><td>Noun + と/が/も</td><td>相まって<br/>あいまって</td></tr></tbody></table>","Example #1空の青と相まって、紅葉がより美しく見える。hintromajiEnglishそらのあおとあいまって、こうようがよりうつくしくみえる。sora no ao to aimatte, kouyou ga yori utsukushiku mieru.The fall colours look more beautiful with the blue sky.","Example #2努力と運が相まって、合格することができた。hintromajiEnglishどりょくとうんがあいまって、ごうかくすることができた。doryoku to un ga aimatte, goukaku suru koto ga dekita.Combining effort and luck, I was able to pass the exam.",https://jlptsensei.com/learn-japanese-grammar/%e3%81%a8%e7%9b%b8%e3%81%be%e3%81%a3%e3%81%a6-%e3%81%a8%e3%81%82%e3%81%84%e3%81%be%e3%81%a3%e3%81%a6-to-aimatte-meaning/
to areba,とあれば,Learn Japanese grammar: (to areba). Meaning: if it is the case that; if ~ (conjunction).,"<table class=""table table-bordered table-sm usage""><tbody><tr><td>Verb (casual)</td><td rowspan=""4"">とあれば</td></tr><tr><td>Noun</td></tr><tr><td>な-adjective</td></tr><tr><td>い-adjective</td></tr></tbody></table>","Example #1必要とあれば力を貸します。hintromajiEnglishひつようとあればちからをかします。hitsuyou to areba chikara o kashimasu.If it's necessary, I will lend you a hand.",Example #2それが運命とあれば仕方がない。hintromajiEnglishそれがうんめいとあればしかたがない。sore ga unmei to areba shikata ga nai.If that's my fate then it can't be helped.,https://jlptsensei.com/learn-japanese-grammar/%e3%81%a8%e3%81%82%e3%82%8c%e3%81%b0-to-areba-meaning/
to atte,とあって,Learn Japanese grammar: (to atte). Meaning: due to the fact that; because of ~. This is not often used regarding one’s own self.,"<table class=""table table-bordered table-sm usage""><tbody><tr><td>Verb (casual)</td><td rowspan=""4"">とあって</td></tr><tr><td>Noun +（だ）</td></tr><tr><td>な-adjective +（だ）</td></tr><tr><td>い-adjective + い</td></tr></tbody></table>","Example #1夏休みとあって、平日なのに学生がたくさんいる。hintromajiEnglishなつやすみとあって、へいじつなのにがくせいがたくさんいる。natsuyasumi to atte, heijitsu nanoni gakusei ga takusan iru.Due to it being summer break, even though it's a weekday, there are lots of students here.","Example #2ゴールデンウィークとあって、どこに行っても混んでいる。hintromajiEnglishゴールデンウィークとあって、どこにいってもこんでいる。gooruden wiiku to atte, doko ni itte mo kondeiru.Since it's Golden Week, no matter where you go it'll be crowded.",https://jlptsensei.com/learn-japanese-grammar/%e3%81%a8%e3%81%82%e3%81%a3%e3%81%a6-to-atte-meaning/
to bakari ni,とばかりに,as if to say; as though~,<em>(no usage table)</em>,,,https://jlptsensei.com/learn-japanese-grammar/%e3%81%a8%e3%81%b0%e3%81%8b%e3%82%8a%e3%81%ab-to-bakari-ni-meaning/
to ie domo,といえども,even if; even though; despite ~,<em>(no usage table)</em>,,,https://jlptsensei.com/learn-japanese-grammar/%e3%81%a8%e3%81%84%e3%81%88%e3%81%a9%e3%82%82-to-ie-domo-meaning/
to ienaku mo nai,と言えなくもない（といえなくもない）,one can even say that; it can also be said that ~,<em>(no usage table)</em>,,,https://jlptsensei.com/learn-japanese-grammar/%e3%81%a8%e8%a8%80%e3%81%88%e3%81%aa%e3%81%8f%e3%82%82%e3%81%aa%e3%81%84-to-ienaku-mo-nai-meaning/
to ii~to ii,といい～といい,Learn Japanese grammar: (to ii~to ii). Meaning: both … and; not only … also; whether it be … or ~. This is an expression that...,"<table class=""table table-bordered table-sm usage""><tbody><tr><td>Noun</td><td>といい</td><td>Noun</td><td>といい</td></tr></tbody></table>","Example #1このレストランは、料理の味といい値段といい、文句のつけようがない。hintromajiEnglishこのレストランは、りょうりのあじといいねだんといい、もんくのつけようがない。kono resutoran wa, ryouri no aji to ii nedan to ii, monku no tsuke you ga nai.This restaurant has good food taste and good price, so I can't complain.","Example #2あの映画はストーリーといい、キャラクターといい、素晴らしかった。hintromajiEnglishあのえいがはストーリーといい、キャラクターといい、すばらしかった。ano eiga wa sutoorii to ii, kyarakutaa to ii, subarashikatta.That movie had a good story and great characters, it was wonderful.",https://jlptsensei.com/learn-japanese-grammar/%e3%81%a8%e3%81%84%e3%81%84%ef%bd%9e%e3%81%a8%e3%81%84%e3%81%84-to-ii-to-ii-meaning/
to ittara nai,といったらない,extremely; very; nothing more ... than this; as ... as it could possibly be,<em>(no usage table)</em>,,,https://jlptsensei.com/learn-japanese-grammar/%e3%81%a8%e3%81%84%e3%81%a3%e3%81%9f%e3%82%89%e3%81%aa%e3%81%84-to-ittara-nai-meaning/
to iu,という,Learn Japanese grammar: (to iu). Meaning: all; every single ~ (no exceptions). The same noun is used twice to express the meaning of “all ~”...,"<table class=""table table-bordered table-sm usage""><tbody><tr><td>Noun</td><td>という</td><td>(same) noun</td></tr></tbody></table>",Example #1津波によって家という家が全て流されてしまった。hintromajiEnglishつなみによっていえといういえがすべてながされてしまった。tsunami ni yotte ie to iu ie ga subete nagasarete shimatta.The tsunami washed away all the houses (leaving none behind).,Example #2大雪で東京に行くの電車という電車が中止されている。hintromajiEnglishたいせつでとうきょうにいくのでんしゃというでんしゃがちゅうしされている。taisetsu de toukyou ni iku no densha to iu densha ga chuushi sarete iru.All trains heading towards Tokyo have been canceled due to heavy snow.,https://jlptsensei.com/learn-japanese-grammar/n1-%e3%81%a8%e3%81%84%e3%81%86-to-iu-meaning-all-every/
to iu ka~to iu ka,というか～というか,Learn Japanese grammar: (to iu ka~to iu ka). Meaning: or rather; or perhaps I should say; I mean ~. This does not need to be...,"<table class=""table table-bordered table-sm usage""><tbody><tr><td>Verb <small>(casual)</small></td><td rowspan=""4"">というか</td><td>Verb <small>(casual)</small></td><td rowspan=""4"">というか</td></tr><tr><td>Noun</td><td>Noun</td></tr><tr><td>な-adj</td><td>な-adj</td></tr><tr><td>い-adj</td><td>い-adj</td></tr></tbody></table>","Example #1気温が低すぎて、寒いというか痛い。hintromajiEnglishきおんがひくすぎて、さむいというかいい。kion ga hiku sugite, samui to iu ka itai.The temperature is too low. It's more painful than cold.","Example #2あんこが好きというか、ないと生きていけない。hintromajiEnglishあんこがすきというか、ないといきていけない。anko ga suki to iu ka, nai to ikite ikenai.I really like ""anko"" (sweet red bean paste), or rather I should say I can't live without it.",https://jlptsensei.com/learn-japanese-grammar/%e3%81%a8%e3%81%84%e3%81%86%e3%81%8b%ef%bd%9e%e3%81%a8%e3%81%84%e3%81%86%e3%81%8b-to-iu-ka-to-iu-ka-meaning/
to iu mono,というもの,Learn Japanese grammar: (to iu mono). Meaning: during; for; since; over a period of time. The nouns must represent a unit of time and are...,"<table class=""table table-bordered table-sm usage""><tbody><tr><td>Noun (time unit)</td><td>というもの</td></tr></tbody></table>","Example #1この一週間というもの、そればっかりです。hintromajiEnglishこのいっしゅうかんというもの、そればっかりです。kono isshuukan to iu mono, sore bakkari desu.We've had nothing else this past week","Example #2引っ越ししてからのこの１週間というもの、ずっと荷物の整理をしている。hintromajiEnglishひっこししてからのこの１しゅうかんというもの、ずっとにもつのせいりをしている。hikkoshi shite kara no kono isshuukan to iu mono, zutto nimotsu no seiri o shiteiru.I've been organizing my luggage for the past week since I moved.",https://jlptsensei.com/learn-japanese-grammar/%e3%81%a8%e3%81%84%e3%81%86%e3%82%82%e3%81%ae-to-iu-mono-meaning/
to iu tokoro da / to itta tokoro da,というところだ / といったところだ,Learn Japanese grammar: (to iu tokoro da / to itta tokoro da). Meaning: at the most; no more than​; at best; roughly; about ~. Implies...,"<table class=""table table-bordered table-sm usage""><tbody><tr><td>Noun</td><td>というところだ<br/>といったところだ<br/>ってところだ</td></tr></tbody></table>",Example #1彼女は多く見ても２０歳というところだ。hintromajiEnglishかのじょはおおくみてもはたちというところだ。kanojo wa ooku mitemo hatachi to iu tokoro da.She is 20 years old at most.,"Example #2ジムに行くのは週2、3回というところだ。hintromajiEnglishジムにいくのはしゅう2、3かいというところだ。jimu ni iku no wa shuu 2, 3 kai to iu tokoro da.I go to the gym at best 2 to 3 times a week.",https://jlptsensei.com/learn-japanese-grammar/%e3%81%a8%e3%81%84%e3%81%86%e3%81%a8%e3%81%93%e3%82%8d%e3%81%a0-%e3%81%a8%e3%81%84%e3%81%a3%e3%81%9f%e3%81%a8%e3%81%93%e3%82%8d%e3%81%a0-iu-tokoro-da-meaning/
to iu wake da,というわけだ,Learn Japanese grammar: (to iu wake da) & (to iu wake desu) . Meaning: that’s why; no wonder; this means; it is the case that;...,"<table class=""table table-bordered table-sm usage""><tbody><tr><td>Phrase</td><td>というわけだ<br/>というわけです</td></tr></tbody></table>",Example #1それが私たちの目的というわけです。hintromajiEnglishそれがわたしたちのもくてきというわけです。sore ga watashitachi no mokuteki to iu wake da.That is our goal.,"Example #2じゃあ、あと１時間ぐらいはいられるというわけですね。hintromajiEnglishじゃあ、あと１じかんぐらいはいられるというわけですね。jaa, ato 1 jikan gurai wa irareru to iu wake desu ne.So this means you will still be around for another hour or so?",https://jlptsensei.com/learn-japanese-grammar/%e3%81%a8%e3%81%84%e3%81%86%e3%82%8f%e3%81%91%e3%81%a0-to-iu-wake-da-%e3%81%a8%e3%81%84%e3%81%86%e3%82%8f%e3%81%91%e3%81%a7%e3%81%99-meaning/
to iu wake dewa nai,というわけではない,it’s not that; it doesn’t mean that ~,<em>(no usage table)</em>,,,https://jlptsensei.com/learn-japanese-grammar/%e3%81%a8%e3%81%84%e3%81%86%e3%82%8f%e3%81%91%e3%81%a7%e3%81%af%e3%81%aa%e3%81%84-to-iu-wake-dewa-nai-meaning/
to iwazu~to iwazu,といわず～といわず,"both; not only A or B, but (overall) ~",<em>(no usage table)</em>,,,https://jlptsensei.com/learn-japanese-grammar/%e3%81%a8%e3%81%84%e3%82%8f%e3%81%9a%ef%bd%9e%e3%81%a8%e3%81%84%e3%82%8f%e3%81%9a-to-iwazu-to-iwazu-meaning/
to kiteiru,ときている,because of ~,<em>(no usage table)</em>,,,https://jlptsensei.com/learn-japanese-grammar/%e3%81%a8%e3%81%8d%e3%81%a6%e3%81%84%e3%82%8b-to-kiteiru-meaning/
to miru to,とみると,"Learn Japanese grammar: (to miru to). Meaning: as soon as one realizes …, then ~. This sentence pattern is used to express the idea that...","<table class=""table table-bordered table-sm usage""><tbody><tr><td>Verb (casual)</td><td rowspan=""4"">とみると</td></tr><tr><td>Noun +（だ）</td></tr><tr><td>な-adjective</td></tr><tr><td>い-adjective + い</td></tr></tbody></table>","Example #1彼女は、店員が中国人だとみると、中国語で話しかける。hintromajiEnglishかのじょは、てんいんがちゅうごくじんだとみると、ちゅうごくごではなしかける。kanojo wa, tenin ga chuugokujin da to miru to, chuugokugo de hanashi kakeru.After realizing the shop staff is Chinese, she speaks to them in Chinese.","Example #2本格的なイタリア料理屋ではないとみると、彼女はガッカリしていて、少ししか食べなかった。hintromajiEnglishほんかくてきなイタリアりょうりやではないとみると、かのじょはガッカリしていて、すこししかたべなかった。honkaku tekina itaria ryouriya dewa nai to miru to, kanojo wa gakkari shite ite, sukoshi shika tabenakatta.After realizing that it wasn't a full-fledged Italian restaurant, she was disappointed and only ate a little.",https://jlptsensei.com/learn-japanese-grammar/%e3%81%a8%e3%81%bf%e3%82%8b%e3%81%a8-to-miru-to-meaning/
to miru ya,と見るや（とみるや）,at the sight of; upon seeing; after confirming ~,<em>(no usage table)</em>,,,https://jlptsensei.com/learn-japanese-grammar/%e3%81%a8%e8%a6%8b%e3%82%8b%e3%82%84-%e3%81%a8%e3%81%bf%e3%82%8b%e3%82%84-to-miru-ya-meaning/
to naru to / to nareba,となると / となれば,Learn Japanese grammar: (to naru to / to nareba / to nattara). Meaning: when it comes to; in such a case; if that happens.,"<table class=""table table-bordered table-sm usage""><tbody><tr><td>Verb (casual)</td><td rowspan=""4"">と（も）なると<br/>と（も）なれば<br/>となったら</td></tr><tr><td>Noun</td></tr><tr><td>な-adjective</td></tr><tr><td>い-adjective</td></tr></tbody></table>","Example #1いざ出発となると、不安になってきた。hintromajiEnglishいざしゅっぱつとなると、ふあんになってきた。iza shuppatsu to naru to, fuan ni natte kita.When it came time to leave, I became anxious.","Example #2彼はとてもいいひとですが結婚となると、ちょっと頼りない気がする。hintromajiEnglishかれはとてもいいひとですがけっこんとなると、ちょっとたよりないきがする。kare wa totemo ii hito desuga kekkon to naru to, chotto tayorinai ki ga suru.He is a very nice person, but when it comes to marriage, he feels a little unreliable.",https://jlptsensei.com/learn-japanese-grammar/%e3%81%a8%e3%81%aa%e3%82%8b%e3%81%a8-%e3%81%a8%e3%81%aa%e3%82%8c%e3%81%b0-%e3%81%a8%e3%81%aa%e3%81%a3%e3%81%9f%e3%82%89-to-naru-to-nareba-meaning/
to sareru,とされる,Learn Japanese grammar: (to sareru / to sareteiru). Meaning: is considered to; it is said that ~.,"<table class=""table table-bordered table-sm usage""><tbody><tr><td>Sentence</td><td rowspan=""2"">とされる<br/>とされている</td></tr><tr><td>Noun</td></tr></tbody></table>",Example #1彼のやったことは法律違反とされる。hintromajiEnglishかれのやったことはほうりついはんとされる。kare no yatta koto wa houritsu ihan to sareru.What he did is considered a violation of the law.,Example #2息子は社会人として必要とされている知識に欠ける。hintromajiEnglishむすこはしゃかいじんとしてひつようとされているちしきにかける。musuko wa shakaijin toshite hitsuyou to sareteiru chishiki ni kakeru.My son is lacking knowledge considered necessary to survive in society as an adult.,https://jlptsensei.com/learn-japanese-grammar/%e3%81%a8%e3%81%95%e3%82%8c%e3%82%8b-%e3%81%a8%e3%81%95%e3%82%8c%e3%81%a6%e3%81%84%e3%82%8b-to-sareru-meaning/
tokitara,ときたら,Learn Japanese grammar: (tokitara). Meaning: when it comes to; concerning ~. This is used by the speaker to express their judgements or strong emotions about...,"<table class=""table table-bordered table-sm usage""><tbody><tr><td>Noun</td><td>ときたら</td></tr></tbody></table>","Example #1私の息子ときたら、もうすぐ試験なのに遊んでばかりいるんですよ。hintromajiEnglishわたしのむすこときたら、もうすぐしけんなのにあそんでばかりいるんですよ。watashi no musuko tokitara, mou sugu shiken na noni asonde bakari irun desu yo.My son is not studying at all although his exam is coming up soon.","Example #2うちの大学ときたら、学費が高いくせに先生たちの質が低すぎるよ。hintromajiEnglishうちのだいがくときたら、がくひがたかいくせにせんせいたちのしつがひくすぎるよ。uchi no daigaku tokitara, gakuhi ga takai kuse ni sensei tachi no shitsu ga hiku sugiru yo.At our university, the quality of the teachers is too low despite the high tuition fees.",https://jlptsensei.com/learn-japanese-grammar/%e3%81%a8%e3%81%8d%e3%81%9f%e3%82%89-tokitara-meaning/
tokoro o,ところを,Learn Japanese grammar: (tokoro o). Meaning: although (it is a certain time or something is in a certain condition); even though normally.,"<table class=""table table-bordered table-sm usage""><tbody><tr><td>Verb (casual)</td><td rowspan=""4"">ところを</td></tr><tr><td>Noun + の</td></tr><tr><td>な-adjective + な</td></tr><tr><td>い-adjective</td></tr></tbody></table>","Example #1お忙しいところをお集まりいただき、ありがとうございます。hintromajiEnglishおいそがしいところをおあつまりいただき、ありがとうございます。oisogashii tokoro o o atsumari itadaki, arigatou gozaimasu.Thank you for taking time out of your busy schedules to gather here.","Example #2先生、お忙しいところをすみません。ちょっとこれを教えていただけませんか。hintromajiEnglishせんせい、おいそがしいところをすみません。ちょっとこれをおしえていただけませんか。sensei, o isogashii tokoro o sumimasen. chotto kore o oshiete itadakemasen ka.Teacher, I'm sorry to disturb you when you are busy, but could you please teach me about this?",https://jlptsensei.com/learn-japanese-grammar/%e3%81%a8%e3%81%93%e3%82%8d%e3%82%92-tokoro-o-meaning/
tomo arou mono ga,ともあろうものが,of all people (expression showing surprise at a high standing person's misbehavior),<em>(no usage table)</em>,,,https://jlptsensei.com/learn-japanese-grammar/%e3%81%a8%e3%82%82%e3%81%82%e3%82%8d%e3%81%86%e3%82%82%e3%81%ae%e3%81%8c-tomo-arou-mono-ga-meaning/
tomo naku / tomo nashi ni,ともなく / ともなしに,Learn Japanese grammar: (tomo naku / tomo nashi ni). Meaning: somehow; without knowing; without thinking; unconsciously​ ~. Meaning 1) Verb + ともなく / ともなしに To...,"<table class=""table table-bordered table-sm usage""><tbody><tr><td>1)</td><td>Verb (dictionary)</td><td rowspan=""2"">ともなく<br/>ともなしに</td></tr><tr><td>2)</td><td>interrogative word + (particle)<br/>疑問詞 ＋ (助詞)</td></tr></tbody></table>","Example #1休みの日にはどこへ行くともなしにドライブすることが多い。hintromajiEnglishやすみのひにはどこへいくともなしにドライブすることがおおい。yasumi no hi ni wa doko e iku tomo nashi ni doraibu suru koto ga ooi.On my days off, I often drive without any destination in mind.","Example #2チラシを見るともなく見ていたら、友達が映っていた。hintromajiEnglishチラシをみるともなくみていたら、ともだちがうつっていた。chirashi o miru tomo naku miteitara, tomodachi ga utsutteita.Without looking intentionally, I somehow noticed a flyer that my friend appeared on.",https://jlptsensei.com/learn-japanese-grammar/%e3%81%a8%e3%82%82%e3%81%aa%e3%81%8f-%e3%81%a8%e3%82%82%e3%81%aa%e3%81%97%e3%81%ab-tomo-naku-meaning/
tomo sureba,ともすれば,apt to (do); tend to; liable to; prone to ~,<em>(no usage table)</em>,,,https://jlptsensei.com/learn-japanese-grammar/%e3%81%a8%e3%82%82%e3%81%99%e3%82%8c%e3%81%b0-tomo-sureba-meaning/
tomo~tomo,とも～とも,unable to draw a conclusion; unable to judge,<em>(no usage table)</em>,,,https://jlptsensei.com/learn-japanese-grammar/%e3%81%a8%e3%82%82%ef%bd%9e%e3%81%a8%e3%82%82-tomo-tomo-meaning/
toriwake,とりわけ,especially; above all ~,<em>(no usage table)</em>,,,https://jlptsensei.com/learn-japanese-grammar/%e3%81%a8%e3%82%8a%e3%82%8f%e3%81%91-toriwake-meaning/
toshita koto ga,としたことが,"Learn Japanese grammar: 【としたことが】(toshita koto ga). Meaning: of all people, who would have thought? This is used to express the surprise of the speaker toward...","<table class=""table table-bordered table-sm usage""><tbody><tr><td>Noun</td><td>としたことが</td></tr></tbody></table>","Example #1彼としたことが、こんな大きなミスをするなんて、信じられない。hintromajiEnglishかれとしたことが、こんなおおきなミスをするなんて、しんじられない。kare toshita koto ga, konna ooki na misu o suru nante, shinjirarenai.I can't believe that of all people, he would make such a big mistake.","Example #2大学生としたことが、こんな問題も答えられないなんて。hintromajiEnglishだいがくせいとしたことが、こんなもんだいもこたえられないなんて。daigakusei toshita koto ga, konna mondai mo kotae rarenai nante.Of all people, for a university student to not be able to answer this kind of question...",https://jlptsensei.com/learn-japanese-grammar/%e3%81%a8%e3%81%97%e3%81%9f%e3%81%93%e3%81%a8%e3%81%8c-toshita-koto-ga-meaning/
tossa ni,とっさに,at once; right away; promptly,<em>(no usage table)</em>,,,https://jlptsensei.com/learn-japanese-grammar/%e3%81%a8%e3%81%a3%e3%81%95%e3%81%ab-tossa-ni-meaning/
tote,とて,even; even if/though ~,<em>(no usage table)</em>,,,https://jlptsensei.com/learn-japanese-grammar/%e3%81%a8%e3%81%a6-tote-particle-meaning/
towa,とは,Learn Japanese grammar: (towa). Meaning: I didn’t know; I was surprised that; the fact that ~. This is a particle used to indicate the topic...,"<table class=""table table-bordered table-sm usage""><tbody><tr><td>Verb (casual)</td><td rowspan=""4"">とは</td></tr><tr><td>Noun +（だ/だった）</td></tr><tr><td>な-adjective +（だ/だった）</td></tr><tr><td>い-adjective + い</td></tr></tbody></table>",Example #1彼が犯人だったとは…hintromajiEnglishかれがはんにんだったとは…kare ga han'nin datta to wa…I didn't think he was the culprit...,"Example #2才能のある彼女が急に亡くなるとは、とても残念です。hintromajiEnglishさいのうのあるかのじょがきゅうになくなるとは、とてもざんねんです。sainou no aru kanojo ga kyuu ni naku naru towa, totemo zannen desu.It's such a shame and shocking that such a talented person like her has suddenly died.",https://jlptsensei.com/learn-japanese-grammar/%e3%81%a8%e3%81%af-towa-meaning/
towa ie,とはいえ,though; although; be that as it may; nonetheless,<em>(no usage table)</em>,,,https://jlptsensei.com/learn-japanese-grammar/%e3%81%a8%e3%81%af%e3%81%84%e3%81%88-towa-ie-meaning/
towa kurabemono ni naranai,とは比べものにならない（とはくらべものにならない）,Learn Japanese grammar: 【とはくらべものにならない】(towa kurabemono ni naranai). Meaning: can’t compare with ~.,"<table class=""table table-bordered table-sm usage""><tbody><tr><td>Noun</td><td>とは比べものにならない</td></tr></tbody></table>","Example #1彼女は美人で英語もぺらぺらだし、とても私とは比べものにならないです。hintromajiEnglishかのじょはびじんでえいごもぺらぺらだし、とてもわたしとはくらべものにならないです。kanojo wa bijin de eigo mo perapera dashi, totemo watashi towa kurabemono ni naranai desu.She is beautiful and fluent in English, so I can't even compare to her.",Example #2私の料理はお母さんとは比べものにならない。hintromajiEnglishわたしのりょうりはおかあさんとはくらべものにならない。watashi no ryouri wa okaasan towa kurabemono ni naranai.My cooking skill cannot compare with my mother's.,https://jlptsensei.com/learn-japanese-grammar/%e3%81%a8%e3%81%af%e6%af%94%e3%81%b9%e3%82%82%e3%81%ae%e3%81%ab%e3%81%aa%e3%82%89%e3%81%aa%e3%81%84-towa-kurabemono-ni-naranai-meaning/
towa utte kawatte / to wa utte kawari,とは打って変わって / とは打って変わり（とはうってかわって / とはうってかわり）,unlike; totally different; very different from ~,<em>(no usage table)</em>,,,https://jlptsensei.com/learn-japanese-grammar/%e3%81%a8%e3%81%af%e6%89%93%e3%81%a3%e3%81%a6%e5%a4%89%e3%82%8f%e3%81%a3%e3%81%a6-%e3%81%a8%e3%81%af%e6%89%93%e3%81%a3%e3%81%a6%e5%a4%89%e3%82%8f%e3%82%8a-towa-utte-kawatte-meaning/
tsu~tsu,つ～つ,Learn Japanese grammar: (tsu~tsu). Meaning: and ~ (indicates two contrasting actions happening continuously / repetitively). Two different verb sets can be used: Opposite verbs 「行きつ～戻りつ」(iki...,"<table class=""table table-bordered table-sm usage""><tbody><tr><td>Verb (stem) <s>ます</s></td><td>つ</td><td>Verb (stem) <s>ます</s></td><td>つ</td></tr></tbody></table>",Example #1たくさんの亀が池の中を浮きつ沈みつしている。hintromajiEnglishたくさんのかめがいけのなかをうきつしずみつしている。takusan no kame ga ike no naka o uki tsu shizumi tsu shite iru.Many turtles are floating and sinking in the pond.,"Example #2どうしても欲しいゲームがあって、店の前を行きつ戻りつした。hintromajiEnglishどうしてもほしいゲームがあって、みせのまえをいきつもどりつした。doushitemo hoshii geemu ga atte, mise no mae o iki tsu modori tsu shita.There was a game I really wanted, and I went back and forth in front of the store.",https://jlptsensei.com/learn-japanese-grammar/%e3%81%a4%ef%bd%9e%e3%81%a4-tsu-tsu-meaning/
tsukusu,尽くす（つくす）,to use up (completely without anything remaining); to exhaust; to run out of ~,<em>(no usage table)</em>,,,https://jlptsensei.com/learn-japanese-grammar/%e5%b0%bd%e3%81%8f%e3%81%99-%e3%81%a4%e3%81%8f%e3%81%99-tsukusu-meaning/
tteba / ttara,ってば / ったら,speaking of; I told you already; come on (annoyance / dissatisfaction),<em>(no usage table)</em>,,,https://jlptsensei.com/learn-japanese-grammar/%e3%81%a3%e3%81%a6%e3%81%b0-%e3%81%a3%e3%81%9f%e3%82%89-tteba-ttara-meaning/
uchi ni hairanai,うちに入らない（うちにはいらない）,not really; can't be regarded as ~,<em>(no usage table)</em>,,,https://jlptsensei.com/learn-japanese-grammar/%e3%81%86%e3%81%a1%e3%81%ab%e5%85%a5%e3%82%89%e3%81%aa%e3%81%84-uchi-ni-hairanai-meaning/
wa,わ,Learn Japanese grammar: (wa). Meaning: feminine sentence ending particle. わ (wa) is used by women at the end of sentences. It has no meaning in...,"<table class=""table table-bordered table-sm usage""><tbody><tr><td rowspan=""4"">Phrase</td><td>わ</td></tr><tr><td>わね</td></tr><tr><td>わよ</td></tr><tr><td>わよね</td></tr></tbody></table>","Example #1知ってるわ。hintromajiEnglishしっているわ。shitteiru wa.Yes, I know.",Example #2ちゃんとやるわ！hintromajiEnglishちゃんとやるわ！chanto yaru wa!I will do my best!,https://jlptsensei.com/learn-japanese-grammar/%e3%82%8f-wa-particle-meaning/
wa dou de are,はどうであれ,however; whatever​ ~,<em>(no usage table)</em>,,,https://jlptsensei.com/learn-japanese-grammar/%e3%81%af%e3%81%a9%e3%81%86%e3%81%a7%e3%81%82%e3%82%8c-wa-dou-de-are-meaning/
wa oroka,はおろか,Learn Japanese grammar: (wa oroka). Meaning: let alone; not to mention; needless to say ~. This is often used with negative expressions and paired with...,"<table class=""table table-bordered table-sm usage""><tbody><tr><td>Verb (dict.) + の/こと</td><td rowspan=""2"">はおろか</td><td rowspan=""2"">（も<br/>まで<br/>すら<br/>さえ）</td></tr><tr><td>Noun</td></tr></tbody></table>","Example #1僕の地元はモールはおろかコンビニすらない。hintromajiEnglishぼくのじもとはモールはおろかコンビニすらない。boku no jimoto wa mooru wa oro ka konbini sura nai.My hometown doesn't even have a convenience store, let alone a mall.","Example #2納豆は嫌いなので、食べることはおろか、匂いを嗅ぐこともしたくない。hintromajiEnglishなっとうはきらいなので、たべることはおろか、においをかぐこともしたくない。nattou wa kirai na node, taberu koto wa oro ka, nioi o kagu koto mo shitakunai.I hate natto, so I don't want to smell it, let alone eat it.",https://jlptsensei.com/learn-japanese-grammar/%e3%81%af%e3%81%8a%e3%82%8d%e3%81%8b-wa-oroka-meaning/
wa sateoki,はさておき,setting aside ~,<em>(no usage table)</em>,,,https://jlptsensei.com/learn-japanese-grammar/%e3%81%af%e3%81%95%e3%81%a6%e3%81%8a%e3%81%8d-wa-sateoki-meaning/
wa socchinoke de / o socchinoke de,はそっちのけで / をそっちのけで,ignoring (one thing) for (another)​​; instead of ~,<em>(no usage table)</em>,,,https://jlptsensei.com/learn-japanese-grammar/%e3%81%af%e3%81%9d%e3%81%a3%e3%81%a1%e3%81%ae%e3%81%91%e3%81%a7-%e3%82%92%e3%81%9d%e3%81%a3%e3%81%a1%e3%81%ae%e3%81%91%e3%81%a7-wa-socchinoke-de-meaning/
wa~wade,わ〜わで,and (listing negative things happening at the same time),<em>(no usage table)</em>,,,https://jlptsensei.com/learn-japanese-grammar/%e3%82%8f%e3%80%9c%e3%82%8f%e3%81%a7-wa-wade-meaning/
ya ina ya,や否や（やいなや）,as soon as; the moment ~,<em>(no usage table)</em>,,,https://jlptsensei.com/learn-japanese-grammar/%e3%82%84%e5%90%a6%e3%82%84-ya-ina-ya-meaning/
ya shinai,やしない,"should do, but don't; absolutely not; there's no way ~",<em>(no usage table)</em>,,,https://jlptsensei.com/learn-japanese-grammar/%e3%82%84%e3%81%97%e3%81%aa%e3%81%84-ya-shinai-meaning/
yare~yare,やれ～やれ,Learn Japanese grammar: (yare~yare). Meaning: and for example. This is a pattern to give two representative examples (usually negative).,"<table class=""table table-bordered table-sm usage""><tbody><tr><td rowspan=""2"">やれ</td><td>Noun + だ(の)</td><td rowspan=""2"">やれ</td><td>Noun + だ(の) + と</td></tr><tr><td>sentence</td><td>sentence</td></tr></tbody></table>","Example #1やれ出張だの、やれ会議だのと、ゆっくりする暇もない。hintromajiEnglishやれしゅっちょうだの、やれかいぎだのと、ゆっくりするひまもない。yare shucchou da no, yare kaigi da no to, yukkuri suru hima mo nai.With business trips and meetings, I don't have any time to relax.","Example #2日本で部屋を借りる場合、やれ敷金だやれ礼金だと、いろいろなお金がかかる。hintromajiEnglishにほんでへやをかりるばあい、やれしききんだやれれいきんだと、いろいろなおかねがかかる。nihon de heya o kariru baai, yare shikikin da yare reikin da to, iroirona okane ga kakaru.When renting a room in Japan, it costs a lot of money from the security deposit to key money and other various fees.",https://jlptsensei.com/learn-japanese-grammar/%e3%82%84%e3%82%8c%ef%bd%9e%e3%82%84%e3%82%8c-yare-yare-meaning/
you ga / you to,ようが / ようと,"Learn Japanese grammar: (you ga / you to). Meaning: even if; no matter how/what ~. This is often preceded with an adverb like (いくら、どう、どんなに, etc.)....","<table class=""table table-bordered table-sm usage""><tbody><tr><td>Verb (volitional)</td><td rowspan=""4"">が<br/>と（も）</td></tr><tr><td>Noun + だろう/であろう</td></tr><tr><td>な-adjective + だろう/であろう</td></tr><tr><td>い-adjective <s>い</s> + かろう</td></tr></tbody></table>","Example #1君が何歳であろうが関係ない。仕事が出来ればいい。hintromajiEnglishきみがなんさいであろうがかんけいない。しごとができればいい。kimi ga nansai de arou ga kankei nai. shigoto ga dekireba ii.As long as you can do the job, it doesn't matter how old you are.","Example #2誰と結婚しようが、私の勝手でしょ。hintromajiEnglishだれとけっこんしようが、わたしのかってでしょ。dare to kekkon shiyou ga, watashi no katte desho.Who I marry is my choice.",https://jlptsensei.com/learn-japanese-grammar/%e3%82%88%e3%81%86%e3%81%8c-%e3%82%88%e3%81%86%e3%81%a8-you-ga-you-to-meaning/
you ga~you ga / you to~you to,ようが～ようが / ようと～ようと,Learn Japanese grammar: (you ga~you ga / you to~you to). Meaning: no matter; whether; even if [A] or [B]. This is used to compare 2...,"<table class=""table table-bordered table-sm usage""><tbody><tr><td>Verb (volitional)</td><td rowspan=""4"">が<br/>と（も）</td></tr><tr><td>Noun + だろう/であろう</td></tr><tr><td>な-adjective + だろう/であろう</td></tr><tr><td>い-adjective <s>い</s> + かろう</td></tr></tbody></table>","Example #1俺は魚だろうが肉だろうが、何でも食べる。hintromajiEnglishおれはさかなだろうがにくだろうが、なんでもたべる。ore wa sakana darou ga niku darou ga, nandemo taberu.Whether it be fish or meat, I'll eat anything.","Example #2雨が降ろうと雪が降ろうと明日のイベントには必ず行くよ。hintromajiEnglishあめがふろうとゆがふろうとあしたのイベントにはかならずいくよ。ame ga furou to yuki ga furou to ashita no ibento ni wa kanarazu iku yo.Come rain or snow, I'm definitely going to tomorrow's event!",https://jlptsensei.com/learn-japanese-grammar/%e3%82%88%e3%81%86%e3%81%8c%ef%bd%9e%e3%82%88%e3%81%86%e3%81%8c-%e3%82%88%e3%81%86%e3%81%a8%ef%bd%9e%e3%82%88%e3%81%86%e3%81%a8-you-ga-you-to-meaning/
you ni yotte wa / you dewa,ようによっては / ようでは,depending on the way; depending on how; according to how ~,<em>(no usage table)</em>,,,https://jlptsensei.com/learn-japanese-grammar/%e3%82%88%e3%81%86%e3%81%ab%e3%82%88%e3%81%a3%e3%81%a6%e3%81%af-%e3%82%88%e3%81%86%e3%81%a7%e3%81%af-you-ni-yotte-wa-you-dewa-meaning/
you nimo~nai,ようにも～ない,Learn Japanese grammar: (you nimo~nai). Meaning: even if I wanted to… I couldn’t ~. Similar to “you can’t do it even if you wanted to...,"<table class=""table table-bordered table-sm usage""><tbody><tr><td>Verb<br/><small>(volitional / dictionary)</small></td><td>にも</td><td>Verb<br/><small>(ない potential) or<br/>(ない form)</small></td></tr></tbody></table>","Example #1風が強すぎて走ろうにも走れない。hintromajiEnglishかぜがつよすぎてはしろうにもはしれない。kaze ga tsuyo sugite hashirou nimo hashirenai.The wind was so strong that even if I tried to run, I couldn't.","Example #2結婚しようにも相手がいない。hintromajiEnglishけっこんしようにもあいてがいない。kekkon shiyou nimo aite ga ainai.Even if I wanted to get married, I don't have someone to marry.",https://jlptsensei.com/learn-japanese-grammar/%e3%82%88%e3%81%86%e3%81%ab%e3%82%82%ef%bd%9e%e3%81%aa%e3%81%84-you-nimo-nai-meaning/
you to~mai to / you ga~mai ga,ようと～まいと / ようが～まいが,Learn Japanese grammar: (you to~mai to / you ga~mai ga). Meaning: whether or not; regardless.,"<table class=""table table-bordered table-sm usage""><tbody><tr><td>V (volitional)</td><td>と + Verb + まいと<br/>が + Verb + まいが</td></tr><tr><td colspan=""2""><b>How to use まい</b><br/>るV -&gt; Vるまい / V<s>ます</s>まい<br/>うV -&gt; Vるまい<br/>くる -&gt; こまい / くるまい<br/>する -&gt; しまい / すまい / するまい</td></tr></tbody></table>","Example #1彼が来ようが来まいが、私とは関係ない。hintromajiEnglishかれがこようがこまいが、わたしとはかんけいない。kare ga koyou ga komai ga, watashi to wa kankei nai.It doesn't matter to me whether he comes or not.",Example #2雨が降ろうと降るまいと試合は行われる。hintromajiEnglishあめがふろうとふるまいとしあいはおこなわれる。ame ga furou to furu mai to shiai ga okonawareru.The match will be held rain or shine.,https://jlptsensei.com/learn-japanese-grammar/%e3%82%88%e3%81%86%e3%81%a8%ef%bd%9e%e3%81%be%e3%81%84%e3%81%a8-%e3%82%88%e3%81%86%e3%81%8c%ef%bd%9e%e3%81%be%e3%81%84%e3%81%8c-you-to-mai-to-you-ga-mai-ga-meaning/
yue ni,ゆえに,therefore; consequently​; because of; due to ~,<em>(no usage table)</em>,,,https://jlptsensei.com/learn-japanese-grammar/%e6%95%85%e3%81%ab-%e3%82%86%e3%81%88%e3%81%ab-yue-ni-meaning/
zo / ze,ぞ・ぜ,Learn Japanese grammar: (zo / ze). Meaning: ending particle; adds force or indicates command. These are masculine expressions and emphasizes the speaker’s will or opinion....,"<table class=""table table-bordered table-sm usage""><tbody><tr><td rowspan=""2"">Phrase</td></tr><tr><td>ぞ / ぜ</td></tr></tbody></table>",Example #1がんばるぞ！hintromajiEnglishがんばるぞ！ganbaru zo!I will do my best!,"Example #2さあ, 始めるぞ！hintromajiEnglishさあ、はじめるぞ！saa, hajimeru zo!Here goes!",https://jlptsensei.com/learn-japanese-grammar/%e3%81%9e-%e3%81%9c-zo-ze-ending-particle-meaning/
zu jimai,ずじまい,"Learn Japanese grammar: (zu jimai). Meaning: ended up not doing ~. This is used to express that one intended to do something, but ended up...","<table class=""table table-bordered table-sm usage""><tbody><tr><td>Verb <s>ない</s> (ない stem) + ず</td><td rowspan=""2"">じまい</td></tr><tr><td>しない -&gt; せず</td></tr></tbody></table>","Example #1旅行前にガイドブックを買ったけど、使わずじまいだった。hintromajiEnglishりょこうまえにガイドブックをかったけど、つかわずじまいだった。ryokou mae ni gaidobukku o katta kedo, tsukawazu jimai datta.I bought a guidebook before the trip, but I didn't use it.","Example #2せっかく日本へ旅行したのに、日本料理を食べずじまいで帰ることになった。hintromajiEnglishせっかくにほんへりょこうしたのに、にほんりょうりをたべずじまいでかえることになった。sekkaku nihon e ryokou shita noni, nihon ryouri o tabezu jimai de kaeru koto ni natta.Even though I traveled to Japan, I ended up returning home without eating any Japanese food.",https://jlptsensei.com/learn-japanese-grammar/%e3%81%9a%e3%81%98%e3%81%be%e3%81%84-zu-jimai-meaning/
zu niwa okanai / nai dewa okanai,ずにはおかない / ないではおかない,Learn Japanese grammar: (zu niwa okanai / nai dewa okanai). Meaning: will definitely/certainly do something; cannot not ~.,"<table class=""table table-bordered table-sm usage""><tbody><tr><td>Verb (ない form) + で</td><td rowspan=""3"">はおかない</td></tr><tr><td>Verb <s>ない</s> (ない stem) + ずに</td></tr><tr><td colspan=""2"">※ する -&gt; せずに</td></tr></tbody></table>",Example #1やられたらやり返せずにはおかない。hintromajiEnglishやられたらやりかえせずにはおかない。yararetara yarikae sezu niwa okanai.You must fight back if you are defeated.,Example #2帰りが遅くなってしまった。父に叱られないではおかない。hintromajiEnglishかえりがおそくなってしまった。ちちにしかられないではおかない。kaeri ga osoku natte shimatta. chichi ni shikararenai dewa okanai.I returned home late. I will definitely be scolded by father.,https://jlptsensei.com/learn-japanese-grammar/%e3%81%9a%e3%81%ab%e3%81%af%e3%81%8a%e3%81%8b%e3%81%aa%e3%81%84-%e3%81%aa%e3%81%84%e3%81%a7%e3%81%af%e3%81%8a%e3%81%8b%e3%81%aa%e3%81%84-zu-niwa-okanai-meaning/
zu niwa sumanai / nai dewa sumanai,ずには済まない / ないでは済まない（ずにはすまない / ないではすまない）,must; will definitely; can’t help but to ~,<em>(no usage table)</em>,,,https://jlptsensei.com/learn-japanese-grammar/%e3%81%9a%e3%81%ab%e3%81%af%e6%b8%88%e3%81%be%e3%81%aa%e3%81%84-%e3%81%aa%e3%81%84%e3%81%a7%e3%81%af%e6%b8%88%e3%81%be%e3%81%aa%e3%81%84-zu-niwa-sumanai-nai-dewa-sumanai-meaning/
zu tomo,ずとも,Learn Japanese grammar: (zu tomo). Meaning: even without doing; even without being​ ~.,"<table class=""table table-bordered table-sm usage""><tbody><tr><td>Verb <s>ない</s> (ない stem)</td><td>ずとも</td></tr><tr><td colspan=""2"">Exception : しない -&gt; せず</td></tr></tbody></table>",Example #1勉強せずとも誰でも満点取れるくらい簡単だった。hintromajiEnglishべんきょうせずともだれでもまんてんをとれるくらいかんたんだった。benkyou sezu tomo dare demo manten o toreru kurai kantan datta.It was so easy that anyone could get a perfect score even without studying.,"Example #2現金を使わずとも、クレジットカードで決済できる。hintromajiEnglishげんきんをつかわずとも、クレジットカードでけっさいできる。genkin o tsukawazu tomo, kurejitto kaado de kessai dekiru.You can pay with a credit card without using cash.",https://jlptsensei.com/learn-japanese-grammar/%e3%81%9a%e3%81%a8%e3%82%82-zu-tomo-meaning/
zukume,ずくめ,completely; entirely; nothing but ~,<em>(no usage table)</em>,,,https://jlptsensei.com/learn-japanese-grammar/%e3%81%9a%e3%81%8f%e3%82%81-zukume-meaning/
