grammar_name_en,grammar_name_jp,meaning,how_to_use_html,example_1,example_2,source
ageku,あげく,Learn Japanese grammar: (ageku). Meaning: to end up; in the end; finally; after all ~.,"<table class=""table table-bordered table-sm usage""><tbody><tr><td>Verb (た form)</td><td rowspan=""2"">あげく（に）</td></tr><tr><td>Noun + の</td></tr></tbody></table>","Example #12時間も待たされたあげく、結局に試合は延期になった。hintromajiEnglish2じかんもまたされたあげく、けっきょくにしあいはえんきになった。2 jikan mo matasareta ageku, keekyoku ni shiai wa enki ni natta.After waiting for 2 hours, the match ended up being postponed.","Example #2毎日の残業のあげく、彼女は倒れて入院することになりました。hintromajiEnglishまいにちのざんぎょうのあげく、かのじょはたおれてにゅういんすることになりました。mainichi no zangyou no ageku, kanojo wa taorete nyuuin shita koto ni nari mashita.After working overtime everyday, she collapsed and was hospitalized.",https://jlptsensei.com/learn-japanese-grammar/%e3%81%82%e3%81%92%e3%81%8f-ageku-meaning/
aruiwa,あるいは,Learn Japanese grammar: (aruiwa). Meaning: or; either; maybe; perhaps; possibly ~. This grammar can be used to express 2 different meanings: Meaning 1) conjunction: [A]...,"<table class=""table table-bordered table-sm usage""><tbody><tr><td>あるいは</td><td>other option</td></tr></tbody></table>","Example #1今日中にファックス、あるいは、メールで送ってください。hintromajiEnglishきょうじゅうにファックス、あるいは、メールおくってください。kyoujuu ni fakkusu, aruiwa meeru de okutte kudasai.Please send it today via fax or mail.","Example #2ご注文は電話か、あるいはインターネットでお願いします。hintromajiEnglishごちゅうもんはでんわか、あるいはインターネットでおねがいします。gochuumon wa, aruiwa intaanetto de onegai shimasu.Please order either by phone or online.",https://jlptsensei.com/learn-japanese-grammar/%e3%81%82%e3%82%8b%e3%81%84%e3%81%af-aruiwa-meaning/
bakari,ばかり,"Learn Japanese grammar: (bakari). Meaning: about, approximately ~. This meaning only applies when used with a noun that indicates time or distance. For other nouns...","<table class=""table table-bordered table-sm usage""><tbody><tr><td>Noun (indicates time or distance)</td><td>ばかり</td></tr></tbody></table>",Example #1彼女は30分ばかりベッドに横になった。hintromajiEnglishかのじょは30ぷんばかりベッドによこになった。kanojo wa 30 pun bakari beddo ni yoko ni natta.She lay in bed for about a half-hour.,"Example #2５分ばかりこの道を行けば、右手にその店があります。hintromajiEnglish５ふんばかりこのみちをいけば、みぎてにそのみせがあります。go fun bakari kono michi o ikeba, migite ni sono mise ga arimasu.If you continue on this road for about 5 minutes, that shop will be on your right.",https://jlptsensei.com/learn-japanese-grammar/n2-%e3%81%b0%e3%81%8b%e3%82%8a-bakari-meaning/
bakari da,ばかりだ,Learn Japanese grammar: (bakari da). Meaning: continue to (go in negative direction). This is based off of the N4 Grammar lesson: .,"<table class=""table table-bordered table-sm usage""><tbody><tr><td>Verb (dictionary)</td><td>ばかりだ<br/>ばかりです</td></tr></tbody></table>",Example #1あの二人の関係は悪くなるばかりだ。hintromajiEnglishあのふたりのかんけいはわるくなるばかりだ。ano futari no kankei wa waruku naru bakari da.Their relationship just keeps getting worse.,Example #2物価は上がるばかりだ。hintromajiEnglishぶっかはあがるばかりだ。bukka wa agaru bakari da.Prices just keep going up and up.,https://jlptsensei.com/learn-japanese-grammar/%e3%81%b0%e3%81%8b%e3%82%8a%e3%81%a0-bakari-da-meaning/
bakari ka,ばかりか,Learn Japanese grammar: (bakari ka / bakarika). Meaning: not only… but also; as well as ~. This can be used to list either positive or...,"<table class=""table table-bordered table-sm usage""><tbody><tr><td>Verb (casual)</td><td rowspan=""4"">ばかりか</td></tr><tr><td>Noun</td></tr><tr><td>な-adjective + な</td></tr><tr><td>い-adjective</td></tr></tbody></table>","Example #1このマンションは狭いばかりか、暗いです。hintromajiEnglishこのマンションはせまいばかりか、くらいです。kono manshon wa semai bakari ka, kurai desu.This apartment is not only very small, it's also quite dark.","Example #2私は、漢字ばかりか、ひらがなもカタカナも書けません。hintromajiEnglishわたしは、かんじばかりか、ひらがなもかけません。watashi wa, kanji bakarika, hiragana mo katakana mo kakemasen.Not only can I not write kanji, but I can't even write hiragana or katakana.",https://jlptsensei.com/learn-japanese-grammar/%e3%81%b0%e3%81%8b%e3%82%8a%e3%81%8b-bakari-ka-meaning/
bakari ni,ばかりに,Learn Japanese grammar: (bakari ni). Meaning: simply because; on account of~ (negative result). This is used to emphasize the reason why something negative happened.,"<table class=""table table-bordered table-sm usage""><tbody><tr><td>Verb (casual)</td><td rowspan=""4"">ばかりに</td></tr><tr><td>Noun (+ である)</td></tr><tr><td>な-adjective + な/である</td></tr><tr><td>い-adjective</td></tr></tbody></table>","Example #1お金がないばかりに、今度の旅行に行けなかった。hintromajiEnglishおかねがないばかりに、こんどのりょこうにいけなかった。okane ga nai bakari ni, kondo no ryokou ni ikenakatta.I wasn't able to go on this trip since I don't have any money.","Example #2ホラー映画を見たばかりに、怖くてなかなか寝られない。hintromajiEnglishホラーえいがをみたばかりに、こわくてなかなかねられない。horaa eiga o mita bakari ni, kowakute nakanaka nerarenai.I watched a horror movie, which was really scary and now I can't seem to fall asleep.",https://jlptsensei.com/learn-japanese-grammar/%e3%81%b0%e3%81%8b%e3%82%8a%e3%81%ab-bakari-ni-meaning/
chinamini,ちなみに,Learn Japanese grammar: 因みに 【】 (chinamini). Meaning: by the way; in this connection; incidentally; (conjunction).,"<table class=""table table-bordered table-sm usage""><tbody><tr><td>ちなみに</td><td>phrase</td></tr></tbody></table>","Example #1これ、お土産だよ。ちなみにベトナムで買ったんだよ。hintromajiEnglishこれ、おみやげだよ。ちなみにベトナムでかったんだよ。kore, omiyage da yo. chinamini betonamu de katta nda yo.Here is a souvenir. I bought it in Vietnam by the way.","Example #2ちなみに、私のことを覚えていますか？hintromajiEnglishちなみに、わたしのことをおぼえていますか？chinamini, watashi no koto o oboete imasu ka?By the way, do you remember me?",https://jlptsensei.com/learn-japanese-grammar/%e3%81%a1%e3%81%aa%e3%81%bf%e3%81%ab-chinamini-meaning/
chitto mo~nai,ちっとも～ない,Learn Japanese grammar: (chitto mo~nai). Meaning: (not) at all; (not) in the least ~.,"<table class=""table table-bordered table-sm usage""><tbody><tr><td>ちっとも</td><td>Verb (ない form)</td></tr></tbody></table>",Example #1彼は酒はちっとも飲まない。hintromajiEnglishかれはさけはちっとものまない。kare wa sake wa chitto mo nomanai.He doesn't drink any alcohol at all.,Example #2この商品はちっとも売れない。hintromajiEnglishこのしょうひんはちっともうれない。kono shouhin wa chitto mo urenai.This product does not sell at all.,https://jlptsensei.com/learn-japanese-grammar/%e3%81%a1%e3%81%a3%e3%81%a8%e3%82%82%ef%bd%9e%e3%81%aa%e3%81%84-chitto-monai-meaning/
dake atte,だけあって,Learn Japanese grammar: (dake atte). Meaning: being the case; precisely because; as expected from ~. This can also be used as だけのことはあって (dake no koto...,"<table class=""table table-bordered table-sm usage""><tbody><tr><td>Verb (casual)</td><td rowspan=""4"">だけあって<br/>だけのことはあって</td></tr><tr><td>Noun</td></tr><tr><td>な-adjective + な</td></tr><tr><td>い-adjective</td></tr></tbody></table>","Example #1このアパートは駅に近いだけあって、やっぱり家賃も高い。hintromajiEnglishこのアパートはえきにちかいだけあって、やっぱりやちんもたかい。kono apaato wa eki ni chikai dake atte, yappari yachin ga takai.This apartment is close to the station, so as expected the rent is expensive.","Example #2さすが大都会だけあって何かしら仕事がある。hintromajiEnglishさすがだいとかいだけあってなにかしらしごとがある。sasuga daitokai dake atte nanika shira shigoto ga aru.As expected of a big city, there is always work to do.",https://jlptsensei.com/learn-japanese-grammar/%e3%81%a0%e3%81%91%e3%81%82%e3%81%a3%e3%81%a6-dake-atte-meaning/
dake mashi da,だけましだ,"Learn Japanese grammar: (dake mashi da). Meaning: it’s better than; one should feel grateful for ~. This means something is not necessarily good, but at...","<table class=""table table-bordered table-sm usage""><tbody><tr><td>Verb (casual)</td><td rowspan=""4"">だけましだ</td></tr><tr><td>Noun + である</td></tr><tr><td>な-adjective + な</td></tr><tr><td>い-adjective</td></tr></tbody></table>","Example #1今日は暑いが、湿度が高くないだけましだ。hintromajiEnglishきょうはあついが、しつどがたかくないだけましだ。kyou wa atsui ga, shitsudo ga takakunai dake mashi da.It's hot today, but I'm glad the humidity is low.",Example #2君は仕事があるだけましだよ。俺は首になってしまった。hintromajiEnglishきみはしごとがあるだけましだよ。おれはくびになってしまった。kimi wa shigoto ga aru dake mashida yo. ore wa kubi ni natte shimatta.You should be grateful for even having a job. I got fired.,https://jlptsensei.com/learn-japanese-grammar/%e3%81%a0%e3%81%91%e3%81%be%e3%81%97%e3%81%a0-dake-mashi-da-meaning/
dake ni,だけに,Learn Japanese grammar: (dake ni). Meaning: being the case; precisely because; as one would expect.,"<table class=""table table-bordered table-sm usage""><tbody><tr><td>Verb (casual)</td><td rowspan=""4"">だけに</td></tr><tr><td>Noun</td></tr><tr><td>な-adjective + な</td></tr><tr><td>い-adjective</td></tr></tbody></table>","Example #1駅が近いだけに家賃も高い。hintromajiEnglishえきがちかいだけにやちんもたかい。eki ga chikai dake ni yachin mo takai.The station is nearby, which is also why the rent is so high.","Example #2このホテルは５つ星ホテルなだけに、サービスが充実している。hintromajiEnglishこのホテルは５つぼしホテルなだけに、サービスがじゅうじつしている。kono hoteru wa itsutsu boshi hoteru na dake ni, saabisu ga juujitsu shite iru.As one would expect of a 5-star hotel, the service is perfect.",https://jlptsensei.com/learn-japanese-grammar/%e3%81%a0%e3%81%91%e3%81%ab-dake-ni-meaning/
dake no koto wa aru,だけのことはある,no wonder; as expected of; not ... for nothing; not ... with nothing to show for it,<em>(no usage table)</em>,,,https://jlptsensei.com/learn-japanese-grammar/%e3%81%a0%e3%81%91%e3%81%ae%e3%81%93%e3%81%a8%e3%81%af%e3%81%82%e3%82%8b-dake-no-koto-wa-aru-meaning/
dake wa,だけは,Learn Japanese grammar: (dake wa). Meaning: to do all that one can.,"<table class=""table table-bordered table-sm usage""><tbody><tr><td>Verb<br/>(dictionary form)</td><td>だけは</td><td>Same verb<br/>(past form)</td></tr></tbody></table>",Example #1走れるだけは速く走った。hintromajiEnglishはしれるだけははやくはしった。hashireru dake wa hayaku hashitta.I ran as fast as my legs could carry me.,Example #2私はあなたを手伝えるだけは手伝ったよ。hintromajiEnglishわたしはあなたをてつだえるだけはてつだったよ。watashi wa anata o tetsudaeru dake wa tetsudatta yo.I did everything I could to help you.,https://jlptsensei.com/learn-japanese-grammar/%e3%81%a0%e3%81%91%e3%81%af-dake-wa-meaning/
datte,だって,Learn Japanese grammar: (datte). Meaning: because; but; after all; even; too. Be careful to not confuse this with .,"<table class=""table table-bordered table-sm usage""><tbody><tr><td>Noun + だって</td><td>even, too</td></tr><tr><td>だって + phrase</td><td>because, but</td></tr></tbody></table>",Example #1彼だって人間だ。hintromajiEnglishかれだってにんげんだ。kare datte ningen da.He is only human.,Example #2私だってあなたに会いたい。hintromajiEnglishわたしだってあなたにあいたい。watashi datte anata ni aitai.I miss you too.,https://jlptsensei.com/learn-japanese-grammar/%e3%81%a0%e3%81%a3%e3%81%a6-datte-meaning/
de shika nai,でしかない,merely; nothing but; no more than; there is only ~,<em>(no usage table)</em>,,,https://jlptsensei.com/learn-japanese-grammar/%e3%81%a7%e3%81%97%e3%81%8b%e3%81%aa%e3%81%84-de-shika-nai-meaning/
dokoro dewa nai,どころではない,not the time for; not the place for; far from; anything but ~,<em>(no usage table)</em>,,,https://jlptsensei.com/learn-japanese-grammar/%e3%81%a9%e3%81%93%e3%82%8d%e3%81%a7%e3%81%af%e3%81%aa%e3%81%84-dokoro-dewa-nai-meaning/
dokoro ka,どころか,Learn Japanese grammar: (dokoro ka). Meaning: far from; anything but; let alone; not to mention; much less ~.,"<table class=""table table-bordered table-sm usage""><tbody><tr><td>Verb (casual, non-past)</td><td rowspan=""4"">どころか</td></tr><tr><td>Noun</td></tr><tr><td>な-adjective + (な)</td></tr><tr><td>い-adjective</td></tr></tbody></table>","Example #1もっと勉強しないと、N2どころかN3も無理だ。hintromajiEnglishもっとべんきょうしないと、N2どころかN3もむりだ。motto benkyou shinaito, N2 dokoro ka N3 mo muri da.If you do not study more, you will not be able to pass N2, let alone N3.","Example #2そんな食べ物、健康になるどころか、病気になっちゃうよ。hintromajiEnglishそんなたべもの、けんこうになるどころか、びょうきになっちゃうよ。sonna tabemono, kenkou ni naru dokoro ka, byouki ni nacchau yo.That food isn't going to make you healthy, on the contrary it will make you sick.",https://jlptsensei.com/learn-japanese-grammar/%e3%81%a9%e3%81%93%e3%82%8d%e3%81%8b-dokoro-ka-meaning/
dou yara,どうやら,Learn Japanese grammar: (dou yara). Meaning: possibly; apparently; seems like; somehow; barely ~.,"<table class=""table table-bordered table-sm usage""><tbody><tr><td>どうやら</td><td>phrase</td></tr></tbody></table>","Example #1どうやら明日は雨になりそうだ。hintromajiEnglishどうやらあしたはあめになりそうだ。dou yara ashita wa ame ni nari sou da.Apparently, it's going to rain tomorrow.","Example #2どうやら、彼は知らないらしい。hintromajiEnglishどうやら、かれはしらないらしい。dou yara, kare wa shiranai rashii.It seems he doesn’t know.",https://jlptsensei.com/learn-japanese-grammar/%e3%81%a9%e3%81%86%e3%82%84%e3%82%89-dou-yara-meaning/
douse,どうせ,Learn Japanese grammar: (douse). Meaning: anyhow; in any case; at any rate; after all; no matter what.,"<table class=""table table-bordered table-sm usage""><tbody><tr><td>どうせ</td><td>phrase</td></tr></tbody></table>","Example #1どうせやるなら上手にやれ。hintromajiEnglishどうせやるならじょうずにやれ。douse yaru nara jouzu ni yare.If you're going to do it no matter what, do it well!",Example #2どうせ行くんでしょ。hintromajiEnglishどうせいくんでしょ。douse iku n desho.I daresay you are going to go no matter what.,https://jlptsensei.com/learn-japanese-grammar/%e3%81%a9%e3%81%86%e3%81%9b-douse-meaning/
enai,得ない（えない）,"Learn Japanese grammar: 【えない】(enai). Meaning: unable to; cannot; it is not possible to ~. To say the opposite, use .","<table class=""table table-bordered table-sm usage""><tbody><tr><td>Verb <s>ます</s> (stem form)</td><td>得ない</td></tr></tbody></table>",Example #1あの人が結婚したって本当！？え～！あり得ないよ！hintromajiEnglishあのひとがけっこんしたってほんとう！？え～！ありえないよ！ano hito ga kekkon shitatte hontou! ? e~! ari enai yo!Is it true that he got married? No way! It's not possible!,Example #2あの真面目な彼が犯人？そんなことはあり得ない。hintromajiEnglishあのまじめなかれがはんにん？そんなことはありえない。ano majime na kare ga hannin? sonna koto wa ari enai.You think someone as earnest as him is the culprit? That's unbelievable..,https://jlptsensei.com/learn-japanese-grammar/%e5%be%97%e3%81%aa%e3%81%84-%e3%81%88%e3%81%aa%e3%81%84-enai-meaning/
eru / uru,得る（える / うる）,Learn Japanese grammar: 【える/うる】(eru/uru). Meaning: can; to be able to; is possible to ~. 得る can be read both as える (eru) and うる (uru)....,"<table class=""table table-bordered table-sm usage""><tbody><tr><td>Verb <s>ます</s> (stem form)</td><td>得る<br/>(える/うる)</td></tr></tbody></table>","Example #1君の話を信じるよ。だってこの世界ではどんなことでも起こり得るから。hintromajiEnglish君の話を信じるよ。だってこの世界ではどんなことでも起こり得るから。kimi no hanashi o shinjiru yo. datte kono sekaide wa donna koto demo okori eru kara.I believe in your story. I mean, anything is possible in this world.","Example #2事故はいつでも起こり得るので、気をつけてください。hintromajiEnglish事故はいつでも起こり得るので、気をつけてください。jiko wa itsu demo okori eru node, ki o tsukete kudasai.Accidents can happen at any time, so please be careful!",https://jlptsensei.com/learn-japanese-grammar/%e5%be%97%e3%82%8b-%e3%81%88%e3%82%8b-%e3%81%86%e3%82%8b-eru-uru-meaning/
futatabi,再び（ふたたび）,Learn Japanese grammar: 【ふたたび】(futatabi). Meaning: again; once more.,"<table class=""table table-bordered table-sm usage""><tbody><tr><td>再び<br/>ふたたび</td><td>phrase</td></tr></tbody></table>",Example #1来週の月曜日からレッスンを再び開始したいですか？hintromajiEnglishらいしゅうのげつようびからレッスンをふたたびかいししたいですか？raishuu no getsuyoubi kara ressun o futatabi kaishi shitai desu ka?Would you like to restart your lessons from next Monday?,Example #2今年の旅行は楽しかった。来年の冬再びここに来たい。hintromajiEnglishことしのりょこうはたのしかった。らいねんのふゆふたたびここにきたい。kotoshi no ryokou wa tanoshikatta. rainen no fuyu futatabi koko ni kitai.This year's trip was fun. I want to come here again next winter.,https://jlptsensei.com/learn-japanese-grammar/%e5%86%8d%e3%81%b3-%e3%81%b5%e3%81%9f%e3%81%9f%e3%81%b3-futatabi-meaning/
fuu ni,ふうに,"Learn Japanese grammar: 【 ふうに 】(fuu ni). Meaning: this way; that way; in such a way; how. The hiragana version is more common, but the...","<table class=""table table-bordered table-sm usage""><tbody><tr><td>どんな<br/>あんな<br/>こんな<br/>どういう</td><td rowspan=""2"">ふうに + Verb</td></tr><tr><td>Verb (casual)</td></tr></tbody></table>",Example #1こんなふうにやりなさい。hintromajiEnglishこんなふうにやりなさい。konna fuu ni yarinasai.Please do it like this.,Example #2私もあんなふうになりたいです。hintromajiEnglishわたしもあんなふうになりたいです。watashi mo anna fuu ni naritai desu.I also want to become that way.,https://jlptsensei.com/learn-japanese-grammar/%e3%81%b5%e3%81%86%e3%81%ab-fuu-ni-meaning/
ga kikkake de / o kikkake ni,がきっかけで / をきっかけに,Learn Japanese grammar: (o kikkake ni). Meaning: with… as a start; as a result of; taking advantage of ~.,"<table class=""table table-bordered table-sm usage""><tbody><tr><td>Verb (た form) + の/こと</td><td rowspan=""2"">がきっかけで<br/>をきっかけに</td></tr><tr><td>Noun</td></tr></tbody></table>",Example #1彼女は病気をきっかけにそのつまらない仕事を辞めた。hintromajiEnglishかのじょはびょうきをきっかけにそのつまらないしごとをやめた。kanojo wa byouki o kikkake ni sono tsumaranai shigoto o yameta.She used her illness to quit that boring job.,"Example #2昨年の事故をきっかけとして、安全対策が強化された。hintromajiEnglishさくねんのじこをきっかけとして、あんぜんたいさくがきょうかされた。sakunen no jiko o kikkake toshite, anzentaisaku ga kyouka sareta.As a result of last year's accident, safety measures have been strengthened.",https://jlptsensei.com/learn-japanese-grammar/%e3%81%8c%e3%81%8d%e3%81%a3%e3%81%8b%e3%81%91%e3%81%a7-ga-kikkake-de-%e3%82%92%e3%81%8d%e3%81%a3%e3%81%8b%e3%81%91%e3%81%ab-o-kikkake-ni-meaning/
ge,げ,Learn Japanese grammar: 気 【】(ge) / げに (ge ni) / げな (ge na). Meaning: looks like; seems like; appears to ~. This is used it...,"<table class=""table table-bordered table-sm usage""><tbody><tr><td>な-adjective <s>な</s></td><td rowspan=""5"">げ</td></tr><tr><td>い-adjective + <s>い</s><br/>Irregular: いい/よい =&gt; よさ</td></tr><tr><td>Verb <s>ます</s> (stem form)</td></tr><tr><td>Verb た<s>い</s> (tai form)</td></tr><tr><td>Noun (very limited)</td></tr></tbody></table>","Example #1何か、言いたげだね。hintromajiEnglishなにか、いいたげだね。nanika, iita ge da ne.They look like they want to say something.",Example #2あの人は寂しげな目をしている。hintromajiEnglishあのひとはさびしげなめをしている。ano hito wa sabishige na me o shiteiru.That person has a lonely look in their eyes,https://jlptsensei.com/learn-japanese-grammar/%e3%81%92-ge-meaning/
gyaku ni,逆に（ぎゃくに）,Learn Japanese grammar: 【ぎゃくに】(gyaku ni). Meaning: conversely; on the contrary ~.,"<table class=""table table-bordered table-sm usage""><tbody><tr><td>逆に</td><td>phrase</td></tr></tbody></table>","Example #1娘はスポーツが好きだが、逆に息子はスポーツが嫌いだ。hintromajiEnglish娘はスポーツが好きだが、逆に息子はスポーツが嫌いだ。musume wa supootsu ga suki da ga, gyaku ni musuko wa supootsu ga kirai da.My daughter likes sports, but on the other hand my son hates them.","Example #2天気予報と逆に、雨が降り続いている。hintromajiEnglishてんきよほうとぎゃくに、あめがふりつづいている。tenki yohou to gyaku ni, ame ga furitsuzuite iru.It’s been raining nonstop in contrast to the weather forecast.",https://jlptsensei.com/learn-japanese-grammar/%e9%80%86%e3%81%ab-gyaku-ni-meaning/
hanmen,反面（はんめん）,"Learn Japanese grammar: 【はんめん】(hanmen). Meaning: while, although; on the other hand~.","<table class=""table table-bordered table-sm usage""><tbody><tr><td>Verb (casual, non-past)</td><td rowspan=""4"">反面</td></tr><tr><td>Noun + である</td></tr><tr><td>な-adjective + な/である</td></tr><tr><td>い-adjective</td></tr><tr><td colspan=""2"">Phrase 1 + その反面 + Phrase 2</td></tr></tbody></table>","Example #1この部屋は日当たりがいい反面、夏はかなり暑いです。hintromajiEnglishこのへやはひあたりがいいはんめん、なつはかなりあついです。kono heya wa hiatari ga ii hanmen, natsu wa kanari atsui desu.This room has great light exposure, but on the other hand it is very hot in the summer.","Example #2子供の成長は嬉しい反面、どこか寂しい。hintromajiEnglishこどものせいちょうはうれしいはんめん、どこかさびしい。kodomo no seichou wa ureshii hanmen, dokoka sabishii.I'm happy to see my children grow, but on the other hand I am a little bit sad.",https://jlptsensei.com/learn-japanese-grammar/%e5%8f%8d%e9%9d%a2-%e3%81%af%e3%82%93%e3%82%81%e3%82%93-hanmen-meaning/
hatashite,果たして（はたして）,Learn Japanese grammar: 【はたして】(hatashite). Meaning: as was expected; sure enough; really; actually ~.,"<table class=""table table-bordered table-sm usage""><tbody><tr><td>果たして</td><td>phrase</td></tr></tbody></table>",Example #1果たしてそうだろうか。hintromajiEnglishはたしてそうだろうか。hatashite sou darou ka.Can it really be so?,Example #2果たして本当に足音が聞こえたのかどうかはわからない。hintromajiEnglishはたしてほんとうにあしおとがきこえたのかどうかはわからない。hatashite hontou ni ashioto ga kikoeta no ka dou ka wa wakaranai.I don’t know for sure if I really heard the footsteps or not.,https://jlptsensei.com/learn-japanese-grammar/%e6%9e%9c%e3%81%9f%e3%81%97%e3%81%a6-%e3%81%af%e3%81%9f%e3%81%97%e3%81%a6-hatashite-meaning/
ichiou,一応（いちおう）,Learn Japanese grammar: 【いちおう】(ichiou). Meaning: more or less; pretty much; roughly; tentatively ~. This is often used to sound more humble when expressing you can...,"<table class=""table table-bordered table-sm usage""><tbody><tr><td>一応</td><td>phrase</td></tr></tbody></table>",Example #1一応やりました。hintromajiEnglishいちおうやりました。ichiou yarimashita.I did it (but it may still need some work).,"Example #2一応やってみます。hintromajiEnglishいちおうやってみる。ichiou yatte miru.(I may not be able to do it well, but) I will give it a shot.",https://jlptsensei.com/learn-japanese-grammar/%e4%b8%80%e5%bf%9c-ichiou-meaning/
igai,以外（いがい）,Learn Japanese grammar: 【いがい】(igai). Meaning: with the exception of; excepting ~.,"<table class=""table table-bordered table-sm usage""><tbody><tr><td>Noun</td><td>以外 + (の、は、に）</td></tr></tbody></table>","Example #1食事以外には何ができる？hintromajiEnglishしょくじいがいにはなにができる？shokuji igai ni wa nani ga dekiru?Apart from eating, what else can we do?",Example #2彼女以外誰もいない。hintromajiEnglishかのじょいがいだれもいない。kanojo igai dare mo inai.There's no one else but her.,https://jlptsensei.com/learn-japanese-grammar/%e4%bb%a5%e5%a4%96%e3%81%ae-igai-no-meaning/
ijou ni,以上に（いじょうに）,Learn Japanese grammar: 【いじょうに】(ijou ni). Meaning: more than; not less than; beyond ~.,"<table class=""table table-bordered table-sm usage""><tbody><tr><td>Verb (casual)</td><td rowspan=""3"">以上に</td></tr><tr><td>Noun</td></tr><tr><td>な-adjective</td></tr><tr><td>以上の</td><td>Noun</td></tr></tbody></table>",Example #1今まで以上に仕事を頑張ります。hintromajiEnglishいままでいじょうにしごとをがんばります。ima made ijou ni shigoto o ganbarimasu.I will work even harder at work than I have until now.,Example #2必要以上にたくさんのお金を使わないでください。hintromajiEnglishひつよういじょうにたくさんのおかねをつかわないでください。hitsuyou ijou ni takusan no okane o tsukawanaide kudasai.Please don’t use more money than you need.,https://jlptsensei.com/learn-japanese-grammar/%e4%bb%a5%e4%b8%8a%e3%81%ab-%e3%81%84%e3%81%98%e3%82%87%e3%81%86%e3%81%ab-ijou-ni-meaning/
ijou wa,以上は（いじょうは）,Learn Japanese grammar: 【いじょうは】(ijou wa). Meaning: because; since; seeing that ~.,"<table class=""table table-bordered table-sm usage""><tbody><tr><td>Verb (casual)</td><td rowspan=""3"">以上（は）</td></tr><tr><td>Noun + である</td></tr><tr><td>な-adjective + である</td></tr></tbody></table>","Example #1約束した以上、きちんと守ってくださいね。hintromajiEnglishやくそくしたいじょう、きちんとまもってくださいね。yakusoku shita ijou, kichinto mamotte kudasai ne.You've made a promise, so be sure to keep it!","Example #2学生である以上、アルバイトではなく勉強が大事ですよ。hintromajiEnglishがくせいであるいじょう、アルバイトではなくべんきょうがだいじですよ。gakusei de aru ijou, arubaito dewa naku benkyou ga daiji desu yo.Because you are a student, your studies are more important than your part-time job.",https://jlptsensei.com/learn-japanese-grammar/%e4%bb%a5%e4%b8%8a%e3%81%af-ijou-wa-meaning/
ikinari,いきなり,Learn Japanese grammar: 行き成り 【】 (ikinari). Meaning: abruptly; suddenly; all of a sudden; without warning. This is often written in hiragana form.,"<table class=""table table-bordered table-sm usage""><tbody><tr><td>いきなり</td><td>action</td></tr></tbody></table>",Example #1いきなり男の人に道を聞かれた。hintromajiEnglishいきなりおとこのひとにみちをきかれた。ikinari otoko no hito ni michi o kikareta.A man suddenly asked me for directions.,Example #2いきなりあなたにメールを送ってしまい申し訳ありません。hintromajiEnglishいきなりあなたにメールをおくってしまいもうしわけありません。ikinari anata ni meeru o okutte shimai moushiwake arimasen.I'm sorry for sending you an email suddenly.,https://jlptsensei.com/learn-japanese-grammar/%e3%81%84%e3%81%8d%e3%81%aa%e3%82%8a-ikinari-meaning/
ikki ni,一気に（いっきに）,in one go; without stopping; all at once; immediately; instantly; right away ~,<em>(no usage table)</em>,,,https://jlptsensei.com/learn-japanese-grammar/%e4%b8%80%e6%b0%97%e3%81%ab-%e3%81%84%e3%81%a3%e3%81%8d%e3%81%ab-ikki-ni-meaning/
ippou de,一方で（いっぽうで）,"Learn Japanese grammar: 【いっぽうで】(ippou de). Meaning: on one hand, on the other hand; although ~ (conjunction). The で is optional, but when left out it...","<table class=""table table-bordered table-sm usage""><tbody><tr><td>Verb (casual)</td><td rowspan=""4"">一方（で）</td></tr><tr><td>Noun + である</td></tr><tr><td>な-adjective + である</td></tr><tr><td>い-adjective</td></tr></tbody></table>","Example #1お母さんは優しい一方で、お父さんはこわい。hintromajiEnglishおかあさんはやさしいいっぽうで、おとうさんはこわい。okaasan wa yasashii ippou de, otousan wa kowai.My mother is kind, but on the other hand my father is scary.","Example #2父は自分に厳しい一方で、他人には優しい。hintromajiEnglishちちはじぶんにきびしいいっぽうで、たにんにはやさしい。chichi wa jibun ni kibishii ippou de, ta’nin niwa yasashii.My father is very strict with himself but very kind to others.",https://jlptsensei.com/learn-japanese-grammar/%e4%b8%80%e6%96%b9%e3%81%a7-ippou-de-meaning/
iwayuru,いわゆる,Learn Japanese grammar: (iwayuru). Meaning: what is called; as it is called; the so-called; so to speak​.,"<table class=""table table-bordered table-sm usage""><tbody><tr><td>いわゆる</td><td>Noun</td></tr></tbody></table>",Example #1彼はいわゆる語学の天才だ。hintromajiEnglishかれはいわゆるごがくのてんさいだ。kare wa iwayuru gogaku no tensai da.He is what is called a genius in language.,Example #2彼女はいわゆる本の虫です。hintromajiEnglishかのじょはいわゆるほんのむしです。kanojo wa iwayuru hon no mushi desu.She is what we call a bookworm.,https://jlptsensei.com/learn-japanese-grammar/%e3%81%84%e3%82%8f%e3%82%86%e3%82%8b-iwayuru-meaning/
iyoiyo,いよいよ,Learn Japanese grammar: (iyoiyo). Meaning: at last; finally; beyond doubt.,"<table class=""table table-bordered table-sm usage""><tbody><tr><td>いよいよ</td><td>phrase</td></tr></tbody></table>",Example #1いよいよ大学の生活が始まります。初めて親に離れるからちょっと心配する。hintromajiEnglishいよいよだいがくのせいかつがはじまります。はじめておやにはなれるからちょっとしんぱいする。iyoiyo daigaku no seikatsu ga hajimarimasu. hajimete oya ni hanareru kara chotto shinpai suru.My university life has finally begun. Though it is my first time to be away from my parents so I am a little nervous.,Example #2いよいよ来週の日曜日が母の日だ。母に何を買って上げたほうがいいかな。hintromajiEnglishいよいよらいしゅうのにちようびがははのひだ。ははになにをかってあげたほうがいいかな。iyoiyo raishuu no nichiyoubi ga haha no hi da. haha ni nani o katte ageta hou ga ii kana.Mother's day is finally coming up next Sunday. I wonder what should I get for my mom..?,https://jlptsensei.com/learn-japanese-grammar/%e3%81%84%e3%82%88%e3%81%84%e3%82%88-iyoiyo-meaning/
jou,上（じょう）,Learn Japanese grammar: 【じょう】(jou). Meaning: for the sake of; from the standpoint of; as a matter of; in terms of ~.,"<table class=""table table-bordered table-sm usage""><tbody><tr><td>Noun</td><td>上</td></tr></tbody></table>","Example #1健康上ではポテトフライや揚げ物などは食べない方がいいと思います。hintromajiEnglishけんこうじょうではポテトフライやあげものなどはたべないほうがいいとおもいます。kenkou jou de wa poteto furai ya agemono nado wa tabenai hou ga ii to omoi masu.For the sake of one's health, I think it's best to not eat french fries or other fried foods.","Example #2日本の法律上はお酒を飲んで車を運転するのは禁止です。hintromajiEnglishにほんのほうりつじょうはおさけをのんでくるまをうんてんするのはきんしです。nihon no houritsu jou wa osake o nonde kuruma o unten suru no wa kinshi desu.In terms of Japanese law, it is illegal to drink and drive.",https://jlptsensei.com/learn-japanese-grammar/%e4%b8%8a-jou-meaning/
ka no you ni,かのように,Learn Japanese grammar: (ka no you ni) / (ka no you na) / (ka no you da). Meaning: as if; just like ~.,"<table class=""table table-bordered table-sm usage""><tbody><tr><td>Noun</td><td rowspan=""2"">であるかのように</td></tr><tr><td>な-adjective</td></tr><tr><td rowspan=""3"">Verb (casual)</td><td>かのように + Verb</td></tr><tr><td>かのような + Noun</td></tr><tr><td>かのようだ</td></tr></tbody></table>","Example #1怖いものを見たかのように、彼女は震えた。hintromajiEnglishこわいものをみたかのように、かのじょはふるえた。kowai mono o mita ka no you ni, kanojo wa furueta.She was shaking as if she saw something scary.",Example #2友達は自分が合格したかのように喜んでくれた。hintromajiEnglishともだちはじぶんがごうかくしたかのようによろこんでくれた。tomodachi wa jibun ga goukaku shita ka no youni yorokonde kureta.My friend was so happy for me as if they had passed (the test) themself.,https://jlptsensei.com/learn-japanese-grammar/%e3%81%8b%e3%81%ae%e3%82%88%e3%81%86%e3%81%ab-ka-no-you-ni-meaning/
ka to omottara,かと思ったら（かとおもったら）,Learn Japanese grammar: 【かとおもったら】(ka to omottara). Meaning: just when; no sooner than ~. This may also be used as:,"<table class=""table table-bordered table-sm usage""><tbody><tr><td>Verb (た form)</td><td>かと思ったら<br/>かと思うと<br/>かと思えば</td></tr></tbody></table>","Example #1空が急に暗くなってきたかと思うと、雨が降ってきた。hintromajiEnglishそらがきゅうにくらくなってきたかとおもうと、あめがふってきた。sora ga kyuu ni kuraku natte kita ka to omou to, ame ga futte kita.No sooner had the sky turned dark, when it started to rain.","Example #2娘が帰って来たかと思うと、すぐに家を出ていった。hintromajiEnglishむすめがかえってきたかとおもうと、すぐにいえをでていった。musume ga kaette kita ka to omou to, sugu ni ie o deteitta.Just as my daughter returned home, she was out the door again.",https://jlptsensei.com/learn-japanese-grammar/%e3%81%8b%e3%81%a8%e6%80%9d%e3%81%a3%e3%81%9f%e3%82%89-ka-to-omottara-meaning/
ka~nai ka no uchi ni,か～ないかのうちに,Learn Japanese grammar: (ka~nai ka no uchi ni). Meaning: just as; right after; as soon as ~.,"<table class=""table table-bordered table-sm usage""><tbody><tr><td rowspan=""2"">Verb + か<br/><small>(dictionary form)</small></td><td rowspan=""2"">Verb ない + か</td><td>のうちに</td></tr></tbody></table>",Example #1授業が終わるか終わらないかのうちに彼は教室を出た。hintromajiEnglishじゅぎょうがおわるかおわらないかのうちにかれはきょうしつをでた。jugyou ga owaru ka owaranai ka no uchi ni kare wa kyoushitsu o deta.He left the classrom as soon as class ended.,Example #2彼が電車が止まるか止まらないかのうちにホームに飛び降りた。hintromajiEnglishかれがでんしゃがとまるかとまらないかのうちにホームにとびおりた。kare ga densha ga tomaru ka tomaranai ka no uchi ni hoomu ni tobiorita.He jumped onto the platform just as the train stopped.,https://jlptsensei.com/learn-japanese-grammar/%e3%81%8b%ef%bd%9e%e3%81%aa%e3%81%84%e3%81%8b%e3%81%ae%e3%81%86%e3%81%a1%e3%81%ab-ka-nai-ka-no-uchi-ni-meaning/
kaette,かえって,Learn Japanese grammar: (kaette). Meaning: on the contrary; rather; all the more; surprisingly ~.,"<table class=""table table-bordered table-sm usage""><tbody><tr><td>Phrase 1</td><td>かえって</td><td>phrase 2</td></tr></tbody></table>","Example #1彼は手助けどころかかえって邪魔になった。hintromajiEnglishかれはてだすけどころかかえってじゃまになった。kare wa tedasuke dokoro ka kaette jama ni natta.He was in no position to help, on the contrary he got in the way.",Example #2それはかえって言わずにおく方がよい。hintromajiEnglishそれはかえっていわずにおくほうがよい。sore wa kaette iwazu ni oku hou ga yoi.That had rather better be left unsaid.,https://jlptsensei.com/learn-japanese-grammar/%e3%81%8b%e3%81%88%e3%81%a3%e3%81%a6-kaette-meaning/
kagiri,限り（かぎり）,Learn Japanese grammar: 【かぎり】(kagiri). Meaning: as long as; while… is the case; as far as; while ~.,"<table class=""table table-bordered table-sm usage""><tbody><tr><td>Verb (casual, non-past)</td><td rowspan=""2"">限り</td></tr><tr><td>Noun + である</td></tr></tbody></table>","Example #1明日は、雨が降らない限り、10時に学校で会いましょう。hintromajiEnglishあしたは、あめがふらないかぎり、10じゅうじにがっこうであいましょう。ashita wa, ame ga furanai kagiri, 10 ji ni gakkou de aimashou.As long as it doesn't rain tomorrow, let's meet at the school at 10 am.","Example #2この仕事は、私が生きている限り、ずっと続けていきたい。hintromajiEnglishこのしごとは、わたしがいきているかぎり、ずっとつづけていきたい。kono shigoto wa, watashi ga ikiteiru kagiri, zutto tsudukete ikitai.I want to continue doing this job as long as I am alive.",https://jlptsensei.com/learn-japanese-grammar/%e9%99%90%e3%82%8a-kagiri-meaning/
kai ga aru,甲斐がある（かいがある）,it’s worth one’s efforts to do something,<em>(no usage table)</em>,,,https://jlptsensei.com/learn-japanese-grammar/%e7%94%b2%e6%96%90%e3%81%8c%e3%81%82%e3%82%8b-%e3%81%8b%e3%81%84%e3%81%8c%e3%81%82%e3%82%8b-kai-ga-aru-meaning/
kanenai,かねない,Learn Japanese grammar: (kanenai). Meaning: (someone) might do something; something might happen.,"<table class=""table table-bordered table-sm usage""><tbody><tr><td>Verb <s>ます</s> (stem form)</td><td>かねない</td></tr></tbody></table>","Example #1この問題が長期化すれば、会社は倒産しかねない。早く対策を考えましょう。hintromajiEnglishこのもんだいがちょうきかすれば、かいしゃはとうさんしかねない。はやくたいさくをかんがえましょう。kono mondai ga choukika sureba, kaisha wa tousan shi kanenai. hayaku taisaku o kangae mashou.If this problem gets any bigger, this company might go bankcrupt. Let's hurry and think of a counterplan.","Example #2休まずに長時間運転したら、事故を起こしかねない。hintromajiEnglishやすまずにちょうじかんうんてんしたら、じこをおこしかねない。yasumazu ni chou jikan unten shitara, jiko o okoshi kanenai.If you drive for a long time without taking any breaks, you might get into an accident.",https://jlptsensei.com/learn-japanese-grammar/%e3%81%8b%e3%81%ad%e3%81%aa%e3%81%84-kanenai-meaning/
kaneru,かねる,"Learn Japanese grammar: (kaneru / kanemasu). Meaning: unable to do something; can’t do something. This is a polite way to say something cannot be done,...","<table class=""table table-bordered table-sm usage""><tbody><tr><td>Verb <s>ます</s> (stem form)</td><td>かねる<br/>かねます</td></tr></tbody></table>",Example #1すぐにお返事はできかねます。hintromajiEnglishすぐにおへんじはできかねます。sugu ni ohenji wa deki kanemasu.I can not give you an immediate answer.,Example #2私はそれに賛同しかねます。hintromajiEnglishわたしはそれにさんどうしかねます。watashi wa sore ni sandou shi kanemasu.I am not able to agree with that.,https://jlptsensei.com/learn-japanese-grammar/%e3%81%8b%e3%81%ad%e3%82%8b-%e3%81%8b%e3%81%ad%e3%81%be%e3%81%99-kaneru-kanemasu-meaning/
kara iu to,から言うと（からいうと）,Learn Japanese grammar: 【からいうと】(kara iu to). Meaning: in terms of; from the point of view of ~. This can also be used as: から言えば (kara...,"<table class=""table table-bordered table-sm usage""><tbody><tr><td>Noun</td><td>から言うと<br/>から言えば<br/>から言って</td></tr></tbody></table>","Example #1僕の成績から言えば、国立大学は無理だと思う。hintromajiEnglishぼくのせいせきからいえば、こくりつだいがくはむりだとおもう。boku no seiseki kara ieba, kokuritsu daigaku wa muri da to omou.With these grades, I don’t think I'm going to be able to get into a national university","Example #2能力から言って、彼がこの仕事に一番適切だと思います。hintromajiEnglishのうりょくからいって、かれがこのしごとにいちばんてきせつだとおもいます。nouryoku kara itte, kare ga kono shigoto ni ichiban tekisetsu da to omoimasu.In terms of ability, I think he’s the best candidate for the job.",https://jlptsensei.com/learn-japanese-grammar/%e3%81%8b%e3%82%89%e8%a8%80%e3%81%86%e3%81%a8-kara-iu-to-meaning/
kara koso,からこそ,precisely because ~,<em>(no usage table)</em>,,,https://jlptsensei.com/learn-japanese-grammar/%e3%81%8b%e3%82%89%e3%81%93%e3%81%9d-kara-koso-meaning/
kara miru to,から見ると（からみると）,from the point of view of; by the look of; judging from ~,<em>(no usage table)</em>,,,https://jlptsensei.com/learn-japanese-grammar/%e3%81%8b%e3%82%89%e8%a6%8b%e3%82%8b%e3%81%a8-kara-miru-to-meaning/
kara niwa,からには,Learn Japanese grammar: (kara niwa). Meaning: now that; since; so long as; because ~.,"<table class=""table table-bordered table-sm usage""><tbody><tr><td>Verb (dictionary form)</td><td rowspan=""2"">からには</td></tr><tr><td>Verb (casual, past)</td></tr></tbody></table>","Example #1約束したからにはその約束を守らなければならない。hintromajiEnglishやくそくしたからにはそのやくそくをまもらなければならない。yakusoku shita kara niwa sono yakusoku o mamoranakereba naranai.Since you’ve made a promise, you must keep it.","Example #2私はJLPT N2 試験を受けるからには、合格したいです。hintromajiEnglishわたしはJLPT N2 しけんをうけるからには、ごうかくしたいです。watashi wa JLPT N2 shiken o ukeru kara niwa, goukaku shitai desu.Now that I will be taking the JLPT N2, I want to pass!",https://jlptsensei.com/learn-japanese-grammar/%e3%81%8b%e3%82%89%e3%81%ab%e3%81%af-kara-niwa-meaning/
kara shite,からして,Learn Japanese grammar: (kara shite). Meaning: judging from; based on; since; from; even ~.,"<table class=""table table-bordered table-sm usage""><tbody><tr><td>Noun</td><td>からして</td></tr></tbody></table>","Example #1タイトルからして、面白そうな本ですね。hintromajiEnglishタイトルからして、おもしろそうなほんですね。taitoru kara shite, omoshiro sou na hon desu ne.Judging from the title, this book sounds interesting.",Example #2その新社員は顔つきからして優しそうだ。hintromajiEnglishそのしんしゃいんはかおつきからしてやさしそうだ。sono shinshain wa kao tsuki kara shite yasashi sou da.That new employee looks very friendly (based on their expression).,https://jlptsensei.com/learn-japanese-grammar/%e3%81%8b%e3%82%89%e3%81%97%e3%81%a6-kara-shite-meaning/
kara suru to / kara sureba,からすると / からすれば,Learn Japanese grammar: (kara suru to / kara sureba). Meaning: judging from; considering; by the look of ~.,"<table class=""table table-bordered table-sm usage""><tbody><tr><td rowspan=""2"">Noun</td><td>からすると</td></tr><tr><td>からすれば</td></tr></tbody></table>","Example #1彼の症状からすると、心臓の病気かもしれません。hintromajiEnglishかれのしょうじょうからすると、しんぞうのびょうきかもしれません。kare no shoujou kara suru to, shinzou no byouki kamo shiremasen.Judging from his condition, it might be a heart illness.","Example #2今度のJLPTですが、今の皆さんの実力からすると問題なく合格できるでしょう。hintromajiEnglishこんどのJLPTですが、いまのみなさんのじつりょくからするともんだいなくごうかくできるでしょう。kondo no JLPT desuga, ima no minasan no jitsuryoku kara suru to mondai naku goukaku dekiru deshou.As for this upcoming JLPT exam, considering everyone's ability level you all should be able to pass without any problems.",https://jlptsensei.com/learn-japanese-grammar/%e3%81%8b%e3%82%89%e3%81%99%e3%82%8b%e3%81%a8-%e3%81%8b%e3%82%89%e3%81%99%e3%82%8c%e3%81%b0-kara-suru-to-kara-sureba-meaning/
kara to itte,からと言って（からといって）,Learn Japanese grammar: 【からといって】 (kara to itte). Meaning: just because; even if; even though ~.,"<table class=""table table-bordered table-sm usage""><tbody><tr><td>Verb (casual)</td><td rowspan=""4"">からといって</td></tr><tr><td>Noun + だ</td></tr><tr><td>な-adjective + だ</td></tr><tr><td>い-adjective</td></tr></tbody></table>",Example #1お金がたくさんあるからといって使いすぎるのはよくない。hintromajiEnglishおかねがたくさんあるからといってつかいすぎるのはよくない。okane ga takusan aru kara to itte tsukaisugiru no wa yokunai.It’s not good to spend too much just because you have a lot of money.,"Example #2安いからといって、要らないものまで買うのはよくない。hintromajiEnglishやすいからといって、いらないものまでかうのはよくない。yasui kara to itte, iranai mono made kau nowa yokunai.It’s not good to buy unnecessary things just because they’re cheap.",https://jlptsensei.com/learn-japanese-grammar/%e3%81%8b%e3%82%89%e3%81%a8%e3%81%84%e3%81%a3%e3%81%a6-kara-to-itte-meaning/
kkonai,っこない,Learn Japanese grammar: (kkonai). Meaning: no chance of; … is definitely not possible.,"<table class=""table table-bordered table-sm usage""><tbody><tr><td>Verb <s>ます</s> (stem form)</td><td rowspan=""2"">っこない</td></tr><tr><td>Verb (potential stem form)</td></tr></tbody></table>","Example #1車なんて買えっこないよ、自転車を買うお金もないんだから。hintromajiEnglishくるまなんてかえっこないよ、じてんしゃをかうおかねもないんだから。kuruma nante kae kkonai yo, jitensha o kau okane mo nain dakara.There's no way I can buy a car! I don't even have enough money to buy a bicycle..","Example #23歳の子供にそんな難しいことを言っても分かりっこないよ。hintromajiEnglish3さいのこどもにそんなむずかしいことをいってもわかりっこないよ。san sai no kodomo ni sonna muzukashii koto o ittemo wakarikkonai yo.If you say something that difficult to a 3-year-old, there's no way they are going to be able to understand you..",https://jlptsensei.com/learn-japanese-grammar/%e3%81%a3%e3%81%93%e3%81%aa%e3%81%84-kkonai-meaning/
koto da,ことだ,Learn Japanese grammar: (koto da). Meaning: should do~ (used for suggestions or giving advice).,"<table class=""table table-bordered table-sm usage""><tbody><tr><td>Verb (dictionary form)</td><td rowspan=""2"">ことだ</td></tr><tr><td>Verb (ない form)</td></tr></tbody></table>","Example #1風邪ぎみなら、早く寝ることですよ。hintromajiEnglishかぜぎみなら、はやくねることですよ。kaze gimi nara, hayaku neru koto desu yo.If you feel like you're catching a cold, you should go to bed early.",Example #2無理をしないことだよ。hintromajiEnglishむりをしないことだよ。muri o shinai koto da yo.You shouldn't push yourself too hard,https://jlptsensei.com/learn-japanese-grammar/%e3%81%93%e3%81%a8%e3%81%a0-koto-da-meaning/
koto dakara,ことだから,Meaning: because; since. Guess future result or justify reasoning for current situation. Learn Japanese N2 Grammar ことだから (koto dakara). Study how to use with examples & vocabulary list at jlptsensei.com. 日本語能力試験のための文法レッスン,"<table class=""table table-bordered table-sm usage""><tbody><tr><td class=""text-center"" colspan=""2"">Usage style #1</td></tr><tr><td>Noun + の</td><td>ことだから</td></tr><tr><td class=""text-center"" colspan=""2"">Usage style #2</td></tr><tr><td>Verb</td><td rowspan=""4"">ことだから<br/>ことだし</td></tr><tr><td>Noun + である</td></tr><tr><td>な-adjective + な/である</td></tr><tr><td>い-adjective</td></tr></tbody></table>","Example #1それは、私にとって重要なことだから答えて。hintromajiEnglishそれは、わたしにとってじゅうようなことだからこたえて。sore wa, watashi ni totte juuyou na koto dakara kotaete.It is very important for me, so please answer it.",Example #2あなたのことだから上々でしょう。hintromajiEnglishあなたのことだからじょうじょうでしょう。anata no koto dakara joujou deshou.I'm sure you did an excellent (since it's you we're talking about).,https://jlptsensei.com/learn-japanese-grammar/%e3%81%93%e3%81%a8%e3%81%a0%e3%81%8b%e3%82%89-koto-dakara-meaning/
koto ka,ことか,Learn Japanese grammar: (koto ka). Meaning: how…!; what…! This grammar structure is usually preceded by interrogative words like どんなに (donna ni). どれだけ (dore dake). どれほど...,"<table class=""table table-bordered table-sm usage""><tbody><tr><td>Verb (casual)</td><td rowspan=""4"">ことか</td></tr><tr><td>Noun + である</td></tr><tr><td>な-adjective + な</td></tr><tr><td>い-adjective</td></tr></tbody></table>",Example #1何度注意したことか？hintromajiEnglishなんどちゅういしたことか？nando chuui shita koto ka?How many times have I warned you?,Example #2この景色はなんときれいなことか。hintromajiEnglishこのけしきはなんときれいなことか。kono keshiki wa nanto kirei na koto ka.This scenery is incredibly beautiful!,https://jlptsensei.com/learn-japanese-grammar/%e3%81%93%e3%81%a8%e3%81%8b-koto-ka-meaning/
koto naku,ことなく,Learn Japanese grammar: (koto naku). Meaning: without doing something even once.,"<table class=""table table-bordered table-sm usage""><tbody><tr><td>Verb (dictionary form)</td><td>ことなく</td></tr></tbody></table>",Example #1お父さんは10年間休むことなく会社に通った。hintromajiEnglishおとうさんは10ねんかんやすむことなくかいしゃにかよった。otousan wa juu nenkan yasumu koto naku kaisha ni kayotta.My father worked for 10 years without taking a break.,"Example #2彼らは試合に勝つために、1日も休むことなく練習に励んだ。hintromajiEnglishかれらはしあいにかつために、いちにちもやすむことなくれんしゅうにはげんだ。karera wa shiai ni katsu tame ni, ichinichi mo yasumu koto naku renshuu ni hagen da.In order to win the match, they practiced continually without any days off.",https://jlptsensei.com/learn-japanese-grammar/%e3%81%93%e3%81%a8%e3%81%aa%e3%81%8f-koto-naku-meaning/
koto ni,ことに,Learn Japanese grammar: (koto ni). Meaning: emphasize speaker’s feelings; to my (surprise/etc) This sentence pattern is limited to being used with certain words. Some of...,"<table class=""table table-bordered table-sm usage""><tbody><tr><td>Verb (た form)</td><td rowspan=""3"">ことに</td></tr><tr><td>な-adjective + な</td></tr><tr><td>い-adjective</td></tr></tbody></table>","Example #1嬉しいことに、明日退院できるんです。hintromajiEnglishうれしいことに、あしたたいいんできるんです。ureshii koto ni, ashita taiin dekirun desu.I'm happy that tomorrow I will be able to leave the hospital.","Example #2残念なことに、努力して頑張りましたが、失敗しました。hintromajiEnglishざんねんなことに、どりょくしてがんばりましたが、しっぱいしました。zannen na koto ni, doryoku shite ganbarimashita ga, shippai shimashita.I tried my best effort but unfortunately I failed.",https://jlptsensei.com/learn-japanese-grammar/%e3%81%93%e3%81%a8%e3%81%ab-koto-ni-meaning/
koto niwa naranai,ことにはならない,Learn Japanese grammar: (koto niwa naranai). Meaning: just because… doesn’t mean ~.,"<table class=""table table-bordered table-sm usage""><tbody><tr><td>Verb (casual, past) + (という)</td><td rowspan=""3"">ことにはならない</td></tr><tr><td>な-adjective + だという</td></tr><tr><td>い-adjective + という</td></tr></tbody></table>","Example #1でも、どうやらそんなことにはならないようです。hintromajiEnglishでも、どうやらそんなことにはならないようです。demo, douyara sonna koto ni wa naranai you desu.But this did not seem likely to happen.",Example #2彼が絵が好きだからといって絵がうまいということにはならない。hintromajiEnglishかれがえがすきだからといってえがうまいということにはならない。kare ga e ga suki dakaratoitte e ga umai to iu koto ni wa naranai.Just because he likes painting does not mean that he paints well.,https://jlptsensei.com/learn-japanese-grammar/%e3%81%93%e3%81%a8%e3%81%ab%e3%81%af%e3%81%aa%e3%82%89%e3%81%aa%e3%81%84-koto-niwa-naranai-meaning/
kuse shite,くせして,Learn Japanese grammar: (kuse shite). Meaning: although; despite the fact that; even though ~. This can also be used as .,"<table class=""table table-bordered table-sm usage""><tbody><tr><td>Verb (dictionary form)</td><td rowspan=""4"">くせして</td></tr><tr><td>Noun + の</td></tr><tr><td>な-adjective + な</td></tr><tr><td>い-adjective</td></tr></tbody></table>","Example #1大学生のくせして、そんなことも知らないの。hintromajiEnglishだいがくのくせして、そんなこともしらないの。daigakusei no kuse shite, sonna koto mo shiranai no？Even though you are a university student, you don't know that?","Example #2彼は歌が下手なくせして、いつもカラオケに行きたがる。hintromajiEnglishかれはうたがへたなくせして、いつもカラオケにいきたがる。kare wa uta ga heta na kuse shite, itsumo karaoke ni ikitagaru.Despite being bad at singing, he always wants to go to do karaoke.",https://jlptsensei.com/learn-japanese-grammar/%e3%81%8f%e3%81%9b%e3%81%97%e3%81%a6-kuse-shite-meaning/
madashimo,まだしも,Learn Japanese grammar: 未だしも 【】 (nara madashimo). Meaning: rather; better​ ~. There are two main patterns that are used. Pattern 1) Noun[A] + ならまだしも +...,"<table class=""table table-bordered table-sm usage""><tbody><tr><td>Noun + なら</td><td rowspan=""2"">まだしも</td></tr><tr><td>Noun + は</td></tr></tbody></table>","Example #1一度だけならまだしも、二度も失敗してしまった。hintromajiEnglishいちどだけならまだしも、にどもしっぱいしてしまった。ichido dake nara madashimo, nido mo shippai shite shimatta.It would be alright if I only messed up once, but I failed twice..","Example #2あの人、wordやexcelが使えないのはまだしも、メールもできないらしいよ。hintromajiEnglishあのひと、wordやexcelがつかえないのはまだしも、メールもできないらしいよ。ano hito, word ya excel ga tsukaenai no wa madashimo, meeru mo dekinai rashii yo.It's one thing that they don't know how to use word and excel, but apparently they don't even know how to use email.",https://jlptsensei.com/learn-japanese-grammar/%e3%81%aa%e3%82%89%e3%81%be%e3%81%a0%e3%81%97%e3%82%82-nara-madashimo-meaning/
mai,まい,Learn Japanese grammar: (mai). Meaning: will not; will probably not; intend not to; must not ~. This is the opposite of .,"<table class=""table table-bordered table-sm usage""><tbody><tr><td>U-verb (dictionary form)</td><td rowspan=""2"">まい</td></tr><tr><td>Ru-verb <s>ます</s> (stem form)</td></tr><tr><td colspan=""2"">Exception: する =&gt; すまい</td></tr><tr><td colspan=""2"">Exception: くる =&gt; こまい</td></tr></tbody></table>",Example #1あんなところは二度と行くまい。hintromajiEnglishあんなところはにどといくまい。anna tokoro wa nido to iku mai.I'll never go to such a place again.,Example #2彼はそう簡単に態度を変えるまい。hintromajiEnglishかれはそうかんたんにたいどをかえるまい。kare wa sou kantan ni taido o kaeru mai.He won't be able to change his behavior that easily.,https://jlptsensei.com/learn-japanese-grammar/%e3%81%be%e3%81%84-mai-meaning/
mama ni,ままに,"Learn Japanese grammar: (mama ni). Meaning: as, to do as ~.","<table class=""table table-bordered table-sm usage""><tbody><tr><td>Verb (dictionary form) +（が）</td><td rowspan=""3"">まま（に）</td></tr><tr><td>Verb (られる form) +（が）</td></tr><tr><td>Noun + の</td></tr></tbody></table>",Example #1今のままにしておこう。hintromajiEnglishいまのままにしておこう。ima no mama ni shite okou.Let's leave this as is.,Example #2思うままにどうぞ意見を言ってください。hintromajiEnglishおもうままにどうぞいけんをいってください。omou mama ni douzo iken o itte kudasai.Please tell me your honest opinion.,https://jlptsensei.com/learn-japanese-grammar/%e3%81%be%e3%81%be%e3%81%ab-mama-ni-meaning/
mattaku~nai,全く～ない（まったく～ない）,not at all ~,<em>(no usage table)</em>,,,https://jlptsensei.com/learn-japanese-grammar/%e5%85%a8%e3%81%8f%ef%bd%9e%e3%81%aa%e3%81%84-mattakunai-meaning/
mo kamawazu,もかまわず,Learn Japanese grammar: 【もかまわず】 (mo kamawazu). Meaning: without caring; without worrying about ~.,"<table class=""table table-bordered table-sm usage""><tbody><tr><td>Verb (casual) + (の)</td><td rowspan=""2"">も構わず<br/>もかまわず</td></tr><tr><td>Noun</td></tr></tbody></table>","Example #1彼女は服が汚れるのもかまわず、公園で犬と遊んでいる。hintromajiEnglishかのじょはふくがよごれるのもかまらず、こうえんでいぬとあそんでいる。kanojo wa fuku ga yogoreru no mo kamawazu, kouen de inu to asonde iru.She played in the park with her dog without worrying about her clothes getting dirty.","Example #2あの男は人目もかまわず、電車の中で弁当を食べている。hintromajiEnglishあのおとこはひとめもかまわず、でんしゃのなかでべんとうをたべている。ano otoko wa hitome mo kamawazu, densha no naka de bentou o tabete iru.That man is eating his lunch box on the train without worrying about being looked at.",https://jlptsensei.com/learn-japanese-grammar/%e3%82%82%e6%a7%8b%e3%82%8f%e3%81%9a-%e3%82%82%e3%81%8b%e3%81%be%e3%82%8f%e3%81%9a-mo-kamawazu-meaning/
mo touzen da,も当然だ（もとうぜんだ）,it’s only natural; no wonder; might as well ~,<em>(no usage table)</em>,,,https://jlptsensei.com/learn-japanese-grammar/%e3%82%82%e5%bd%93%e7%84%b6%e3%81%a0-mo-touzen-da-meaning/
mono / mon,もの / もん,"Learn Japanese grammar: (mono) / (mon). Meaning: because; indicates reason/ excuse/ dissatisfaction. This is used to express a reason to justify something. In spoken Japanese,...","<table class=""table table-bordered table-sm usage""><tbody><tr><td>Verb (casual) +（んだ）</td><td rowspan=""4"">もの<br/>もん</td></tr><tr><td>Noun + なんだ</td></tr><tr><td>な-adjective + なんだ</td></tr><tr><td>い-adjective +（んだ）</td></tr></tbody></table>",Example #1今日は早く帰ってきたんです。体調がよくないんだもの。hintromajiEnglishきょうははやくかえってきたんです。たいちょうがよくないんだもの。kyou wa hayaku kaette kitan desu. taichou ga yokunai nda mono.I came home early today because I don't feel well,"Example #2「またN2不合格だった．．．」「しょうがないよ、難しいもんね。」hintromajiEnglish「またN2ふごうかくだった．．．」「しょうがないよ、むずしいもんね。」「mata N2 fugoukaku datta」「shou ga nai yo, muzukashii mon ne.」""I failed the N2 again...""""It can't be helped, it's really tough to pass.""",https://jlptsensei.com/learn-japanese-grammar/%e3%82%82%e3%81%ae-mono-%e3%82%82%e3%82%93-mon-meaning/
mono da,ものだ,Meaning: describe feeling; express memories; state fact. Learn Japanese Grammar 日本語文法 - JLPT N3 - ものだ (mono da). Study examples sentences & vocabulary list.,"<table class=""table table-bordered table-sm usage""><tbody><tr><td>Verb (dictionary form)</td><td rowspan=""4"">ものだ<br/>もんだ<br/>ものじゃない</td></tr><tr><td>Verb (ない form)</td></tr><tr><td>な-adjective</td></tr><tr><td>い-adjective</td></tr></tbody></table>",Example #1人は誰でも間違いをするものだ。hintromajiEnglishひとはだれでもまちがいをするものだ。hito wa dare demo machigai o suru mono da.Everybody makes mistakes.,Example #2人は見かけでは分からないものだ。hintromajiEnglishひとはみかけではわからないものだ。hito wa mikake de wakaranai mono da.People cannot be understood by just their outward appearance.,https://jlptsensei.com/learn-japanese-grammar/%e3%82%82%e3%81%ae%e3%81%a0-%e3%82%82%e3%81%ae%e3%81%98%e3%82%83%e3%81%aa%e3%81%84-mono-da-mono-janai-meaning/
mono dakara,ものだから,Learn Japanese grammar: (mono dakara). Meaning: so; therefore; the reason for something. It is often used when telling an excuse or declining an invitation. Other...,"<table class=""table table-bordered table-sm usage""><tbody><tr><td>Verb (casual)</td><td rowspan=""4"">ものだから<br/>ものですから<br/>もんだから (spoken)</td></tr><tr><td>Noun + な</td></tr><tr><td>な-Adjective + な</td></tr><tr><td>い-Adjective</td></tr></tbody></table>","Example #1目覚まし時計が壊れたものだから、遅刻してしまった。hintromajiEnglishめざましどけいがこわれたものだから、ちこくしてしまった。mezamashi dokei ga kowareta mono dakara, chikoku shite shimatta.My alarm clock broke, so I was late.","Example #2すみません、風邪を引いてしまったものですから、今日は欠席です。hintromajiEnglishすみません、かぜをひいてしまったものですから、きょうはけっせきです。sumimasen, kaze o hiite shimatta mono desu kara, kyou wa kesseki desu.Sorry, I caught a cold and so I will be absent today.",https://jlptsensei.com/learn-japanese-grammar/%e3%82%82%e3%81%ae%e3%81%a0%e3%81%8b%e3%82%89-mono-dakara-meaning/
mono dewa nai,ものではない,shouldn’t do something; it’s impossible to ~,<em>(no usage table)</em>,,,https://jlptsensei.com/learn-japanese-grammar/%e3%82%82%e3%81%ae%e3%81%a7%e3%81%af%e3%81%aa%e3%81%84-mono-dewa-nai-meaning/
mono ga aru,ものがある,there is such a thing; to be the case that​; feels like ~,<em>(no usage table)</em>,,,https://jlptsensei.com/learn-japanese-grammar/%e3%82%82%e3%81%ae%e3%81%8c%e3%81%82%e3%82%8b-mono-ga-aru-meaning/
mono ka / mon ka,ものか / もんか,as if (something untrue were actually true); there's no way ~,<em>(no usage table)</em>,,,https://jlptsensei.com/learn-japanese-grammar/%e3%82%82%e3%81%ae%e3%81%8b-%e3%82%82%e3%82%93%e3%81%8b-mono-ka-mon-ka-meaning/
mono nara,ものなら,"Meaning: If [x..] is possible, then [y..]. Learn Japanese Grammar 日本語文法 - JLPT N2 - ものなら (mono nara). Study guide, example sentences, and vocabulary list.","<table class=""table table-bordered table-sm usage""><tbody><tr><td rowspan=""2"">Verb (potential form れる)</td><td>ものなら</td></tr><tr><td>もんなら (spoken)</td></tr></tbody></table>","Example #1やれるもんなら、やってみろ。hintromajiEnglishやれるもんなら、やってみろ。yareru mon nara, yatte miro.If you can do it, let's see you try.",Example #2止められるものなら止めてみるがよい。hintromajiEnglishとめられるものならとめてみるがよい。tomerareru mono nara tomete miru ga yoi.Try and stop me if you can.,https://jlptsensei.com/learn-japanese-grammar/%e3%82%82%e3%81%ae%e3%81%aa%e3%82%89-mono-nara-meaning/
monono,ものの,"JLPT N2 - ものの (monono) Meaning: but, although. Learn Japanese Grammar 日本語 文法 例文. Study formation guide, example sentences, and vocabulary list.","<table class=""table table-bordered table-sm usage""><tbody><tr><td>Verb (casual)</td><td rowspan=""4"">ものの</td></tr><tr><td>Noun + である</td></tr><tr><td>な-adjective + な</td></tr><tr><td>い-adjective</td></tr></tbody></table>","Example #1秋であるものの、まだ暑い。hintromajiEnglishあきであるものの、まだあつい。aki de aru monono, mada atsui.Although it's fall, it is still hot.","Example #2申し込みはしたものの、試験を受けるかどうか未定です。hintromajiEnglishもうしこみはしたものの、しけんをうけるかどうかみていです。moushikomi wa shita monono, shiken o ukeru ka dou ka mitei desu.Although I applied to take the test, I'm not sure if I'll take it or not.",https://jlptsensei.com/learn-japanese-grammar/%e3%82%82%e3%81%ae%e3%81%ae-monono-meaning/
motto mo,もっとも,"Learn Japanese grammar: 尤も 【】(motto mo). Meaning: but then; although; though ~. Do not confuse this with the adverb 最も (motto mo), which means extremely....","<table class=""table table-bordered table-sm usage""><tbody><tr><td>もっとも</td><td>phrase</td></tr></tbody></table>","Example #1全員が参加しなければなりません。もっとも病気の場合は別です。hintromajiEnglishぜんいんがさんかしなければなりません。もっともびょうきのばあいはべつです。zenin ga sanka shinakereba narimasen. Motto mo byouki no baai wa betsu desu.Everyone must participate, unless you are sick.","Example #2今回の失敗は田中さんの責任だ。もっとも、私たちも責任を一部持ちます。hintromajiEnglishこんかいのしっぱいはたなかさんのせきにんだ。もっとも、わたしたちもせきにんをいちぶもちます。konkai no shippai wa tanaka san no sekinin da. motto mo, watashi tachi mo sekinin o ichibu mochimasu.This failure is Mr. Tanaka's responsibility. Though really we all share some of the responsibility.",https://jlptsensei.com/learn-japanese-grammar/%e3%82%82%e3%81%a3%e3%81%a8%e3%82%82-motto-mo-meaning/
mou sukoshi de,もう少しで（もうすこしで）,"almost; nearly, close to ~",<em>(no usage table)</em>,,,https://jlptsensei.com/learn-japanese-grammar/%e3%82%82%e3%81%86%e5%b0%91%e3%81%97%e3%81%a7-mou-sukoshi-de-meaning/
nai dewa irarenai,ないではいられない,can’t help but feel; can’t help but do ~,<em>(no usage table)</em>,,,https://jlptsensei.com/learn-japanese-grammar/%e3%81%aa%e3%81%84%e3%81%a7%e3%81%af%e3%81%84%e3%82%89%e3%82%8c%e3%81%aa%e3%81%84-nai-dewa-irarenai-meaning/
nai koto niwa~nai,ないことには～ない,Learn Japanese grammar: (nai koto niwa~nai). Meaning: unless you ~.,"<table class=""table table-bordered table-sm usage""><tbody><tr><td>Verb (ない form)</td><td rowspan=""4"">ことには + Verb<br/>(ない form)</td></tr><tr><td>Noun + でない</td></tr><tr><td>な-adjective + でない</td></tr><tr><td>い-adjective + <s>い</s>くない</td></tr></tbody></table>","Example #1彼が来ないことには、会議を始めることができない。hintromajiEnglishかれがこないことには、かいぎをはじめることができない。kare ga konai koto niwa, kaigi o hajimeru koto ga dekinai.Unless he comes, we cannot start the meeting.","Example #2一口食べてみないことには、美味しいかどうかわかりません。hintromajiEnglishひとくちたべてみないことには、おいしいかどうかわかりません。hitokuchi tabete minai koto niwa, oishii ka douka wakarimasen.Unless you try a bite, you won't know if it tastes good or not.",https://jlptsensei.com/learn-japanese-grammar/%e3%81%aa%e3%81%84%e3%81%93%e3%81%a8%e3%81%ab%e3%81%af%ef%bd%9e%e3%81%aa%e3%81%84-nai-koto-niwanai-meaning/
naka o / naka dewa,中を / 中では（なかを / なかでは）,Learn Japanese grammar: 【なかを / なかでは】(naka o / naka dewa). Meaning: in; on; in the midst of; when; while ~.,"<table class=""table table-bordered table-sm usage""><tbody><tr><td>Verb (casual form)</td><td rowspan=""3"">中を<br/>中では</td></tr><tr><td>Noun + の</td></tr><tr><td>Adjective</td></tr></tbody></table>",Example #1私はお店の中をうろうろしていた。hintromajiEnglishわたしはおみせのなかをうろうろしていた。watashi wa omise no naka o urouro shite ita.I wandered around in the store.,"Example #2雨が降っているから彼女は部屋の中を走った。hintromajiEnglishあめがふっているからかのじょはへやのなかをはしった。ame ga futte iru kara kanojo wa heya no naka o hashitta.Since it was raining outside, she ran inside.",https://jlptsensei.com/learn-japanese-grammar/%e4%b8%ad%e3%82%92-%e4%b8%ad%e3%81%a7%e3%81%af-naka-o-naka-dewa-meaning/
naku wa nai / naku mo nai,なくはない / なくもない,Learn Japanese grammar: (naku wa nai / naku mo nai). Meaning: it’s not that; I may (double negative).,"<table class=""table table-bordered table-sm usage""><tbody><tr><td>Verb な<s>い</s></td><td rowspan=""4"">くはない<br/>くもない</td></tr><tr><td>Noun + がな</td></tr><tr><td>な-adjective + じゃな</td></tr><tr><td>い-adjective + <s>い</s>くな</td></tr></tbody></table>","Example #1自信がなくはないが、ただちょっと緊張している。hintromajiEnglishじしんがなくはないが、ただちょっときんちょうしている。jishin ga nakuwa nai ga, tada chotto kinchou shite iru.It’s not that I have no confidence, I’m just a little nervous.","Example #2息子は野菜を食べなくはないが、あまり好きではない。hintromajiEnglishむすこはやさいをたべなくはないが、あまりすきではない 。musuko wa yasai o tabenaku wa naiga, amari sukide wanai.It’s not that my son doesn’t eat vegetables, he just doesn’t like them very much.",https://jlptsensei.com/learn-japanese-grammar/%e3%81%aa%e3%81%8f%e3%81%af%e3%81%aa%e3%81%84-naku-wa-nai-meaning/
nakute sumu,なくて済む（なくてすむ）,get by without doing ~,<em>(no usage table)</em>,,,https://jlptsensei.com/learn-japanese-grammar/%e3%81%aa%e3%81%8f%e3%81%a6%e6%b8%88%e3%82%80-nakute-sumu-meaning/
nani mo~nai,何も～ない（なにも～ない）,Learn Japanese grammar: 【なにも～ない】(nani mo~nai). Meaning: nothing; (not) ~ at all; there’s no need to ~.,"<table class=""table table-bordered table-sm usage""><tbody><tr><td>なにも</td><td>Verb/Noun/Adj (ない form)</td></tr></tbody></table>",Example #1私達はなにもいらない。hintromajiEnglishわたしたちはなにもいらない。watashi tachi wa nani mo iranai.We don't need anything.,Example #2彼女はなにも言わなかった。hintromajiEnglishかのじょはなにもいわなかった。kanojo wa nani mo iwana katta.She did not say anything.,https://jlptsensei.com/learn-japanese-grammar/%e3%81%aa%e3%81%ab%e3%82%82%ef%bd%9e%e3%81%aa%e3%81%84-nanimonai-meaning/
nao,なお,Learn Japanese grammar: (nao). Meaning: still; yet​; furthermore; in addition ~.,"<table class=""table table-bordered table-sm usage""><tbody><tr><td>なお</td><td>phrase</td></tr></tbody></table>",Example #1かなり多くの人々が今なおそれを信じている。hintromajiEnglishかなりおおくのひとびとがいまなおそれをしんじている。kanari ooku no hitobito ga ima nao sore o shinjiteiru.Many people still believe that.,"Example #2とても寒く、なお悪いことに、雨が降り始めた。hintromajiEnglishとてもさむく、なおわるいことに、あめがふりはじめた。totemo samuku, nao warui koto ni, ame ga furi hajimeta.It was very cold, and what was worse, it began to rain.",https://jlptsensei.com/learn-japanese-grammar/%e3%81%aa%e3%81%8a-nao-meaning/
neba naranai,ねばならない,Learn Japanese grammar: (neba naranai). Meaning: have to do; must; should ~.,"<table class=""table table-bordered table-sm usage""><tbody><tr><td>Verb <s>ない</s></td><td>ねばならない</td></tr></tbody></table>",Example #1歯医者に行かねばならない。hintromajiEnglishはいしゃにいかねばならない。haisha ni ikaneba naranai.I must go to the dentist.,Example #29時までに戻らねばならない。hintromajiEnglish9じまでにもどらねばならない。9 ji made ni modoraneba naranai.I'm supposed to be back by nine.,https://jlptsensei.com/learn-japanese-grammar/%e3%81%ad%e3%81%b0%e3%81%aa%e3%82%89%e3%81%aa%e3%81%84-neba-naranai-meaning/
ni atatte,にあたって,Learn Japanese grammar: (ni atatte) / (ni atari). Meaning: at the time; on the occasion of ~.,"<table class=""table table-bordered table-sm usage""><tbody><tr><td>Verb (dictionary form)</td><td rowspan=""2"">にあたって(は)<br/>にあたり</td></tr><tr><td>Noun</td></tr></tbody></table>","Example #1皆さん、JLPTを受けるにあたって、大切なことを伝えておきます。hintromajiEnglishみなさん、JLPTをうけるにあたって、たいせつなことをつたえておきます。minasan, JLPT o ukeru ni atatte, taisetsu na koto o tsutaete okimasu.Everyone, I will tell you an important thing for when you take the JLPT exam.","Example #2アルバイトをするにあたっては、学業や体に無理のないようにすること。hintromajiEnglishアルバイトをするにあたっては、がくぎょうやからだにむりのないようにすること。arubaito o suru ni atattewa, gakugyou ya karada ni muri no nai youni suru koto.If you are going to work part-time, make sure that it does not interfere with your studies or health.",https://jlptsensei.com/learn-japanese-grammar/%e3%81%ab%e3%81%82%e3%81%9f%e3%81%a3%e3%81%a6-ni-atatte-meaning/
ni hoka naranai,にほかならない,"Learn Japanese grammar: (ni hoka naranai). Meaning: nothing but; none other than ~. To use with a Verb, instead use .","<table class=""table table-bordered table-sm usage""><tbody><tr><td>Noun</td><td>にほかならない</td></tr></tbody></table>","Example #1合格したのは、彼の努力の結果にほかならない。hintromajiEnglishごうかくしたのは、かれのどりょくのけっかにほかならない。goukaku shita nowa, kare no doryoku no kekka ni hoka naranai.Him being able to pass is nothing else but the result of his hard effort.","Example #2緊急時に一番大切なことは、まず落ち着くことにほかならない。hintromajiEnglishきんきゅうときにいちばんたいせつなことは、まずおちつくことにほかならない。kinkyuu toki ni ichiban taisetsu na koto wa, mazu ochitsuku koto ni hoka naranai.In an emergency, the most important thing is nothing other than to first calm down.",https://jlptsensei.com/learn-japanese-grammar/%e3%81%ab%e3%81%bb%e3%81%8b%e3%81%aa%e3%82%89%e3%81%aa%e3%81%84-ni-hoka-naranai-meaning/
ni kagirazu,に限らず（にかぎらず）,Learn Japanese grammar: 【にかぎらず】(ni kagirazu). Meaning: not just; not only… but also ~.,"<table class=""table table-bordered table-sm usage""><tbody><tr><td>Noun</td><td>に限らず</td></tr></tbody></table>","Example #1最近は、女性に限らず男性も化粧をする。hintromajiEnglishさいきんは、じょせいにかぎらずだんせいもけしょうをする。saikin wa, josei ni kagirazu dansei mo keshou o suru.Lately, not only women but also men have been wearing makeup.","Example #2この映画は子供に限らず、大人も楽しめます。hintromajiEnglishこのえいがはこどもにかぎらず、おとなもたのしめます。kono eiga wa kodomo ni kagirazu, otona mo tanoshime masu.With this movie, not only children but also adults can enjoy it.",https://jlptsensei.com/learn-japanese-grammar/%e3%81%ab%e9%99%90%e3%82%89%e3%81%9a-ni-kagirazu-meaning/
ni kagiru,に限る（にかぎる）,Learn Japanese grammar: (ni kagiru). Meaning: is best; nothing is better than ~. Is used to express that the speaker believes that something is the...,"<table class=""table table-bordered table-sm usage""><tbody><tr><td>Verb (casual, non-past)</td><td rowspan=""2"">に限る</td></tr><tr><td>Noun</td></tr></tbody></table>","Example #1寒い日は、熱いラーメンに限る。hintromajiEnglishさむいひは、あついラーメンにかぎる。samui hi wa, atsui raamen ni kagiru.On a cold day, nothing beats a hot bowl of ramen.",Example #2風邪には寝ているに限る。hintromajiEnglishかぜにはねているにかぎる。kaze ni wa neteiru ni kagiru.Staying in bed is the best remedy for a cold.,https://jlptsensei.com/learn-japanese-grammar/%e3%81%ab%e9%99%90%e3%82%8b-ni-kagiru-meaning/
ni kagitte,に限って（にかぎって）,Learn Japanese grammar: 【にかぎって】(ni kagitte). Meaning: only; in particular ~.,"<table class=""table table-bordered table-sm usage""><tbody><tr><td>Noun</td><td>に限って</td></tr></tbody></table>","Example #1うちの娘に限って、人をいじめるようなことはしません。hintromajiEnglishうちのむすめにかぎって、ひとをいじめるようなことはしません。uchi no musume ni kagitte, hito o ijimeru youna koto wa shimasen.Our daughter would be the last person to do something like bully another person.","Example #2私は学校に休んだ日に限って、テストがある。hintromajiEnglishわたしはがっこうにやすんだひにかぎって、テストがある。watashi wa gakkou ni yasunda hi ni kagitte, tesuto ga aru.There was a test on the one day I missed school..",https://jlptsensei.com/learn-japanese-grammar/%e3%81%ab%e9%99%90%e3%81%a3%e3%81%a6-ni-kagitte-meaning/
ni kakawarazu,に関わらず（にかかわらず）,Learn Japanese grammar: 【にかかわらず】 (ni kakawarazu). Meaning: in spite of; regardless of ~.,"<table class=""table table-bordered table-sm usage""><tbody><tr><td>Verb (dictionary form)</td><td rowspan=""3"">に関わらず<br/>にかかわらず</td></tr><tr><td>Noun</td></tr><tr><td>Adjective</td></tr></tbody></table>","Example #1このバスは距離にかかわらず、どこまで行っても200円だ。hintromajiEnglishこのバスはきょりにかかわらず、どこまでいっても200えんだ。kono basu wa kyuori ni kakawarazu, doko made ittemo 200 yen da.This bus costs 200 yen regardless of the distance you go.","Example #2値段にかかわらず、新しいiPhoneが発売したら買うつもりだ。hintromajiEnglishねだんにかかわらず、あたらしいiPhoneがはつばいしたらかうつもりだ。nedan ni kakawarazu, atarashii iphone ga hatsubai shitara kau tsumori da.I plan to buy the new iPhone once it is released, regardless of the price,",https://jlptsensei.com/learn-japanese-grammar/%e3%81%ab%e3%81%8b%e3%81%8b%e3%82%8f%e3%82%89%e3%81%9a-ni-kakawarazu-meaning/
ni kakawaru,に関わる（にかかわる）,Learn Japanese grammar: 【にかかわる】(ni kakawaru). Meaning: to relate to; to have to do with; relating to ~.,"<table class=""table table-bordered table-sm usage""><tbody><tr><td>Noun</td><td>関わる<br/>にかかわる<br/>にかかわって<br/>にかかわり</td></tr></tbody></table>",Example #1息子はマスコミに関わる仕事をしている。hintromajiEnglishむすこはマスコミにかかわるしごとをしている。musuko wa masukomi ni kakawaru shigoto o shite iru.My son works in a job related to mass communications.,"Example #2命に関わる病気ではないので、安心してください。hintromajiEnglishいのちにかかわるびょうきではないので、あんしんしてください。inochi ni kakawaru byouin dewa nai node, anshin shite kudasai.This is not a life-threatening illness so please relax.",https://jlptsensei.com/learn-japanese-grammar/%e3%81%ab%e9%96%a2%e3%82%8f%e3%82%8b-%e3%81%ab%e3%81%8b%e3%81%8b%e3%82%8f%e3%82%8b-ni-kakawaru-meaning/
ni kimatte iru,に決まっている（にきまっている）,Learn Japanese grammar: 【にきまっている】(ni kimatte iru). Meaning: certainly; I’m sure/certain that; it must be the case that ~.,"<table class=""table table-bordered table-sm usage""><tbody><tr><td>Verb (casual)</td><td rowspan=""4"">に決まっている</td></tr><tr><td>Noun</td></tr><tr><td>な-adjective</td></tr><tr><td>い-adjective</td></tr></tbody></table>","Example #1毎日、一生懸命勉強したから、絶対合格するに決まっている。hintromajiEnglishまいにち、いっしょうけんめいべんきょうしたから、ぜったいごうかくするにきまっている。mainichi, isshoukenmei benkyou shita kara, zettai goukaku suru ni kimatte iru.I've studied very hard every day so I am certain that I will pass the exam.","Example #2同じ値段なら、質がいいほうがたくさん売れるに決まっている。hintromajiEnglishおなじねだんなら、しつがいいほうがたくさんうれるにきまっている。onaji nedan nara, shitsu ga ii hou ga takusan ureru ni kimatte iru.If the price is the same, the product with better quality will sell more for sure.",https://jlptsensei.com/learn-japanese-grammar/%e3%81%ab%e6%b1%ba%e3%81%be%e3%81%a3%e3%81%a6%e3%81%84%e3%82%8b-ni-kimatte-iru-meaning/
ni koshita koto wa nai,に越したことはない（にこしたことはない）,"Learn Japanese grammar: 【にこしたことはない】(ni koshita koto wa nai). Meaning: it’s best that, there’s nothing better than ~.","<table class=""table table-bordered table-sm usage""><tbody><tr><td>Verb (casual, non-past)</td><td rowspan=""4"">に越したことはない</td></tr><tr><td>Noun</td></tr><tr><td>な-adjective</td></tr><tr><td>い-adjective</td></tr></tbody></table>",Example #1そうするに越したことはない。hintromajiEnglishそうするにこしたことはない。sou suru ni koshita koto wa nai.That is the best thing to do.,"Example #2何が起こるかわからないから、試験のときは、早く行くに越したことはない。hintromajiEnglishなにがおこるかわからないから、しけんのときは、はやくいくにこしたことはない。nani ga okoru ka wakaranai kara, shiken no toki wa, hayaku iku ni koshita koto wa nai.You never know what might happen, so it's best to go early on the test day.",https://jlptsensei.com/learn-japanese-grammar/%e3%81%ab%e8%b6%8a%e3%81%97%e3%81%9f%e3%81%93%e3%81%a8%e3%81%af%e3%81%aa%e3%81%84-ni-koshita-koto-wa-nai-meaning/
ni kotaete,に応えて（にこたえて）,in response to ~,<em>(no usage table)</em>,,,https://jlptsensei.com/learn-japanese-grammar/%e3%81%ab%e5%bf%9c%e3%81%88%e3%81%a6-ni-kotaete-meaning/
ni kuwaete,に加えて（にくわえて）,Learn Japanese grammar: 【にくわえて】(ni kuwaete). Meaning: in addition ~.,"<table class=""table table-bordered table-sm usage""><tbody><tr><td>Noun</td><td>に加えて</td></tr></tbody></table>","Example #1のどの痛みに加えて、熱も出てきたので学校を休むしかない。hintromajiEnglishのどのいたみにくわえて、ねつもでてきたのでがっこうをやすむしかない。nodo no itami ni kuwaete, netsu mo detekita node gakkou o yasumu shika nai.In addition to throat pain, I've started getting a fever and have no choice but to miss school.","Example #2彼女は週末にアルバイトに加えて、ボランティア活動もしている。hintromajiEnglishかのじょはしゅうまつにアルバイトにくわえて、ボランティアかつどうもしている。kanojo wa shuumastu ni barubaito ni kuwaete, borantia katsudou mo shite iru.In addition to working a part-time job on weekends, she also works as a volunteer.",https://jlptsensei.com/learn-japanese-grammar/%e3%81%ab%e5%8a%a0%e3%81%88%e3%81%a6-ni-kuwaete-meaning/
ni motozuite,に基づいて（にもとづいて）,Learn Japanese grammar: 【にもとづいて】(ni motozuite). Meaning: based on; on the basis of ~.,"<table class=""table table-bordered table-sm usage""><tbody><tr><td>Noun</td><td>に基づいて<br/>に基づき</td></tr></tbody></table>",Example #1この小説は実際にあったことに基づいて書かれたそうです。hintromajiEnglishこのしょうせつはじっさいにあったことにもとづいてかかれたそうです。kono shousetsu wa jissai ni atta koto ni motoduite kakareta soudesu.This novel is apparently written based on things that actually happened.,"Example #2このテストの結果に基づいて君たちのクラスを分けるので、頑張ってください。hintromajiEnglishこのテストのけっかにもとづいてきみたちのクラスをわけるので、ばんばってください。kono tesuto no kekka ni motodzuite kimitachi no kurasu o wakeru node, ganbatte kudasai.We will split your class based on the results of this test, so good luck!",https://jlptsensei.com/learn-japanese-grammar/%e3%81%ab%e5%9f%ba%e3%81%a5%e3%81%84%e3%81%a6-ni-motozuite-meaning/
ni mukatte,に向かって（にむかって）,Learn Japanese grammar: 【にむかって】(ni mukatte) / 【にむけて】(ni mukete). Meaning: to face; to go towards; to head to ~.,"<table class=""table table-bordered table-sm usage""><tbody><tr><td>Noun</td><td>に向かって<br/>に向けて</td></tr></tbody></table>",Example #1先生に向かって失礼なことを言わないでください。hintromajiEnglishせんせいにむかってしつれいなことをいわないでください。sensei ni mukatte shitsurei na koto o iwanaide kudasai.Please don’t say rude things to your teacher.,Example #2彼女は今どこに向かっていますか？hintromajiEnglishかのじょはいまどこにむかっていますか？kanojo wa ima doko ni mukatte imasu ka?Where is she heading to?,https://jlptsensei.com/learn-japanese-grammar/%e3%81%ab%e5%90%91%e3%81%8b%e3%81%a3%e3%81%a6-ni-mukatte-meaning/
ni oujite,に応じて（におうじて）,Learn Japanese grammar: 【におうじて】(ni oujite). Meaning: depending on; in accordance with ~.,"<table class=""table table-bordered table-sm usage""><tbody><tr><td>Noun</td><td>に応じて<br/>に応じた</td></tr></tbody></table>","Example #1この学校は生徒の日本語のレベルに応じて、クラスを分けます。hintromajiEnglishこのがっこうはせいとのにほんごのレベルにおうじて、クラスをわけます。kono gakkou wa seito no nihon no reberu ni oujite, kurasu o wakemasu.At this school students are divided up based on their Japanese ability level.",Example #2家具は部屋の広さに応じて決めたほうがいい。hintromajiEnglishかぐはへやのひろさにおうじてきめたほうがいい。kagu wa heya no hirosa ni oujite kimeta hou ga ii.You had best pick furniture based on the space of the room.,https://jlptsensei.com/learn-japanese-grammar/%e3%81%ab%e5%bf%9c%e3%81%98%e3%81%a6-ni-oujite-meaning/
ni saishite,に際して（にさいして）,Learn Japanese grammar: 【にさいして】(ni saishite). Meaning: on the occasion of; at the time of ~.,"<table class=""table table-bordered table-sm usage""><tbody><tr><td>Verb (dictionary form)</td><td rowspan=""2"">に際して（は）</td></tr><tr><td>Noun</td></tr></tbody></table>","Example #1車を買うに際しては、保険に入らなければならない。hintromajiEnglishくるまをかうにさいしては、ほけんにはいらなければならない。kuruma o kau ni saishite wa, hoken ni hairanakereba naranai.When you buy a new car, you must buy insurance.","Example #2試験に際して、携帯電話の電源を切ってください。hintromajiEnglishしけんにさいして、けいたいでんわのでんげんをきってください。shiken ni saishite, keitai denwa no dengen o kitte kudasai.Please turn off your cell phones during the test.",https://jlptsensei.com/learn-japanese-grammar/%e3%81%ab%e9%9a%9b%e3%81%97%e3%81%a6-ni-saishite-meaning/
ni sakidachi,に先立ち（にさきだち）,Learn Japanese grammar: 【にさきだち】(ni sakidachi). Meaning: before; prior to ~.,"<table class=""table table-bordered table-sm usage""><tbody><tr><td>Verb (dictionary form)</td><td rowspan=""2"">に先立ち<br/>に先立って<br/>に先立つ</td></tr><tr><td>Noun</td></tr></tbody></table>","Example #1会議に先立って、資料を集めておかなければならない。hintromajiEnglishかいぎにさきだって、しりょうをあつめておかなければならないkaigi ni sakidatte, shiryou o atsumete okanakereba naranai.Before the meeting, we must gather the resources.","Example #2日本への留学に先立ち、パスポートの申請をしました。hintromajiEnglishにほんへのりゅうがくにさきだち、パスポートのしんせいをしました。nihon e no ryuugaku ni sakidachi, pasupooto no shinsei o shimashita.Before studying abroad in Japan, I applied for my passport.",https://jlptsensei.com/learn-japanese-grammar/%e3%81%ab%e5%85%88%e7%ab%8b%e3%81%a1-ni-sakidachi-meaning/
ni seyo/ ni shiro,にせよ/ にしろ,Meaning: even if; regardless; whether... or. Learn Japanese N2 Grammar にせよ/ にしろ(ni seyo/ ni shiro). Study how to use with examples & vocabulary list at jlptsensei.com. 日本語能力試験のための文法レッスン,"<table class=""table table-bordered table-sm usage""><tbody><tr><td>Verb (casual)</td><td rowspan=""4"">にせよ<br/>にしろ</td></tr><tr><td>Noun + (である)</td></tr><tr><td>な-adjective + (である)</td></tr><tr><td>い-adjective</td></tr></tbody></table>","Example #1熱が下がったにせよ、しばらく安静が必要です。hintromajiEnglishねつがさがったにせよ、しばらくあんせいがひつようです。netsu ga sagatta ni seyo, shibaraku ansei ga hitsuyou desu.Even if your fever has gone down, you still need to rest.","Example #2欠席するにせよ連絡はしてください。hintromajiEnglishけっせきするにせよれんらくはしてください。kesseki suru ni seyo renraku wa shite kudasai.Even if you will be absent, please contact us.",https://jlptsensei.com/learn-japanese-grammar/%e3%81%ab%e3%81%9b%e3%82%88-%e3%81%ab%e3%81%97%e3%82%8d-ni-seyo-ni-shiro-meaning/
ni shiro~ni shiro,にしろ～にしろ,"Learn Japanese grammar: (ni shiro~ni shiro). Meaning: whether… or ~. This can also be used as (ni sero~ni sero). For single use, see .","<table class=""table table-bordered table-sm usage""><tbody><tr><td>Verb<br/><small>(dict. form)</small></td><td rowspan=""4"">にしろ<br/>にせよ</td><td>Verb<br/><small>ない form</small></td><td rowspan=""4"">にしろ<br/>にせよ</td></tr><tr><td>Noun</td><td>Noun</td></tr><tr><td>な-adj</td><td>な-adj</td></tr><tr><td>い-adj</td><td>い-adj</td></tr></tbody></table>","Example #1明日のパーティーに行くにしろ行かないにしろ、連絡してくださいね。hintromajiEnglishあしたのパーティーにいくにしろいかないにしろ、れんらくしてくださいね。ashita no paatii ni iku ni shiro ikanai ni shiro, renraku shite kudasai ne.Whether you go to the party tomorrow or not, please contact me.","Example #2就職するにしろ進学するにしろ、自分でよく考えてください。hintromajiEnglishしゅうしょくするにしろしんがくするにしろ、じぶんでよくかんがえてください。shuushoku suru ni shiro shingaku suru ni shiro, jibun de yoku kangaete kudasai.Think carefully by yourself whether you’ll start working or pursue higher education.",https://jlptsensei.com/learn-japanese-grammar/%e3%81%ab%e3%81%97%e3%82%8d%ef%bd%9e%e3%81%ab%e3%81%97%e3%82%8d-%e3%81%ab%e3%81%9b%e3%82%88-ni-shiro-ni-shiro-ni-seyo-meaning/
ni shitara / ni sureba,にしたら / にすれば,Learn Japanese grammar: (ni shitara) / (ni sureba). Meaning: from one’s perspective; from the point of view of ~.,"<table class=""table table-bordered table-sm usage""><tbody><tr><td>Noun</td><td>にしたら<br/>にすれば</td></tr></tbody></table>","Example #1あなたにすれば小さなことかもしれないけど、ほかの人にはそうでもないんですよ。hintromajiEnglishあなたにすればちいさなことかもしれないけど、ほかのひとにはそうでもないんですよ。anata ni sureba chiisa na koto kamo shirenai kedo, hoka no hito niwa soudemo nain desu yo.To you, this may be just a small issue, but that's not the same for other people.",Example #2大きすぎる親の期待は、子供にしたら苦痛だ。hintromajiEnglishおおきすぎるおやのきたいは、こどもにしたらくつうだ。ookisugiru oya no kitai wa kodomo ni shitara kutsuu da.Too big of expectations from parents are painful for children to bear.,https://jlptsensei.com/learn-japanese-grammar/%e3%81%ab%e3%81%97%e3%81%9f%e3%82%89-%e3%81%ab%e3%81%99%e3%82%8c%e3%81%b0-ni-shitara-ni-sureba-meaning/
ni shitemo~ni shitemo,にしても～にしても,regardless of whether ~,<em>(no usage table)</em>,,,https://jlptsensei.com/learn-japanese-grammar/%e3%81%ab%e3%81%97%e3%81%a6%e3%82%82%ef%bd%9e%e3%81%ab%e3%81%97%e3%81%a6%e3%82%82-ni-shitemoni-shitemo-meaning/
ni sotte,に沿って（にそって）,Learn Japanese grammar: 【にそって】(ni sotte). Meaning: along with; in accordance with ~.,"<table class=""table table-bordered table-sm usage""><tbody><tr><td>Noun</td><td>に沿って<br/>に沿い<br/>に沿う<br/>に沿った</td></tr></tbody></table>","Example #1この坂道に沿って自転車で行けば、1時間半ぐらいで頂上に着きます。hintromajiEnglishこのさかみちにそってじてんしゃでいけば、1じかんはんぐらいでちょうじょうにつきます。kono sakamichi ni sotte jitensha de ikeba, ichi jikanhan gurai de choujou ni tsukimasu.If you go along this mountain road by bicycle, you will reach the peak in about an hour and a half.","Example #2週末は、川の道に沿って二時間ほど仲間とサイクリングしました。hintromajiEnglishしゅうまつは、かわのみちにそってにじかんほどなかまとサイクリングしました。shuumatsu wa, kawa no michi no sotte ni jikan hodo nakama to saikuringu shimashita.On the weekend, I went cycling for about 2 hours with my friends along the river path.",https://jlptsensei.com/learn-japanese-grammar/%e3%81%ab%e6%b2%bf%e3%81%a3%e3%81%a6-%e3%81%ab%e3%81%9d%e3%81%a3%e3%81%a6-ni-sotte-meaning/
ni soui nai,に相違ない（にそういない）,Learn Japanese grammar: 【にそういない】(ni soui nai). Meaning: without a doubt; certain; sure.,"<table class=""table table-bordered table-sm usage""><tbody><tr><td>Verb (casual)</td><td rowspan=""4"">に相違ない</td></tr><tr><td>Noun + （である）</td></tr><tr><td>な-adjective + （である）</td></tr><tr><td>い-adjective</td></tr></tbody></table>","Example #1冷蔵庫に入れていたアイスクリームを食べたのは、娘に相違ない。hintromajiEnglishれいぞうこにいれていたアイスクリームをたべたのは、むすめにそういない。reizouko ni irete ita aisu kuriimu o tabeta nowa, musume ni souinai.I'm certain it was my daughter who ate the ice cream I put in the freezer.",Example #2その情報を漏らしたのは彼女に相違ない。hintromajiEnglishそのじょうほうをもらしたのはかのじょにそういない。sono jouhou o morashita no wa kanojo ni soui nai.The one who leaked that information must be her.,https://jlptsensei.com/learn-japanese-grammar/%e3%81%ab%e7%9b%b8%e9%81%95%e3%81%aa%e3%81%84-ni-soui-nai-meaning/
ni suginai,に過ぎない（にすぎない）,Learn Japanese grammar: 【にすぎない】(ni suginai). Meaning: no more than; just; merely; only ~. This is used to emphasize that something is of a lower quality...,"<table class=""table table-bordered table-sm usage""><tbody><tr><td>Verb (casual)</td><td rowspan=""4"">に過ぎない<br/>に過ぎません</td></tr><tr><td>Noun + (である)</td></tr><tr><td>な-adjective + (である)</td></tr><tr><td>い-adjective</td></tr></tbody></table>",Example #1単に幸運だったにすぎない。hintromajiEnglishたんにこううんだったにすぎない。tannni kouun datta ni suginai.That was just pure luck.,Example #2これはまだ始まりにすぎない。hintromajiEnglishこれはまだはじまりにすぎない。kore wa mada hajimari ni suginai.This is only the beginning.,https://jlptsensei.com/learn-japanese-grammar/%e3%81%ab%e9%81%8e%e3%81%8e%e3%81%aa%e3%81%84-ni-suginai-meaning/
ni tomonatte,に伴って（にともなって）,Learn Japanese grammar: 【にともなって】(ni tomonatte). Meaning: as; due to; with; along with; following; accordingly ~.,"<table class=""table table-bordered table-sm usage""><tbody><tr><td>Verb (dictionary form)</td><td rowspan=""2"">に伴って<br/>に伴い<br/>に伴う</td></tr><tr><td>Noun</td></tr></tbody></table>","Example #1それに伴って私たちの予定は再度変わるかもしれません。hintromajiEnglishそれにともなってわたしたちのよていはさいどかわるかもしれません。sore ni tomonatte watashi tachi no yotei wa saido kawaru kamo shiremasen.Accordingly, our plans may change again.","Example #2人口が増えるに伴って、いろいろな問題が起こってきた。hintromajiEnglishじんこうがふえるににともなって、いろいろなもんだいがおこってきた。jinkou ga fueru ni tomonatte, iroiro na mondai ga okotte kita.As the population increased, various problems began to occur.",https://jlptsensei.com/learn-japanese-grammar/%e3%81%ab%e4%bc%b4%e3%81%a3%e3%81%a6-ni-tomonatte-meaning/
ni tsuke,につけ,Learn Japanese grammar: (ni tsuke). Meaning: every time; whenever; as; whether; in (either case)​.,"<table class=""table table-bordered table-sm usage""><tbody><tr><td>Verb (dictionary form)</td><td rowspan=""2"">につけ<br/>につけて</td></tr><tr><td>Noun</td></tr></tbody></table>","Example #1その写真を見るにつけ、小学校のころを思い出す。hintromajiEnglishそのしゃしんをみるにつけ、しょうがっこうのころをおもいだす。sono shashin o miru ni tsuke, shougakkou no koro o omoidasu.Whenever I see that photo, I think back to my elementary school days.","Example #2環境汚染のニュースを聞くにつけて、健康への影響に不安を感じる。hintromajiEnglishかんきょうおせんのニュースをきくにつけて、けんこうへのえいきょうにふあんをかんじる。kankyou osen no nyuusu o kiku ni tsukete, kenkou e no eikyō ni fuan o kanjiru.Whenever I hear about environmental pollution on the news I worry about it's effect on our health.",https://jlptsensei.com/learn-japanese-grammar/%e3%81%ab%e3%81%a4%e3%81%91%e3%81%a6-ni-tsuke-te-meaning/
ni tsuki,につき,Learn Japanese grammar: (ni tsuki). Meaning: due to; because of; per; each.,"<table class=""table table-bordered table-sm usage""><tbody><tr><td>Noun + につき</td></tr></tbody></table>","Example #1昼休みにつき、事務所は2時まで休みです。hintromajiEnglishひるやすみにつき、じむしょはじまでやすみです。hiruyasumi ni tsuki, jimusho wa 2 ji made yasumi desu.The office will be closed until 2 o’clock due to the lunch break.","Example #2現在、工事中につき、このエリアは通行ができません。hintromajiEnglishげんざい、こうじちゅうにつき、このエリアはつうこうができません。genzai, koujichuu ni tsuki, kono eria wa tsuukou ga dekimasen.Due to this area being currently under construction, you cannot pass through.",https://jlptsensei.com/learn-japanese-grammar/%e3%81%ab%e3%81%a4%e3%81%8d-ni-tsuki-meaning/
ni watatte,にわたって,Learn Japanese grammar: に渡って 【】 (ni watatte). Meaning: throughout; over a period of ~. This is usually used in hiragana form and can be conjugated...,"<table class=""table table-bordered table-sm usage""><tbody><tr><td>Noun</td><td>にわたって</td></tr></tbody></table>",Example #1道路は数マイルにわたってまっすぐ続いていた。hintromajiEnglishどうろはすうまいるにわたってまっすぐつづいていた。douro wa suu mairu ni watatte massugu tsuzuiteita.The road ran straight for several miles.,Example #2広い地域にわたって大雪が降った。hintromajiEnglishひろいちいきにわたっておおゆきがふった。hiroi chiiki ni watatte ooyuki ga futta.There was heavy snow over a large area.,https://jlptsensei.com/learn-japanese-grammar/%e3%81%ab%e3%82%8f%e3%81%9f%e3%81%a3%e3%81%a6-ni-watatte-meaning/
nimo kakawarazu,にも関わらず（にもかかわらず）,Learn Japanese grammar: 【にもかかわらず】(nimo kakawarazu). Meaning: despite; in spite of; nevertheless; although ~. This is used in both kanji and hiragana form.,"<table class=""table table-bordered table-sm usage""><tbody><tr><td>Verb (casual)</td><td rowspan=""4"">にも関わらず<br/>にもかかわらず</td></tr><tr><td>Noun + （である）</td></tr><tr><td>な-adjective + （である）</td></tr><tr><td>い-adjective</td></tr></tbody></table>","Example #1大学生にも関わらず、基本的な漢字が書けない人もいる。hintromajiEnglishだいがくせいにもかかわらず、きほんてきなかんじがかけないひともいる。daigakusei nimo kakawarazu, kihonteki na kanji ga kakenai hito mo iru.Despite being university students, there are some people who cannot write basic kanji.","Example #2問題が易しかったにも関わらず、不注意でミスをしてしまった。hintromajiEnglishもんだいがやさしかったにもかかわらず、ふちゅういでミスをしてしまった。mondai ga yasashikatta nimo kakawarazu, fuchuui de misu o shite shimatta.Even though the problem was easy, I made a careless mistake.",https://jlptsensei.com/learn-japanese-grammar/%e3%81%ab%e3%82%82%e9%96%a2%e3%82%8f%e3%82%89%e3%81%9a-%e3%81%ab%e3%82%82%e3%81%8b%e3%81%8b%e3%82%8f%e3%82%89%e3%81%9a-nimo-kakawarazu-meaning/
nite,にて,"Learn Japanese grammar: (nite). Meaning: in, at, with, by (formal particle). This is a more formal version of , which is often used in announcements,...","<table class=""table table-bordered table-sm usage""><tbody><tr><td>Noun</td><td>にて</td></tr></tbody></table>",Example #1今回のイベントは駅前にて行います。hintromajiEnglishこんかいのイベントはえきまえにておこないます。konkai no ibento wa ekimae nite okonai masu.This event will be held in front of the station.,"Example #2質問があれば電話かメールにて連絡ください。hintromajiEnglishしつもんがあればでんわかメールにてれんらくください。shitsumon ga areba denw ka meeru nite renraku kudasai.If there are any questions, please contact us by phone or email.",https://jlptsensei.com/learn-japanese-grammar/%e3%81%ab%e3%81%a6-nite-meaning/
no mo motto mo da,のももっともだ,no wonder; …is only natural,<em>(no usage table)</em>,,,https://jlptsensei.com/learn-japanese-grammar/%e3%81%ae%e3%82%82%e3%82%82%e3%81%a3%e3%81%a8%e3%82%82%e3%81%a0-no-mo-motto-mo-da-meaning/
no moto de,の下で（のもとで）,under; with ~,<em>(no usage table)</em>,,,https://jlptsensei.com/learn-japanese-grammar/%e3%81%ae%e4%b8%8b%e3%81%a7-%e3%81%ae%e3%82%82%e3%81%a8%e3%81%a7-no-moto-de-meaning/
no ue de wa,の上では（のうえでは）,"Learn Japanese grammar: 【のうえでは】(no ue de wa). Meaning: according to; from the viewpoint of ~. Sometimes, the extra particles around 上 (ue) may be removed....","<table class=""table table-bordered table-sm usage""><tbody><tr><td rowspan=""2"">Noun</td><td>の上で（は）</td></tr><tr><td>上の</td></tr></tbody></table>","Example #1規則の上では彼はまだ学生だ。hintromajiEnglishきそくのうえではかれはまだがくせいだ。kisoku no ue de wa kare wa mada gakusei da.According to the rules, he is still a student.",Example #2彼は仕事の上では私の先輩だ。hintromajiEnglishかれはしごとのうえではわたしのせんぱいだ。kare wa shigoto no ue de wa watashi no senpai da.He has more experience on the job than I do.,https://jlptsensei.com/learn-japanese-grammar/%e3%81%ae%e4%b8%8a%e3%81%a7%e3%81%af-no-ue-de-wa-meaning/
nomi,のみ,Learn Japanese grammar: (nomi). Meaning: only; nothing but​. This Japanese particle is used to express a limit or targeted range. It is very similar to...,"<table class=""table table-bordered table-sm usage""><tbody><tr><td>Noun</td><td>のみ</td></tr><tr><td colspan=""2"">*cannot be used with adjectives</td></tr></tbody></table>","Example #12,000円（大人のみ）。hintromajiEnglish2,000えん（おとなのみ）。2,000 en (otona nomi).2,000 yen (for adults only).",Example #2支払いは現金のみです。hintromajiEnglishしはらいはげんきんのみです。shiharai wa genkin nomi desu.Payment is by cash only.,https://jlptsensei.com/learn-japanese-grammar/%e3%81%ae%e3%81%bf-nomi-meaning/
nominarazu,のみならず,Learn Japanese grammar: (nominarazu). Meaning: not only; besides; as well as ~.,"<table class=""table table-bordered table-sm usage""><tbody><tr><td>Verb (dictionary form)</td><td rowspan=""4"">のみならず</td></tr><tr><td>Noun</td></tr><tr><td>な-adjective + である</td></tr><tr><td>い-adjective</td></tr></tbody></table>","Example #1彼は英語のみならず、スペイン語も話せる。hintromajiEnglishかれはえいごのみならず、スペインごもはなせる。kare wa eigo nominarazu, supein go mo hanaseru.Not only does he speak English, he speaks Spanish as well.","Example #2彼のアニメは国内のみならず、海外でも人気がある。hintromajiEnglishかれのアニメはこくないのみならず、かいがいでもにんきがある。kare no anime wa kokunai nominarazu, kaigai demo ninki ga aru.His anime is popular not only in Japan, but internationally as well.",https://jlptsensei.com/learn-japanese-grammar/%e3%81%ae%e3%81%bf%e3%81%aa%e3%82%89%e3%81%9a-nominarazu-meaning/
nu,ぬ,Learn Japanese grammar: (nu). Meaning: negative verb conjugation; traditional version of ない. Simply replace ない form with ぬ. This is more traditional Japanese and not...,"<table class=""table table-bordered table-sm usage""><tbody><tr><td>Verb (ない form) <s>ない</s></td><td>ぬ</td></tr></tbody></table>",Example #1知らぬが仏。hintromajiEnglishしらぬがほとけ。shiranu ga hotoke.Ignorance is bliss.,Example #2彼は何にも知らぬ。hintromajiEnglishかれはなにもしらぬ。kare wa nanimo shiranu.He knows nothing.,https://jlptsensei.com/learn-japanese-grammar/%e3%81%ac-nu-negative-verb-meaning/
nuki ni shite / nuki de,抜きにして / 抜きで（ぬきにして/ ぬきで）,Meaning: without; leaving out. Learn Japanese Grammar 日本語文法 - JLPT N2 - 抜きにして・抜きで (nuki ni shite/nuki de). Study example sentences + vocabulary list.,"<table class=""table table-bordered table-sm usage""><tbody><tr><td rowspan=""3"">Noun</td><td>抜きにして（は）</td></tr><tr><td>抜きで（は）</td></tr><tr><td>抜きに（は）</td></tr></tbody></table>",Example #1ハンバーガーはマスタード抜きでお願いします。hintromajiEnglishハンバーガーはマスタードぬきでおねがいします。hanbaaga wa masutaado nuki de onegai shimasu.No mustard on the hamburger please!,Example #2冗談抜きで真面目に考えってください。hintromajiEnglishじょうだんぬきでまじめにかんがえってください。joudan nuki de majime ni kangaette kudasai.Stop joking around and think about it seriously.,https://jlptsensei.com/learn-japanese-grammar/%e6%8a%9c%e3%81%8d%e3%81%ab%e3%81%97%e3%81%a6-%e6%8a%9c%e3%81%8d%e3%81%a7-nuki-ni-shite-nuki-de-meaning/
nuku,抜く（ぬく）,"Learn Japanese grammar: 【ぬく】(nuku). Meaning: to do something from beginning to end; completely, extremely ~.","<table class=""table table-bordered table-sm usage""><tbody><tr><td>Verb <s>ます</s> (stem form)</td><td>抜く</td></tr></tbody></table>","Example #1彼は、何においても頑張り抜く。hintromajiEnglishかれは、なににおいてもがんばりぬく。kare wa, nani ni oitemo ganbari nuku.He tries to do his best in everything.",Example #2あなたはこの仕事を最後までやり抜くことができますか。hintromajiEnglishあなたはこのしごとをさいごまでやりぬくことができますか。anata wa kono shigoto o saigo made yarinuku koto ga deki masu ka?Can you stick to this job until it's completed?,https://jlptsensei.com/learn-japanese-grammar/%e6%8a%9c%e3%81%8f-nuku-meaning/
o keiki ni,を契機に（をけいきに）,Learn Japanese grammar: 【をけいきに】(o keiki ni) / 【をけいきに】(o keiki toshite). Meaning: as a good opportunity/chance to; as a result of; make the best of ~....,"<table class=""table table-bordered table-sm usage""><tbody><tr><td>Noun</td><td>を契機に<br/>を契機として</td></tr></tbody></table>","Example #1入院を契機に、今後はできるだけ毎日運動しようと思った。hintromajiEnglishにゅういんをけいきに、こんごはできるだけまいにちうんどうしようとおもった。nyuuin o keiki ni, kongo dekiru dake mainichi undou shiyou to omotta.As a result of my hospitalization, I am thinking to work out as much as possible every day from now on.",Example #2入社試験に落ちたのを契機に英会話の勉強を始めた。hintromajiEnglishにゅうしゃしけんにおちたのをけいきにえいかいわのべんきょうをはじめた。nyuusha shiken ni ochita no o keiki ni eikaiwa no benkyou o hajimeta.I made the best of failing the company entrance exam and started studying English conversation.,https://jlptsensei.com/learn-japanese-grammar/%e3%82%92%e5%a5%91%e6%a9%9f%e3%81%ab-o-keiki-ni-meaning/
o megutte,をめぐって,Learn Japanese grammar: (o megutte). Meaning: concerning; in regard to ~.,"<table class=""table table-bordered table-sm usage""><tbody><tr><td>Noun</td><td>をめぐって<br/>をめぐる</td></tr></tbody></table>","Example #1父の残した土地をめぐって、兄弟喧嘩が続いていく。hintromajiEnglishちちののこしたとちをめぐって、きょうだいけんかがつづいていく。chichi no nokoshita tochi o megutte, kyoudai kenka ga tsuzuiteiku.Concerning the father's leftover land, the fight among siblings continues.","Example #2昨日の会議では、新しい計画をめぐって、様々な意見が出された。hintromajiEnglishきのうのかいぎでは、あたらしいけいかくをめぐって、さまざまないけんがだされた。kinou no kaigi dewa atarashii keikaku o megutte, samazama na iken ga dasareta.At yesterday's meeting, many opinions were given regarding the new plan.",https://jlptsensei.com/learn-japanese-grammar/%e3%82%92%e3%82%81%e3%81%90%e3%81%a3%e3%81%a6-o-megutte-meaning/
o moto ni,をもとに,Learn Japanese grammar: 元にして 【】(o moto ni). Meaning: based on; derived from; building on; beginning with ~. This is usually written in hiragana form.,"<table class=""table table-bordered table-sm usage""><tbody><tr><td>Noun</td><td>をもとに<br/>をもとにして</td></tr></tbody></table>",Example #1試験の結果をもとにしてクラス分けを行います。hintromajiEnglishしけんのけっかをもとにしてクラスわけをおこないます。shiken no kekka o moto ni shite kurasu wake o okonaimasu.We’ll divide the class based on the test results.,Example #2この映画は実際にあった話をもとに作られた。hintromajiEnglishこのえいがはじっさいにあったはなしをもとにつくられた。kono eiga wa jissai ni atta hanashi o moto ni tsukurareta.This movie was made based on things that actually happened.,https://jlptsensei.com/learn-japanese-grammar/%e3%82%92%e3%82%82%e3%81%a8%e3%81%ab-o-moto-ni-meaning/
o nozoite,を除いて（をのぞいて）,Learn Japanese grammar: 【をのぞいて】(o nozoite). Meaning: except; with the exception of; excluding ~.,"<table class=""table table-bordered table-sm usage""><tbody><tr><td>Noun</td><td>を除いて(は)<br/>を除けば</td></tr></tbody></table>",Example #1彼は日曜日を除いて毎日働いている。hintromajiEnglishかれはにちようびをのぞいてまいにちはたらいている。kare wa nichiyoubi o nozoite mainichi hataraite iru.He works every day except Sundays.,"Example #2この本は２,３の間違いを除いて、とてもよい本です。hintromajiEnglishこのほんは２,３のまちがいをのぞいて、とてもよいほんです。kono hon wa 2 , 3 no machigai o nozoite, totemo yoi hon desu.This book is very good except for a few mistakes.",https://jlptsensei.com/learn-japanese-grammar/%e3%82%92%e9%99%a4%e3%81%84%e3%81%a6-o-nozoite-meaning/
o towazu,を問わず（をとわず）,Learn Japanese grammar: 【をとわず】(o towazu). Meaning: regardless of; irrespective of; no matter~.,"<table class=""table table-bordered table-sm usage""><tbody><tr><td>Noun</td><td>を問わず</td></tr></tbody></table>",Example #1この公園では季節を問わず美しい花が見られます。hintromajiEnglishこのこうえんではきせつをとわずうつくしいはながみられます。kono kouen dewa kisetsu o towazu utsukushii hana ga miraremasu.You can see beautiful flowers in this park regardless of the season.,"Example #2このスポーツクラブは年齢を問わず誰でも入れます。hintromajiEnglishこのスポーツクラブはねんれいをとわずだれでもはいれます。kono supootsu kurabu wa nenrei o towazu dare demo hairemasu.Anyone can join this sports club, regardless of age.",https://jlptsensei.com/learn-japanese-grammar/%e3%82%92%e5%95%8f%e3%82%8f%e3%81%9a-o-towazu-meaning/
o~negau,お～願う（お～ねがう）,please do; could you please…; I ask of you to ~,<em>(no usage table)</em>,,,https://jlptsensei.com/learn-japanese-grammar/%e3%81%8a%ef%bd%9e%e9%a1%98%e3%81%86-o-negau-meaning/
omake ni,おまけに,to make matters worse; besides; what's more; in addition; on top of that​,<em>(no usage table)</em>,,,https://jlptsensei.com/learn-japanese-grammar/%e3%81%8a%e3%81%be%e3%81%91%e3%81%ab-omake-ni-meaning/
osoraku,恐らく（おそらく）,Learn Japanese grammar: 【おそらく】(osoraku). Meaning: perhaps; likely; probably; I dare say ~. Is often used in both the kanji and hiragana forms.,"<table class=""table table-bordered table-sm usage""><tbody><tr><td>おそらく</td><td>phrase</td></tr></tbody></table>",Example #1これは恐らく間違いです。hintromajiEnglishこれはおそらくまちがいです。kore wa osoraku machigai desu.This is likely a mistake.,Example #2彼は恐らくパーティーには来ないだろう。hintromajiEnglishかれはおそらくパーティーにはこないだろう。kare wa osoraku patii ni wa konai darou.He probably won't come to the party.,https://jlptsensei.com/learn-japanese-grammar/%e6%81%90%e3%82%89%e3%81%8f-osoraku-meaning/
osore ga aru,恐れがある（おそれがある）,it is feared that; to be in danger of; to be liable to ~,<em>(no usage table)</em>,,,https://jlptsensei.com/learn-japanese-grammar/%e6%81%90%e3%82%8c%e3%81%8c%e3%81%82%e3%82%8b-osore-ga-aru-meaning/
oyobi,及び（および）,"Learn Japanese grammar: 【および】(oyobi). Meaning: and; as well as ~. This is used to list multiple nouns, it is similar in meaning to と (to)...","<table class=""table table-bordered table-sm usage""><tbody><tr><td>Noun</td><td>および</td><td>Noun</td></tr></tbody></table>",Example #1鉛筆及び紙を持ってきてください。hintromajiEnglishえんぴつおよびかみをもってきてください。enpitsu oyobi kami o motte kite kudasai.Please bring a Pencil and a Paper.,"Example #2教室内での飲食及び喫煙はご遠慮ください。hintromajiEnglishきょうしつないでのいんしょくおよびきつえんはごえんりょください。kyoushitsunai de no inshoku oyobi kitsuen wa go enryo kudasai.Please restrain from eating, drinking, and smoking within the classrooms.",https://jlptsensei.com/learn-japanese-grammar/%e5%8f%8a%e3%81%b3-%e3%81%8a%e3%82%88%e3%81%b3-oyobi-meaning/
roku ni~nai,ろくに～ない,not well; not enough; improperly; insufficiently; unsatisfactorily​ ~,<em>(no usage table)</em>,,,https://jlptsensei.com/learn-japanese-grammar/%e3%82%8d%e3%81%8f%e3%81%ab%ef%bd%9e%e3%81%aa%e3%81%84-roku-ni-nai-meaning/
saiwai na koto ni,幸いなことに（さいわいなことに）,Learn Japanese grammar: 【さいわい】(saiwai) / 【さいわいなことに】(saiwai na koto ni). Meaning: fortunately; luckily; thankfully ~.,"<table class=""table table-bordered table-sm usage""><tbody><tr><td>幸いなことに<br/>幸い</td><td>phrase</td></tr></tbody></table>","Example #1幸い彼は気づかなかった。hintromajiEnglishさいわいかれはきづかなかった。saiwai kare wa kizukanakatta.Luckily, he did not notice.","Example #2幸い私は締切に間に合った。hintromajiEnglishさいわいわたしはしめきりにまにあった。saiwai watashi wa shimekiri ni ma ni atta.Fortunately, I was able to meet the deadline.",https://jlptsensei.com/learn-japanese-grammar/%e5%b9%b8%e3%81%84%e3%81%aa%e3%81%93%e3%81%a8%e3%81%ab-saiwai-na-koto-ni-meaning/
sei ka,せいか,Learn Japanese grammar: (sei ka). Meaning: perhaps because ~. This can be used for both positive or negative outcomes.,"<table class=""table table-bordered table-sm usage""><tbody><tr><td>Verb (casual)</td><td rowspan=""4"">せいか</td></tr><tr><td>Noun + の</td></tr><tr><td>な-adjective + な/だった</td></tr><tr><td>い-adjective</td></tr></tbody></table>","Example #1たくさん仕事をしたせいか、病気になってしまった。hintromajiEnglishたくさんしごとをしたせいか、びょうきになってしまった。takusan shigoto o shita sei ka, byouki ni natte shimatta.I got sick perhaps because I worked too much","Example #2薬を飲んだせいか頭痛が治った。hintromajiEnglishくすりをのんだせいかずつうがなおった。kusuri o nonda sei ka zutsuu ga naotta.My headache has gone away, likely from the medicine I took.",https://jlptsensei.com/learn-japanese-grammar/%e3%81%9b%e3%81%84%e3%81%8b-sei-ka-meaning/
sekkaku,せっかく,"Learn Japanese grammar: 折角 【】(sekkaku). Meaning: especially; (thank you for) troubling to, going to great pains for ~. This is mostly written in hiragana form....","<table class=""table table-bordered table-sm usage""><tbody><tr><td>せっかく</td><td>clause (+ conjunction)</td></tr></tbody></table>","Example #1せっかく勉強したのに合格できなかった。hintromajiEnglishせっかくべんきょうしたのにごうかくできなかった。sekkaku benkyou shita noni gougaku dekinakatta.Even though I went through the effort of studying, I couldn't pass (the test).","Example #2せっかくレポートを書いたのに提出しなくてもよくなった。hintromajiEnglishせっかくレポートをかいたのにていしゅつしなくてもよくなった。sekkaku repooto o kaita noni teishutsu shinakutemo yoku natta.Even though I went through the effort of writing my report, I ended up not having to turn it in.",https://jlptsensei.com/learn-japanese-grammar/%e3%81%9b%e3%81%a3%e3%81%8b%e3%81%8f-sekkaku-meaning/
semete,せめて,at least; at most ~,<em>(no usage table)</em>,,,https://jlptsensei.com/learn-japanese-grammar/%e3%81%9b%e3%82%81%e3%81%a6-semete-meaning/
shidai,次第（しだい）,Learn Japanese grammar: 【しだい】(shidai). Meaning: depending on; as soon as ~. This may also be used with a Noun. See lesson for . It can...,"<table class=""table table-bordered table-sm usage""><tbody><tr><td>Verb <s>ます</s> (stem form)</td><td>次第</td></tr></tbody></table>","Example #1部屋の準備ができ次第、会議を始めます。hintromajiEnglishへやのじゅんびができしだい、かいぎをはじめます。heya no junbi ga deki shidai, kaigi o hajime masu.Once the room preparations are complete, we will begin the meeting.","Example #2雨がやみ次第、出発することにしましょう。hintromajiEnglishあめがやみしだい、しゅっぱつすることにしましょう。ame ga yami shidai, shuppatsu suru koto ni shimashou.Let's depart once the rain stops.",https://jlptsensei.com/learn-japanese-grammar/%e6%ac%a1%e7%ac%ac-shidai-meaning/
shidai de,次第で（しだいで）,"Learn Japanese grammar: 【しだいで】(shidai de). Meaning: depending on; so ~. To use with a Verb, see lesson for .","<table class=""table table-bordered table-sm usage""><tbody><tr><td>Noun</td><td>次第で（は）<br/>次第だ</td></tr></tbody></table>",Example #1我々が成功できるかどうかは君次第だ。hintromajiEnglishわれわれがせいこうできるかどうかはきみしだいだ。wareware ga seikou dekiru ka douka wa kimi shidai da.It is up to you whether we can succeed or not.,Example #2花火大会は天気次第で中止になる場合もあります。hintromajiEnglishはなびたいかいはてんきしだいでちゅうしになるばあいもあります。hanabi taikai wa tenki shidai de chuushi ni naru baai mo arimasu.The fireworks festival may be cancelled depending on the weather.,https://jlptsensei.com/learn-japanese-grammar/%e6%ac%a1%e7%ac%ac%e3%81%a7-shidai-de-meaning/
shidai ni,次第に（しだいに）,gradually (progress into a state); in sequence; in order,<em>(no usage table)</em>,,,https://jlptsensei.com/learn-japanese-grammar/%e6%ac%a1%e7%ac%ac%e3%81%ab-shidai-ni-meaning/
shikamo,しかも,Learn Japanese grammar: (shikamo). Meaning: moreover; furthermore; and yet; what’s more ~.,"<table class=""table table-bordered table-sm usage""><tbody><tr><td>しかも</td><td>phrase</td></tr></tbody></table>","Example #1この教科書の説明はわかりやすくて、しかも詳しい 。hintromajiEnglishこのきょうかしょのせつめいはわかりやすくて、しかもくわしい。kono kyoukasho no setsumei wa wakari yasukute, shikamo kuwashii.This textbook’s explanations are easy to understand and what’s more, they’re very detailed.","Example #2今日はとても暑い。しかも、湿度も高いので何もしたくないだ。hintromajiEnglishきょうはとてもあつい。しかも、しつどもたかいのでなにもしたくないだ。kyou wa totemo atsui. shikamo, shitsudo mo takai node nani mo shitakunai da.It's very hot today, and furthermore it's very humid so I don't feel like doing anything.",https://jlptsensei.com/learn-japanese-grammar/%e3%81%97%e3%81%8b%e3%82%82-shikamo-meaning/
sono ue,その上（そのうえ）,besides; in addition; furthermore ~,<em>(no usage table)</em>,,,https://jlptsensei.com/learn-japanese-grammar/%e3%81%9d%e3%81%ae%e4%b8%8a-sono-ue-meaning/
sore na noni,それなのに,Learn Japanese grammar: (sore na noni). Meaning: and yet; despite this; but even so ~.,"<table class=""table table-bordered table-sm usage""><tbody><tr><td>それなのに</td><td>phrase</td></tr></tbody></table>","Example #1毎日残業しているし、休日も出勤した。それなのに給料がまだ少ない。hintromajiEnglishまいにちざんぎょうしているし、きゅうじつもしゅっきんした。それなのにきゅうりょうがまだすくない。mainichi zangyou shite iru shi, kyuujitsu mo shukkin shita. sore na noni kyuuryou ga mada sukunai.I work overtime everyday and even work on holidays. Despite that, my salary is still low.","Example #2この間に買った時計は高かった。それなのにすぐに壊れた。hintromajiEnglishこのあいだにかったとけいはたかかった。それなのにすぐにこわれた。kono aida ni katta tokei wa takakatta. sore na noni sugu ni kowareta.The watch I bought recently was really expensive, but despite that it broke right away.",https://jlptsensei.com/learn-japanese-grammar/%e3%81%9d%e3%82%8c%e3%81%aa%e3%81%ae%e3%81%ab-sore-na-noni-meaning/
sore nara,それなら,if that’s the case; if so ~,<em>(no usage table)</em>,,,https://jlptsensei.com/learn-japanese-grammar/%e3%81%9d%e3%82%8c%e3%81%aa%e3%82%89-sore-nara-meaning/
sore ni shitemo,それにしても,nevertheless; at any rate; even so; be that as it may ~,<em>(no usage table)</em>,,,https://jlptsensei.com/learn-japanese-grammar/%e3%81%9d%e3%82%8c%e3%81%ab%e3%81%97%e3%81%a6%e3%82%82-sore-ni-shitemo-meaning/
sou ieba,そう言えば（そういえば）,Learn Japanese grammar: 【そういえば】(sou ieba). Meaning: come to think of it; now that you mention it ~. Both the kanji and hiragana version may be...,"<table class=""table table-bordered table-sm usage""><tbody><tr><td>そういえば</td><td>phrase</td></tr></tbody></table>","Example #1そういえば、子供のころ、両親と一緒にここに来たことを覚えている。hintromajiEnglishそういえば、こどものころ、りょうしんといっしょにここにきたことをおぼえている。sou ieba, kodomo no koro, ryoushin to issho ni koko ni kita koto o oboete iru.Come to think of it, I remember coming here together with my parents during my childhood.","Example #2いい家ですね。そういえば、お兄さんは建築家さんでしたよね。hintromajiEnglishいいいえですね。そういえば、おにいさんはけんちくかさんでしたよね。ii iedesu ne. sou ieba, oniisan wa kenchikuka san deshita yo ne.It’s a very nice house. Come to think of it, isn’t your big brother an architect?",https://jlptsensei.com/learn-japanese-grammar/%e3%81%9d%e3%81%86%e8%a8%80%e3%81%88%e3%81%b0-sou-ieba-meaning/
sou suru to,そうすると,Learn Japanese grammar: (sou suru to). Meaning: having done that; if that is done; if it is done in that way.,"<table class=""table table-bordered table-sm usage""><tbody><tr><td>そうすると</td><td>phrase</td></tr></tbody></table>","Example #1まだ出発しないの？そうすると、約束の時間に間に合わないよ。hintromajiEnglishまだしゅっぱつしないの？そうすると、やくそくのじかんにまにあわないよ。mada shuppatsu shinai no? sou suru to, yakusoku no jikan ni ma ni awanai yo.You haven't left yet? You're not going to make it on time now.","Example #2私は大学を早く卒業したいです。そうすると、仕事をやって親に返報できます。hintromajiEnglishわたしはだいがくをはやくそつぎょうしたいです。そうすると、しごとをやっておやにへんぽうできます。watashi wa daigaku o hayaku sotsugyou shitai desu. sou suru to, shigoto o yatte oya ni henpou dekimasu.I want to hurry and graduate university. Once that is done I can start working and pay back my parents.",https://jlptsensei.com/learn-japanese-grammar/%e3%81%9d%e3%81%86%e3%81%99%e3%82%8b%e3%81%a8-sou-suru-to-meaning/
sue ni,末に（すえに）,Learn Japanese grammar: 【すえに】(sue ni). Meaning: finally; after; following; at the end/ conclusion of ~.,"<table class=""table table-bordered table-sm usage""><tbody><tr><td>Verb (た form)</td><td rowspan=""2"">末（に）</td></tr><tr><td>Noun + の</td></tr></tbody></table>","Example #1いろいろ迷った末に、留学することにした。hintromajiEnglishいろいろまよったすえに、りゅうがくすることにした。iroiro mayotta sue ni, ryuugaku suru koto ni shita.After worrying about various things, I decided to study abroad.","Example #23時間にわたる激しい議論の末、ようやく意見がまとまった。hintromajiEnglish３じかんにわたるはげしいぎろんのすえ、ようやくいけんがまとまった。san jikan ni wataru hageshii giron no sue, youyaku iken ga matomatta.After 3 hours of intense debate, we finally unified everyone's opinions.",https://jlptsensei.com/learn-japanese-grammar/%e3%81%9f%e6%9c%ab%e3%81%ab-ta-sue-ni-meaning/
sukoshi mo~nai,少しも～ない（すこしも～ない）,not one bit; not even a little ~,<em>(no usage table)</em>,,,https://jlptsensei.com/learn-japanese-grammar/%e5%b0%91%e3%81%97%e3%82%82%ef%bd%9e%e3%81%aa%e3%81%84-sukoshi-mo-nai-meaning/
sukunaku tomo,少なくとも（すくなくとも）,at least ~,<em>(no usage table)</em>,,,https://jlptsensei.com/learn-japanese-grammar/%e5%b0%91%e3%81%aa%e3%81%8f%e3%81%a8%e3%82%82-sukunaku-tomo-meaning/
tadachi ni,直ちに（ただちに）,Learn Japanese grammar: 【ただちに】(tadachi ni). Meaning: at once; immediately; directly; in person; automatically ~.,"<table class=""table table-bordered table-sm usage""><tbody><tr><td>直ちに</td><td>phrase</td></tr></tbody></table>",Example #1彼らは直ちに彼女に手術をしなければならないだろう。hintromajiEnglishかれらはただちにかのじょにしゅじゅつをしなければならないだろう。karera wa tadachi ni kanojo ni shujitsu o shinakereba naranai darou.They will have to operate on the woman immediately.,Example #2私はこの仕事を直ちにしなければならない。hintromajiEnglishわたしはこのしごとをただちにしなければならない。watashi wa kono shigoto o tadachi ni shinakereba naranai.I must do this work immediately.,https://jlptsensei.com/learn-japanese-grammar/%e7%9b%b4%e3%81%a1%e3%81%ab-%e3%81%9f%e3%81%a0%e3%81%a1%e3%81%ab-tadachi-ni-meaning/
tamae,たまえ,Learn Japanese grammar: (tamae). Meaning: do~; order somebody to do something. This is usually used from someone of higher authority towards someone with lower authority.,"<table class=""table table-bordered table-sm usage""><tbody><tr><td>Verb <s>ます</s> (stem form)</td><td>たまえ</td></tr></tbody></table>",Example #1入りたまえ。hintromajiEnglishはいりたまえ。hairi tamae.Come in.,Example #2分からない事があったら何でも聞きたまえ。hintromajiEnglishわからないことがあったらなんでもききたまえ。wakaranai koto ga attara nan demo kiki tamae.Ask anything if you don't understand.,https://jlptsensei.com/learn-japanese-grammar/%e3%81%9f%e3%81%be%e3%81%88-tamae-meaning/
te bakari wa irarenai,てばかりはいられない,Learn Japanese grammar: (te bakari wa irarenai). Meaning: can’t keep doing ~. This is based off of the N4 Grammar lesson: . It can be...,"<table class=""table table-bordered table-sm usage""><tbody><tr><td>Verb (て form)</td><td>ばかりは<br/>ばかりも</td><td>いられない</td></tr></tbody></table>","Example #1どんなに辛くても、泣いてばかりもいられない。hintromajiEnglishいつも泣くのはできないdonna ni tsurakutemo, naite bakari mo irarenaiNo matter how tough it gets, I can't keep crying like this.",Example #2もう親に頼ってばかりはいられない。hintromajiEnglishいつも親に頼るのはできないmou oya ni tayotte bakari wa irarenai.I can't keep relying on my parents forever.,https://jlptsensei.com/learn-japanese-grammar/%e3%81%a6%e3%81%b0%e3%81%8b%e3%82%8a%e3%81%af%e3%81%84%e3%82%89%e3%82%8c%e3%81%aa%e3%81%84-te-bakari-wa-irarenai-meaning/
te demo,てでも,Learn Japanese grammar: (te demo). Meaning: even if I have to; by all means ~. This is used to strongly express one’s willingness or desire...,"<table class=""table table-bordered table-sm usage""><tbody><tr><td>Verb (て form)</td><td>でも</td></tr></tbody></table>",Example #1何としてでも痩せたい。hintromajiEnglishたんとしてでもやせたい。nanto shite demo yasetai.I'll do whatever it takes to lose weight.,Example #2どんな手を使ってでも勝ちとってみせる。hintromajiEnglishどんなてをつかってでもかちとってみせる。donna te o tsukatte demo kachi totte miseru.I will win by any means necessary.,https://jlptsensei.com/learn-japanese-grammar/%e3%81%a6%e3%81%a7%e3%82%82-te-demo-meaning/
te irai,て以来（ていらい）,Learn Japanese grammar: 【ていらい】(te irai). Meaning: since; henceforth ~.,"<table class=""table table-bordered table-sm usage""><tbody><tr><td>Verb (てform)</td><td rowspan=""2"">以来</td></tr><tr><td>Noun</td></tr></tbody></table>","Example #1日本に来て以来、母の料理を食べていない。hintromajiEnglishにほんにきていらい、ははのりょうりをたべていない。nihon ni kite irai, haha no ryouri o tabete inai.I haven't eaten my mother's cooking since coming to Japan.","Example #2彼女は入学以来、一度も授業を休んでいない。hintromajiEnglishかのじょはにゅうがくいらい、いちどもじゅぎょうをやすんでいない。kanojo wa nyuugaku irai, ichido mo jugyou o yasunde inai.She hasn't missed a class since starting school.",https://jlptsensei.com/learn-japanese-grammar/%e3%81%a6%e4%bb%a5%e6%9d%a5-te-irai-meaning/
te ite wa,ていては,Learn Japanese grammar: (te ite wa). Meaning: if one keeps doing ~.,"<table class=""table table-bordered table-sm usage""><tbody><tr><td>Verb (て form)</td><td>いては</td></tr></tbody></table>","Example #1そんなに甘いものばかり食べていては、太りますよ。hintromajiEnglishそんなにあまいものばかりたべていては、ふりますよ。sonna amai mono bakari tabete ite wa, futorimasu yo.If you only eat sweets, you will gain weight.","Example #2そんな暗いところで本を読んでいては目が悪くなってしまうよ。hintromajiEnglishそんなくらいところでほんをよんでいてはめがわるくなってしまうよ。sonna kurai tokoro de hon o yonde ite wa me ga waruku natte shimau yo.If you keep reading books in such a dark place, your eyes will go bad.",https://jlptsensei.com/learn-japanese-grammar/%e3%81%a6%e3%81%84%e3%81%a6%e3%81%af-te-ite-wa-meaning/
te koso,てこそ,Learn Japanese grammar: (te koso). Meaning: now that; since (something happened). NOTE: The verb following てこそ (te koso) cannot be past-tense.,"<table class=""table table-bordered table-sm usage""><tbody><tr><td>Verb (て form)</td><td>こそ</td></tr></tbody></table>","Example #1親になってこそ、親の苦労や気持ちがわかるものだ。hintromajiEnglishおやになってこそ、おやのくろうやきもちがわかるものだ。oya ni natte koso, oya no kurou ya kimochi ga wakaru mono da.Only after you become a parent can you understand the struggles and feelings of raising children.","Example #2生活費を自分で稼いでこそ、自立していると言えます。hintromajiEnglishせいかつひをじぶんでかせいでこそ、じりつしているといえます。seikatsuhi o jibun de kaseide koso, jiritsu shiteiru to wa iemasu.Only after you start earning a living for yourself can you claim to be independent.",https://jlptsensei.com/learn-japanese-grammar/%e3%81%a6%e3%81%93%e3%81%9d-te-koso-meaning/
te made,てまで,Learn Japanese grammar: (te made) / (made shite). Meaning: even; will go far so as to ~.,"<table class=""table table-bordered table-sm usage""><tbody><tr><td>Verb（て form)</td><td>まで</td></tr><tr><td>Noun</td><td>までして<br/>までする</td></tr></tbody></table>",Example #1頭を下げてまで金を借りたくない。hintromajiEnglishあたまをさげてまでかねをかりたくない。atama o sagete made kane o karitakunai.I wouldn't lower myself to borrow money.,"Example #2私は借金をしてまで、家を買うつもりはない。hintromajiEnglishわたしはしゃっきんをしてまで、いえをかうつもりはない。watashi wa shakkin shite made, ie kau tsumori wa nai.I don't intend to buy a house if it means taking on debt.",https://jlptsensei.com/learn-japanese-grammar/%e3%81%a6%e3%81%be%e3%81%a7-te-made-meaning/
te naranai,てならない,Learn Japanese grammar: (te naranai). Meaning: can’t help but; dying to; extremely ~​. This is used when expressing one couldn’t help but feel a certain...,"<table class=""table table-bordered table-sm usage""><tbody><tr><td>Verb (て form)</td><td rowspan=""3"">ならない</td></tr><tr><td>な-adjective + で</td></tr><tr><td>い-adjective + <s>い</s>くて</td></tr></tbody></table>","Example #1うちの息子が大学に合格して、うれしくてならない。hintromajiEnglishうちのむすこがだいがくにごうかくして、うれしくてならない。uchi no musuko ga daigaku ni goukaku shite, ureshikute naranai.I’m so glad that my son passed the university entrance exam.","Example #2外国で生活した時、不安でならなかった。hintromajiEnglishがいこくでせいかつしたとき、ふあんでならなかった。gaikoku de seikatsu shita toki, fuande naranakatta.I was very nervous when I lived abroad.",https://jlptsensei.com/learn-japanese-grammar/%e3%81%a6%e3%81%aa%e3%82%89%e3%81%aa%e3%81%84-te-naranai-meaning/
te tamaranai,てたまらない,Meaning: can't help but do; dying to do; extremely. Learn Japanese Grammar 日本語文法 - JLPT N2 - てたまらない(te tamaranai). Study example sentences + vocabulary list,"<table class=""table table-bordered table-sm usage""><tbody><tr><td>Verb (たくて form)</td><td rowspan=""3"">たまらない</td></tr><tr><td>な-adjective + <s>な</s>で</td></tr><tr><td>い-adjective + <s>い</s>くて</td></tr></tbody></table>",Example #1あなたに会いたくてたまらない。hintromajiEnglishあなたにあいたくてたまらない。anata ni aetakute tamaranai.I want to see you so bad...,Example #2日本の夏は暑すぎてたまらない。hintromajiEnglishにほんのなつはあつすぎてたまらない。nihon no natsu wa atsusugite tamaranai.I can't stand Japan's hot summer.,https://jlptsensei.com/learn-japanese-grammar/%e3%81%a6%e3%81%9f%e3%81%be%e3%82%89%e3%81%aa%e3%81%84-te-tamaranai-meaning/
te touzen da,て当然だ（てとうぜんだ）,Learn Japanese grammar: 【てとうぜんだ】(te touzen da). Meaning: natural; as a matter of course. This can also be changed with 【てあたりまえだ】 (te atarimae da). Also review...,"<table class=""table table-bordered table-sm usage""><tbody><tr><td>Verb (て form)</td><td rowspan=""3"">当然だ<br/>当たり前だ</td></tr><tr><td>な-adjective + で</td></tr><tr><td>い-adjective + <s>い</s>くて</td></tr></tbody></table>","Example #1毎日遅くまで残業しているから、疲れて当然だ。hintromajiEnglishまいにちおそくまでざんぎょうしているから、つかれてとうぜんだ。mainichi osoku made zangyou shite iru kara, tsukarete touzen da.You're working overtime late everyday, so it's only natural to be tired.","Example #2人間だから間違いがあって当然です。そんなに落ち込まないでください。hintromajiEnglishにんげんだからまちがいがあってとうせんです。そんなにおちこまないでください。ningen da kara machigai ga atte touzen desu. sonnani ochikomanaide kudasai.You're only human, so it's natural to make mistakes. Don't let it get you down.",https://jlptsensei.com/learn-japanese-grammar/%e3%81%a6%e5%bd%93%e7%84%b6%e3%81%a0-te-touzen-da-meaning/
tewa / dewa,ては / では,Learn Japanese grammar: (tewa / dewa). Meaning: whenever; if; when~; repetitive action. Meaning 1 – if; because + bad result This meaning is similar to...,"<table class=""table table-bordered table-sm usage""><tbody><tr><td>Verb (て form)</td><td rowspan=""4"">は</td></tr><tr><td>Noun + で</td></tr><tr><td>な-adjective + で</td></tr><tr><td>い-adjective + <s>い</s>くて</td></tr></tbody></table>","Example #1こんなに雨が降っては、買い物ができないな。hintromajiEnglishこんなにあめがふっては、かいものができないな。konna ni ame ga futte wa, kaimono ga dekinai na.I can't go shopping if it keeps raining like this.","Example #2彼の成績がこんなに悪くては、卒業もできないだろう。hintromajiEnglishかれのせいせきがこんなにわるくては、そつぎょうもできないだろう。kare no seiseki ga konnani waru kute, sotsugyou mo dekinai darou.When his grades are this bad, he may not be able to graduate.",https://jlptsensei.com/learn-japanese-grammar/%e3%81%a6%e3%81%af-%e3%81%a7%e3%81%af-tewa-dewa-meaning/
tewa irarenai,てはいられない,Learn Japanese grammar: (tewa irarenai). Meaning: can’t afford to; unable to ~. This expresses being unable to continue under the current circumstances.,"<table class=""table table-bordered table-sm usage""><tbody><tr><td>Verb (て form)</td><td rowspan=""3"">はいられない</td></tr><tr><td>Noun + で</td></tr><tr><td>な-adjective + で</td></tr></tbody></table>",Example #1ぐずぐずしてはいられない。hintromajiEnglishぐずぐずしてはいられない。gusugusu shite wa irarenai.We have no time to lose.,Example #2泣かないではいられない。hintromajiEnglishなかないではいられない。nakanai dewa irarenai.I can't help crying.,https://jlptsensei.com/learn-japanese-grammar/%e3%81%a6%e3%81%af%e3%81%84%e3%82%89%e3%82%8c%e3%81%aa%e3%81%84-tewa-irarenai-meaning/
tewa naranai,てはならない,Learn Japanese grammar: (tewa naranai). Meaning: must not; cannot; should not ~.,"<table class=""table table-bordered table-sm usage""><tbody><tr><td>Verb (て form)</td><td>はならない</td></tr></tbody></table>",Example #1過去を忘れてはならない。hintromajiEnglishかこをわすれてはならない。kako o wasuretewa naranai.We must never forget the past.,Example #2教師はいじめを見逃してはならない。hintromajiEnglishきょうしはいじめをみのがしてはならない。kyoushi wa ijime o minogashitewa naranai.Teachers must not overlook bullying.,https://jlptsensei.com/learn-japanese-grammar/%e3%81%a6%e3%81%af%e3%81%aa%e3%82%89%e3%81%aa%e3%81%84-tewa-naranai-meaning/
tewa~tewa,ては～ては,Learn Japanese grammar: (tewa~tewa). Meaning: repetitive situations/actions. This is based off of the lesson for See separate lesson for and is very similar in meaning/usage...,"<table class=""table table-bordered table-sm usage""><tbody><tr><td rowspan=""2"">V<sub>1</sub>ては</td><td>V<sub>2</sub>て</td><td rowspan=""2"">V<sub>1</sub>ては</td><td>V<sub>2</sub>て</td></tr><tr><td>V<sub>2</sub><s>ます</s></td><td>V<sub>2</sub><s>ます</s></td></tr></tbody></table>","Example #1立っては座り、座っては立ち、気分が落ち着かない。hintromajiEnglishたってはすわり、すわってはたち、きぶんがおちつかない。tatte wa suwari, suwatte wa tachi, kibun ga ochitsukanai.I keep standing and sitting down again, and can't seem to settle down.","Example #2食べては寝て、寝ては食べの生活は必ず太る。hintromajiEnglishたべてはねて、ねてはたべのせいかつはかならずふとる。tabete wa nete, nete wa tabe no seikatsu wa kanarazu futoru.If you do nothing but sleep and eat, you will definitely gain weight.",https://jlptsensei.com/learn-japanese-grammar/%e3%81%a6%e3%81%af%ef%bd%9e%e3%81%a6%e3%81%af-tewa-tewa-meaning/
to douji ni,と同時に（とどうじに）,Learn Japanese grammar: 【とどうじに】(to douji ni). Meaning: at the same time as; while; simultaneously ~.,"<table class=""table table-bordered table-sm usage""><tbody><tr><td>Verb (casual, non-past)</td><td rowspan=""4"">と同時に</td></tr><tr><td>Noun</td></tr><tr><td>な-adj + である</td></tr></tbody></table>",Example #1彼らは笑うと同時に泣いた。hintromajiEnglishかれらはわらうとどうじにないた。karera wa warau to douji ni naita.They laughed and cried at the same time.,"Example #2大学に入学すると同時に、私はアルバイトを始めました。hintromajiEnglishだいがくににゅうがくするとどうじに、わたしはあるばいとをはじめました。daigaku ni nyuugaku suru to douji ni, watashi wa, arubaito o hajimemashita.I started a part-time job at the same time that I entered university.",https://jlptsensei.com/learn-japanese-grammar/%e3%81%a8%e5%90%8c%e6%99%82%e3%81%ab-to-douji-ni-meaning/
to itta,といった,Learn Japanese grammar: 【といった】(to itta). Meaning: like; such as ~. This is used to list examples.,"<table class=""table table-bordered table-sm usage""><tbody><tr><td>Noun</td><td>といった</td></tr></tbody></table>","Example #1バスケットボール、サッカーといったスポーツは大学生に人気がある。hintromajiEnglishバスケットボール、サッカーといったスポーツはだいがくせいににんきがある。basuketto booru, sakkaa to itta supootsu wa daigakusei ni ninki ga aru.Sports such as basketball and soccer are popular with college students.","Example #2とんかつや天ぷらといった揚げ物の料理が好きです。hintromajiEnglishとんかつやてんぷらといったあげものりょうりがすきです。tonkatsu ya tenpura to itta agemono no ryouri ga suki desu.I love fried foods like ""tonkatsu"" and ""tempura"".",https://jlptsensei.com/learn-japanese-grammar/%e3%81%a8%e3%81%84%e3%81%a3%e3%81%9f-to-itta-meaning/
to iu fuu ni,というふうに,Learn Japanese grammar: 【というふうに】(to iu fuu ni). Meaning: in such a way that ~. This is used to explain or show something. It is commonly...,"<table class=""table table-bordered table-sm usage""><tbody><tr><td>Phrase</td><td>という風に<br/>というふうに</td></tr></tbody></table>",Example #1彼女は信じられないというふうに頭を振った。hintromajiEnglishかのじょはしんじられないというふうにあたまをふった。kanojo wa shinjirarenai toiu fuu ni atama o futta.She shook her head in disbelief.,Example #2彼はいつも自分が天才だというふうに思い込んでいた。hintromajiEnglishかれはいつもじぶんがてんさいだというふうにおもいこんでいた。kare wa itsumo jibun ga tensai da toiu fuu ni omoikonde ita.He always fancied himself as a genius.,https://jlptsensei.com/learn-japanese-grammar/%e3%81%a8%e3%81%84%e3%81%86%e3%81%b5%e3%81%86%e3%81%ab-to-iu-fuu-ni-meaning/
to iu koto wa,ということは,Learn Japanese grammar: と言うことは 【】 (to iu koto wa). Meaning: that is to say; so that means; in other words ~.,"<table class=""table table-bordered table-sm usage""><tbody><tr><td>Clause 1</td><td>ということは</td><td>clause 2</td></tr></tbody></table>",Example #1あなたが会社を辞めるということは本当ですか。hintromajiEnglishあなたがかいしゃをやめるということはほんとうですか。anata ga kaisha o yameru to iu koto wa hontou desu ka?Is it true that you are quitting the company?,"Example #2彼は、まだ来ませんね。ということは、今日は欠席ですね。hintromajiEnglishかれは、まだきませんね。ということは、きょうはけっせきですね。kare, mada kimasen ne. toiu koto wa kyou wa kesseki desu ne.He still hasn't come, so he will be marked as absent for today.",https://jlptsensei.com/learn-japanese-grammar/%e3%81%a8%e3%81%84%e3%81%86%e3%81%93%e3%81%a8%e3%81%af-to-iu-koto-wa-meaning/
to iu mono da,というものだ,Learn Japanese grammar: と言うものだ 【】 (to iu mono da) / (to iu mono ga aru). Meaning: something like; something called ~. This is used to:...,"<table class=""table table-bordered table-sm usage""><tbody><tr><td>Verb (casual form)</td><td rowspan=""4"">というものだ<br/>というものがある</td></tr><tr><td>Noun + だ</td></tr><tr><td>な-adjective + だ</td></tr><tr><td>い-adjective + い</td></tr></tbody></table>","Example #1これがいわゆる「天ぷら」というものです。hintromajiEnglishこれがいわゆる「てんぷら」というものです。kore ga iwayuru 「tenpura」to iu mono desu.This is what we call ""tempura"".","Example #2辛い時に助けてくれるのが、親友というものだ。hintromajiEnglishつらいときにたすけてくれるのが、しんゆうというものだ。tsurai toki ni tasukete kureru no ga, shinyuu to iu mono da.Those who help you in rough times are called true friends.",https://jlptsensei.com/learn-japanese-grammar/%e3%81%a8%e3%81%84%e3%81%86%e3%82%82%e3%81%ae%e3%81%a0-to-iu-mono-da-meaning/
to iu mono dewa nai,というものではない,Learn Japanese grammar: と言うものではない 【】(to iu mono dewa nai). Meaning: there is no guarantee that…; not necessarily ~. This can also be written as というものでもない...,"<table class=""table table-bordered table-sm usage""><tbody><tr><td>Verb (casual form)</td><td rowspan=""4"">というものではない<br/>というものでもない</td></tr><tr><td>Noun + だ</td></tr><tr><td>な-adjective + だ</td></tr><tr><td>い-adjective + い</td></tr></tbody></table>",Example #1お金があれば幸せだというものでもない。hintromajiEnglishおかねがあればしあわせだというものでもない。okane ga areba shiawase da toiu mono demo nai.Having money is no guarantee that you will be happy.,Example #2私の仕事は誰でもできるというものではない！hintromajiEnglishわたしのしごとはだれでもできるというものではない！watashi no shigoto wa dare demo dekiru toiu mono dewa nai.My work is not something that just anybody can do!,https://jlptsensei.com/learn-japanese-grammar/%e3%81%a8%e3%81%84%e3%81%86%e3%82%82%e3%81%ae%e3%81%a7%e3%81%af%e3%81%aa%e3%81%84-to-iu-mono-dewa-nai-meaning/
to kangaerareru,と考えられる（とかんがえられる）,one can think that; it is conceivable that; considered ~,<em>(no usage table)</em>,,,https://jlptsensei.com/learn-japanese-grammar/%e3%81%a8%e8%80%83%e3%81%88%e3%82%89%e3%82%8c%e3%82%8b-to-kangaerareru-meaning/
toka (de),とか（で）,"Learn Japanese grammar: (toka de). Meaning: I heard that ~. This is used to express some information that you heard. It is not factual, but...","<table class=""table table-bordered table-sm usage""><tbody><tr><td>Verb (casual form)</td><td rowspan=""4"">とか（で）</td></tr><tr><td>Noun + だ</td></tr><tr><td>な-adjective + だ</td></tr><tr><td>い-adjective</td></tr></tbody></table>",Example #1アメリカで育ったとかで。hintromajiEnglishあめりかでそだったとかで。amerika de sodatta toka de.I heard they were raised in America.,Example #2今度の試験はかなり難しいとかで。hintromajiEnglishこんどのしけんはかなりむずかしいとかで。kondo no shiken wa kanari muzukashii toka de.I heard the next test is going to be really hard.,https://jlptsensei.com/learn-japanese-grammar/%e3%81%a8%e3%81%8b%e3%81%a7-toka-de-meaning/
tokku ni,とっくに,long ago; already; a long time ago,<em>(no usage table)</em>,,,https://jlptsensei.com/learn-japanese-grammar/%e3%81%a8%e3%81%a3%e3%81%8f%e3%81%ab-tokku-ni-meaning/
tokoro datta,ところだった,Learn Japanese grammar: (tokoro datta). Meaning: was just about to do something; something almost happened.,"<table class=""table table-bordered table-sm usage""><tbody><tr><td>Verb (dictionary form)</td><td>ところだった</td></tr></tbody></table>",Example #1危ないところだった。hintromajiEnglishあぶないところだった。abunai tokoro datta.That was a close call.,Example #2ちょうど寝るところだった。hintromajiEnglishちょうどねるところだった。choudo neru tokoro datta.I was just about to head to bed.,https://jlptsensei.com/learn-japanese-grammar/%e3%81%a8%e3%81%93%e3%82%8d%e3%81%a0%e3%81%a3%e3%81%9f-tokoro-datta-meaning/
tokoro ni,ところに,Learn Japanese grammar: (tokoro ni). Meaning: at the time; just as I was ~.,"<table class=""table table-bordered table-sm usage""><tbody><tr><td>Verb (た / ている / ていた)</td><td rowspan=""3"">ところに<br/>ところへ<br/>ところを</td></tr><tr><td>Noun + の</td></tr><tr><td>Adjective</td></tr></tbody></table>","Example #1私はちょうど家を出ようと思っているところに、小雨が降り始めた。hintromajiEnglishわたしはちょうどいえをでようとおもっているところに、こさめがふりはじめた。watashi wa choudo ie o deyou to omotteiru tokoro ni, kosame ga furi hajimeta.I was just about to leave home when a light rain started to fall.",Example #2駅に着いたところに財布を忘れたことに気づいた。hintromajiEnglishえきについたところにさいふをわすれたことにきづいた。eki ni tsuita tokoro ni saifu o wasureta koto ni kiduita.When I arrived at the station I realized I forgot my wallet.,https://jlptsensei.com/learn-japanese-grammar/%e3%81%a8%e3%81%93%e3%82%8d%e3%81%ab-tokoro-ni-meaning/
tokoro o miru to,ところを見ると（ところをみると）,Learn Japanese grammar: 【ところをみると】(tokoro o miru to). Meaning: judging from; seeing that ~.,"<table class=""table table-bordered table-sm usage""><tbody><tr><td>Verb (casual)</td><td>ところを見ると</td></tr></tbody></table>","Example #1彼女はラーメンを食べているところを見ると、ダイエットはやめたんだね。hintromajiEnglishかのじょはラーメンをたべているところをみると、ダイエットはやめたんだね。kanojo wa raamen o tabete iru tokoro o miru to, daietto wa yametan da ne.Judjing from the fact that she's eating ramen, she must have quit her diet.","Example #2顔が赤くなっているところを見ると、私が言ったことは本当だ。hintromajiEnglishかおがあかくなっているところをみると、わたしがいったことはほんとうだ。kao ga akaku natteiru tokoro o miru to, watashi ga itta koto wa hontou da.Seeing their face turn red means that what I said must have been true.",https://jlptsensei.com/learn-japanese-grammar/%e3%81%a8%e3%81%93%e3%82%8d%e3%82%92%e8%a6%8b%e3%82%8b%e3%81%a8-tokoro-o-miru-to-meaning/
tomo,とも,Learn Japanese grammar: (tomo). Meaning: certainly; even if; no matter; although; without even; at the least ~. This particle can express numerous different meanings: certainly;...,"<table class=""table table-bordered table-sm usage""><tbody><tr><td>Verb な<s>い</s>く</td><td rowspan=""3"">とも</td></tr><tr><td>い-adjective + <s>い</s>く</td></tr><tr><td>phrase</td></tr></tbody></table>","Example #1え、そうですとも。hintromajiEnglishえ、そうですとも。e, sou desu tomo.Yes, that is most certainly so.","Example #2辛くとも、頑張る！hintromajiEnglishつらくとも、がんばる！tsuraku tomo, ganbaru!Even if things get rough, I'll do my best!",https://jlptsensei.com/learn-japanese-grammar/%e3%81%a8%e3%82%82-tomo-meaning/
toshite~nai,として～ない,Learn Japanese grammar: (toshite~nai). Meaning: not at all; there is not even one.,"<table class=""table table-bordered table-sm usage""><tbody><tr><td>1 + [counter] + として + ... +</td><td>Verb (ない form)</td></tr></tbody></table>",Example #1僕は一日として学校を休んだことがない。hintromajiEnglishぼくはいちにちとしてがっこうをやすんだことがない。boku wa ichinichi toshite gakkou o yasunda koto ga nai.I have never missed school for even a single day.,Example #2彼女は一度として宿題を忘れたことがない。hintromajiEnglishかのじょはいちどとしてしゅくだいをわすれたことがない。kanojo wa ichido toshite shukudai o wasureta koto ga nai.She has never once forgotten her homework.,https://jlptsensei.com/learn-japanese-grammar/%e3%81%a8%e3%81%97%e3%81%a6%ef%bd%9e%e3%81%aa%e3%81%84-toshite-nai-meaning/
toshitemo,としても,Learn Japanese grammar: (toshitemo). Meaning: assuming; even if ~.,"<table class=""table table-bordered table-sm usage""><tbody><tr><td>Verb (casual form)</td><td rowspan=""4"">としても</td></tr><tr><td>Noun + だ</td></tr><tr><td>な-adjective + だ</td></tr><tr><td>い-adjective</td></tr></tbody></table>","Example #1今回の試験で不合格になったとしても、諦めずに次回も受験するつもりです。hintromajiEnglishこんかいのしけんでふごうかくになったとしても、あきらめずにじかいもじゅけんするつもりです。konkai no shiken de fugoukaku ni natta toshitemo, akiramezu ni jikai mo juken suru tsumori desu.Even if I were to fail the exam this time, I plan to not give up and take the exam again.","Example #2たとえ買えるとしても，そんな家は買わないだろう。hintromajiEnglishたとえかえるとしても、そんないえはかわないだろう。tatoe kaeru toshitemo, sonna ie wa kawanai darou.I wouldn't buy such a house even if I could.",https://jlptsensei.com/learn-japanese-grammar/%e3%81%a8%e3%81%97%e3%81%a6%e3%82%82-toshitemo-meaning/
tsutsu,つつ,Learn Japanese grammar: (tsutsu). Meaning: while; even though; despite ~.,"<table class=""table table-bordered table-sm usage""><tbody><tr><td>Verb <s>ます</s> (stem form)</td><td>つつ (も)</td></tr></tbody></table>","Example #1彼は時々車を運転しつつ、電話をする。hintromajiEnglishかれはときどきくるまをうんてんしつつ、でんわをする。kare wa tokodoki kuruma o unten shi tsutsu, denwa o suru.He sometimes talks on the phone while driving.","Example #2彼は忙しいと言いつつ、長電話をしている。hintromajiEnglishかれはいそがしいといいつつ、ながでんわをしている。kare wa isogashii to ii tsutsu, nagadenwa o shite iru.Although he says he is busy, he has been talking on the phone for a long time.",https://jlptsensei.com/learn-japanese-grammar/%e3%81%a4%e3%81%a4-tsutsu-meaning/
tsutsu aru,つつある,Learn Japanese grammar: (tsutsu aru). Meaning: to be doing; to be in the process of doing ~.,"<table class=""table table-bordered table-sm usage""><tbody><tr><td>Verb <s>ます</s> (stem form)</td><td>つつある</td></tr></tbody></table>","Example #1スマホの登場で、デジタルカメラの人気がなくなりつつある。hintromajiEnglishスマホのとうじょうで、デジタルカメラのにんきがなくなりつつある。sumaho no toujou de, dejitaru kamera no ninki ga nakunari tsutsu aru.Since the release of the smartphone, digital camera's have been losing popularity.","Example #2最近はゴルフをしていないので、下手になりつつあります。hintromajiEnglishさいきんはゴルフをしていないので、へたになりつつあります。saikin wa gorufu o shite inai node, heta ni nari tsutsu arimasu.Lately I haven't been playing golf, so I am losing my touch.",https://jlptsensei.com/learn-japanese-grammar/%e3%81%a4%e3%81%a4%e3%81%82%e3%82%8b-tsutsu-aru-meaning/
ue wa,上は（うえは）,Learn Japanese grammar: 【うえは】(ue wa). Meaning: now that; since; as long as ~.,"<table class=""table table-bordered table-sm usage""><tbody><tr><td>Verb (dictionary form)</td><td rowspan=""2"">上は</td></tr><tr><td>Verb (た form)</td></tr></tbody></table>","Example #1約束した上は、どんなことがあっても守ります。hintromajiEnglishやくそくしたうえは、どんなことがあってもまもります。yakusoku shita ue wa, donna koto ga atte mo mamorimasu.Since I’ve made a promise, I will keep it no matter what happens.","Example #2プロ選手になると決めた上は、苦しくても頑張らなければならない。hintromajiEnglishプロせんしゅになるときめたうえは、くるしくてもがんばらなければならない。puro senshu ni naru to kimeta ue wa, kurushiku temo ganbaranakereba naranai.Since you've decided to become a professional athlete, even if things get tough you have to always do your best.",https://jlptsensei.com/learn-japanese-grammar/%e4%b8%8a%e3%81%af-ue-wa-meaning/
wa moto yori,はもとより,also; let alone; from the beginning,<em>(no usage table)</em>,,,https://jlptsensei.com/learn-japanese-grammar/%e3%81%af%e3%82%82%e3%81%a8%e3%82%88%e3%82%8a-wa-moto-yori-meaning/
wa tomokaku,はともかく,"Meaning: anyhow; in any case; whether or not. Learn Japanese Grammar 日本語文法 - JLPT N2 - はともかく (wa tomokaku). Study example sentences, & vocabulary list.","<table class=""table table-bordered table-sm usage""><tbody><tr><td>Noun</td><td>はともかく（として）</td></tr></tbody></table>","Example #1行くか行かないかはともかく、レストランの予約だけはしておこう。hintromajiEnglishいくかいかないかはともかく、レストランのよやくだけはしておこう。iku ka ikanai ka wa tomokaku, resutoran no yoyaku dake wa shite okou.Whether or not we are going, let's at least make the restaurant reservation.","Example #2この店の品物は、質はともかく種類は多い。hintromajiEnglishこのみせのしなものは、しつはともかくしゅるいはおおい。kono mise no shinamono wa, shitsu wa tomokaku shurui wa ooi.Regardless of the quality of the goods at this store, they have a lot of variety.",https://jlptsensei.com/learn-japanese-grammar/%e3%81%af%e3%81%a8%e3%82%82%e3%81%8b%e3%81%8f-wa-tomokaku-meaning/
wazuka ni,わずかに,Learn Japanese grammar: (wazuka ni). Meaning: slightly; only; barely; narrowly ~.,"<table class=""table table-bordered table-sm usage""><tbody><tr><td>わずかに</td><td>Phrase</td></tr></tbody></table>",Example #1電車がわずかに遅れている。hintromajiEnglishでんしゃがわずかにおくれている。densha ga wazuka ni okurete iru.The train is running slightly late.,Example #2道はここでわずかに右に曲がっている。hintromajiEnglishみちはここでわずかにみぎにまがっている。michi wa koko de wazuka ni migi ni magatte iru.The road bends slightly to the right here.,https://jlptsensei.com/learn-japanese-grammar/%e3%82%8f%e3%81%9a%e3%81%8b%e3%81%ab-wazuka-ni-meaning/
yagate,やがて,Learn Japanese grammar: (yagate). Meaning: before long; soon; almost; eventually ~.,"<table class=""table table-bordered table-sm usage""><tbody><tr><td>やがて</td><td>phrase</td></tr></tbody></table>",Example #1やがて真っ暗になった。hintromajiEnglishやがてまっくらになった。yagate makkura ni natta.It soon became completely dark.,Example #2やがて考えがまとまってきた。hintromajiEnglishやがてかんがえがまとまってきた。yagate kangae ga matomatte kita.My ideas finally began to take shape.,https://jlptsensei.com/learn-japanese-grammar/%e3%82%84%e3%81%8c%e3%81%a6-yagate-meaning/
yara~yara,やら～やら,Learn Japanese grammar: (yara~yara). Meaning: such things as A and B; A and B and so on ~. This can also express uncertainty. See the...,"<table class=""table table-bordered table-sm usage""><tbody><tr><td>Verb (dictionary)</td><td rowspan=""3"">やら + [B]やら</td></tr><tr><td>Noun</td></tr><tr><td>い-adjective</td></tr></tbody></table>",Example #1大学生は宿題やらアルバイトやらで忙しい。hintromajiEnglishだいがくせいはしゅくだいやらアルバイトやらでいそがしい。daigakusei wa shukudai yara arubaito yara de isogashii.University students are quite busy with things like homework and part time jobs.,Example #2さっきコンビニでおにぎりやらお茶やらを買った。hintromajiEnglishさっきコンビニでおにぎりやらおちゃやらをかった。sakki konbini de onigiri yara ocha yara katta.A short while ago I bought some rice balls and tea from the convenience store.,https://jlptsensei.com/learn-japanese-grammar/%e3%82%84%e3%82%89%ef%bd%9e%e3%82%84%e3%82%89-yara-yara-meaning/
yohodo / yoppodo,よほど / よっぽど,Learn Japanese grammar: (yohodo / yoppodo). Meaning: very; greatly; much; to a large extent.,"<table class=""table table-bordered table-sm usage""><tbody><tr><td>よほど<br/>よっぽど</td><td>explanation</td></tr></tbody></table>",Example #1よほど前にあった事です。hintromajiEnglishよほどまえにあったことです。yohodo mae ni atta koto desu.It happened a long time ago.,Example #2そこはここからよほど離れている。hintromajiEnglishそこはここからよほどはなれている。soko wa koko kara yohodo hanareteiru.That place is quite far from here.,https://jlptsensei.com/learn-japanese-grammar/%e3%82%88%e3%81%bb%e3%81%a9-%e3%82%88%e3%81%a3%e3%81%bd%e3%81%a9-yohodo-yoppodo-meaning/
yori,より [2],"from~ (a time, place, or person)",<em>(no usage table)</em>,,,https://jlptsensei.com/learn-japanese-grammar/%e3%82%88%e3%82%8a-yori-from-time-place/
yori hoka nai,よりほかない,Learn Japanese grammar: (yori hoka nai). Meaning: to have no choice but ~. This may be used either as: よりほかはない (yori hoka wa nai). よりほか仕方がない【よりほかしかたがない】(yori...,"<table class=""table table-bordered table-sm usage""><tbody><tr><td>Verb <small>(dictionary)</small></td><td>（より）ほか（は）ない<br/>（より）ほか（しかたが）ない</td></tr></tbody></table>",Example #1この仕事は君に信頼するよりほかはない。hintromajiEnglishこのしごとはきみにしんらいするよりほかはない。kono shigoto wa kimi ni shinrai suru yori hoka wa nai.I have no choice but to trust you with this job.,"Example #2バスがないので、歩いていくよりほか仕方がない。hintromajiEnglishバスがないので、あるいていくよりほかしかたがない。basu ga nai node, aruite iku yori hoka shikata ga nai.Since there are no buses, i have no choice but to go on foot.",https://jlptsensei.com/learn-japanese-grammar/%e3%82%88%e3%82%8a%e3%81%bb%e3%81%8b%e3%81%aa%e3%81%84-yori-hoka-nai-meaning/
you dewa,ようでは,Learn Japanese grammar: (you dewa ). Meaning: if ~ (bad result).,"<table class=""table table-bordered table-sm usage""><tbody><tr><td>Verb (casual form)</td><td>ようでは</td><td>bad result</td></tr></tbody></table>","Example #1この問題が分からないようではN２には合格できないよ。hintromajiEnglishこのもんだいがわからないようではN２にはごうかくできないよ。kono mondai ga wakaranai you dewa N2 niwa goukaku dekinai yo.If you don't understand this problem, then you won't be able to pass the N2.","Example #2試験の前の日に勉強を始めるようでは、合格はできない。hintromajiEnglishしけんのまえのひにべんきょうをはじめるようでは、ごうかくはできない。shiken no mae no hi ni benkyou o hajimeru you dewa, goukaku wa dekinai.If you start studying the day before the exam, you will not be able to pass.",https://jlptsensei.com/learn-japanese-grammar/%e3%82%88%e3%81%86%e3%81%a7%e3%81%af-you-dewa-meaning/
you dewa nai ka,ようではないか,let’s do (something); why don’t we ~,<em>(no usage table)</em>,,,https://jlptsensei.com/learn-japanese-grammar/%e3%82%88%e3%81%86%e3%81%a7%e3%81%af%e3%81%aa%e3%81%84%e3%81%8b-you-dewa-nai-ka-meaning/
you ka~mai ka,ようか～まいか,"Learn Japanese grammar: (you ka~mai ka). Meaning: whether or not; considering options. There are some special exceptions for how you should conjugate the second verb,...","<table class=""table table-bordered table-sm usage""><tbody><tr><td>V (volational) + か</td><td>V + まいか</td></tr><tr><td class=""text-center"" colspan=""2"">Special rules for 2nd verb</td></tr><tr><td colspan=""2"">Ru-verb: dictionary form OR <s>ます</s> + まい</td></tr><tr><td colspan=""2"">U-verb: dictionary form + まい</td></tr><tr><td colspan=""2"">くる: こまい / くるまい</td></tr><tr><td colspan=""2"">する: しまい / すまい / するまい</td></tr></tbody></table>","Example #1雨だ。買い物をしに行こうか、行くまいか。hintromajiEnglishあめだ。かいものをしにいこうか、いくまいか。ame da. kaimono o shi ni ikou ka, iku mai ka.It's raining.. Should I go to buy groceries or not?","Example #2本当のことを話そうか話すまいか迷ったが、結局全部話した。hintromajiEnglishほんとうのことをはなそうかはなすまいかまよったが、けっきょくぜんぶはなした。hontou no koto o hanasou ka hanasu mai ka mayotta ga, kekkyoku zenbu hanashita.I didn't know whether to say the truth or not, but in the end I told everything.",https://jlptsensei.com/learn-japanese-grammar/%e3%82%88%e3%81%86%e3%81%8b%ef%bd%9e%e3%81%be%e3%81%84%e3%81%8b-you-ka-mai-ka-meaning/
you suru ni,要するに（ようするに）,in short; in a word; to sum up; to put it simply ~,<em>(no usage table)</em>,,,https://jlptsensei.com/learn-japanese-grammar/%e8%a6%81%e3%81%99%e3%82%8b%e3%81%ab-%e3%82%88%e3%81%86%e3%81%99%e3%82%8b%e3%81%ab-you-suru-ni-meaning/
zaru o enai,ざるを得ない（ざるをえない）,Learn Japanese grammar: 【ざるをえない】(zaru o enai). Meaning: cannot help (doing); have no choice but to ~.,"<table class=""table table-bordered table-sm usage""><tbody><tr><td>Verb (ない root) <s>ない</s></td><td rowspan=""2"">ざるを得ない</td></tr><tr><td>Exception: しない -&gt; せ</td></tr></tbody></table>",Example #1私はそうせざるを得ない。hintromajiEnglishわたしはそうせざるをえない。watashi wa sou sezaru o enai.I have no choice but to do that.,"Example #2いやな仕事でも、生活のためには続けざるを得ない。hintromajiEnglishいやなしごとでも、せいかつのためにはつづけざるを得ない。iya na shigoto demo, seikatsu no tame niwa tsuduke eru o enai.Even if it's work you don't like, you must continue working in order to maintain your livelihood.",https://jlptsensei.com/learn-japanese-grammar/%e3%81%96%e3%82%8b%e3%82%92%e5%be%97%e3%81%aa%e3%81%84-zaru-o-enai-meaning/
zu ni sumu,ずに済む （ずにすむ）,Learn Japanese grammar: 【ずにすむ】(zu ni sumu). Meaning: get by without doing ~. This can also can be used as .,"<table class=""table table-bordered table-sm usage""><tbody><tr><td>Verb <s>ない</s> (ない stem)</td><td>ずに済む</td></tr><tr><td colspan=""2"">Exception: する =&gt; せずに済む</td></tr></tbody></table>","Example #1今年は涼しかったので、エアコンを使わずに済みました。hintromajiEnglishことしはすずしかったので、エアコンをつかわずにすみました。kotoshi wa suzushikatta node, eakon o tsukawazu ni sumimashita.This year was cool and I got by without using my air conditioner.",Example #2ここでは1日中雨が降らずに済むことはほとんどない。hintromajiEnglishここではいちにちちゅうあめがふらずにすむことはほとんどない。koko de wa ichinichichuu ame ga furazu ni sumu koto wa hotondo nai.Hardly a day passes here without rain.,https://jlptsensei.com/learn-japanese-grammar/%e3%81%9a%e3%81%ab%e6%b8%88%e3%82%80-zu-ni-sumu-meaning/
