name,meaning,info_html,ex1,ex2,source
氏,"Learn Japanese kanji: 【 シ / うじ 】. Meaning: family name, surname, clan.",<em>(No detailed table found)</em>,"Example #1田中氏は医者ですね。ふりがなromajiEnglishたなかしはいしゃですね。tanakashi wa isha desu ne!Mr Tanaka is a doctor, isn't he?",Example #2私は山田氏の部下です。ふりがなromajiEnglishわたしはやまだしのぶかです。watashi wa Yamada shi no buka desu.I am Yamada's subordinate.,https://jlptsensei.com/learn-japanese-kanji/%e6%b0%8f-shi-uji-meaning-family-name/
統,"Learn Japanese kanji: 【 トウ / す(べる) 】. Meaning: ruling, governing.",<em>(No detailed table found)</em>,Example #1彼は大統領に選ばれた。ふりがなromajiEnglishかれはだいとうりょうにえらばれた。kare wa daitouryou ni erabareta.He was elected president.,Example #2その王はこの国を60年統治した。ふりがなromajiEnglishそのおうはこのくにを60ねんとうちした。sono ou wa kono kuni o 60 nen touchi shita.The king ruled the country for 60 years.,https://jlptsensei.com/learn-japanese-kanji/%e7%b5%b1-tou-meaning-ruling-governing/
基,"fundamentals, counter for machines, foundation",<em>(No detailed table found)</em>,,,https://jlptsensei.com/learn-japanese-kanji/%e5%9f%ba-ki-moto-motoi-meaning-fundamentals-foundation/
価,"value, price",<em>(No detailed table found)</em>,,,https://jlptsensei.com/learn-japanese-kanji/%e4%be%a1-ka-atai-meaning-value-price/
提,"propose, take along, carry in hand",<em>(No detailed table found)</em>,,,https://jlptsensei.com/learn-japanese-kanji/%e6%8f%90-tei-sageru-meaning-propose-take-along-carry/
挙,"raise, plan, project, behavior, actions",<em>(No detailed table found)</em>,,,https://jlptsensei.com/learn-japanese-kanji/%e6%8c%99-kyo-ageru-kozoru-meaning-raise-plan-project-behavior/
応,"apply, answer, yes, OK, reply, accept",<em>(No detailed table found)</em>,,,https://jlptsensei.com/learn-japanese-kanji/%e5%bf%9c-ou-kotaeru-meaning-apply-answer-yes-ok-reply-accept/
企,"Learn Japanese kanji: 【 キ / くわだ(てる)、 たくら(む) 】. Meaning: undertake, scheme, design, attempt, plan.",<em>(No detailed table found)</em>,Example #1私はその企画を立てる。ふりがなromajiEnglishわたしはそのきかくをたてる。watashi wa sono kikaku o tateru.I will make that plan.,Example #2彼は企画課で働いている。ふりがなromajiEnglishかれはきかくかではたらいている。kare wa kikakuka de hataraite iru.He works in the planning department.,https://jlptsensei.com/learn-japanese-kanji/%e4%bc%81-ki-kuwadateru-takuramu-meaning-undertake-scheme-design-attempt-plan/
検,"examination, investigate",<em>(No detailed table found)</em>,,,https://jlptsensei.com/learn-japanese-kanji/%e6%a4%9c-ken-shiraberu-meaning-examination-investigate/
藤,Learn Japanese kanji: 【 トウ / ふじ 】. Meaning: wisteria.,<em>(No detailed table found)</em>,Example #1私は藤色が大好きです。ふりがなromajiEnglishわたしはふじいろがだいすきです。watashi wa fujiiro ga daisuki desu.I love the light purple color.,Example #2君は伊藤の話を聞いたか。ふりがなromajiEnglishきみはいとうのはなしをきいたか。kimi wa Itou no hanashi o kiita ka?Have you heard Ito's story?,https://jlptsensei.com/learn-japanese-kanji/%e8%97%a4-tou-fuji-meaning-wisteria/
沢,"swamp, marsh, brilliance, grace",<em>(No detailed table found)</em>,,,https://jlptsensei.com/learn-japanese-kanji/%e6%b2%a2-taku-sawa-meaning-swamp-grace/
裁,"tailor, judge, decision, cut out (pattern)",<em>(No detailed table found)</em>,,,https://jlptsensei.com/learn-japanese-kanji/%e8%a3%81-sai-tatsu-sabaku-meaning-tailor-decision/
証,"evidence, proof, certificate",<em>(No detailed table found)</em>,,,https://jlptsensei.com/learn-japanese-kanji/%e8%a8%bc-shou-akashi-meaning-evidence-certificate/
援,"abet, help, save",<em>(No detailed table found)</em>,,,https://jlptsensei.com/learn-japanese-kanji/%e6%8f%b4-en-meaning-abet-help-save/
可,"can, passable, mustn't, should not",<em>(No detailed table found)</em>,,,https://jlptsensei.com/learn-japanese-kanji/%e5%8f%af-ka-beki-meaning-can-should-not/
施,"give, bestow, perform, alms",<em>(No detailed table found)</em>,,,https://jlptsensei.com/learn-japanese-kanji/%e6%96%bd-shi-se-hodokosu-meaning-give/
井,"well, well crib, town, community",<em>(No detailed table found)</em>,,,https://jlptsensei.com/learn-japanese-kanji/%e4%ba%95-sei-shou-i-meaning/
護,"safeguard, protect",<em>(No detailed table found)</em>,,,https://jlptsensei.com/learn-japanese-kanji/%e8%ad%b7-go-mamoru-meaning-safeguard-protect/
展,"unfold, expand",<em>(No detailed table found)</em>,,,https://jlptsensei.com/learn-japanese-kanji/%e5%b1%95-ten-meaning-unfold-expand/
態,"attitude, condition",<em>(No detailed table found)</em>,,,https://jlptsensei.com/learn-japanese-kanji/%e6%85%8b-tai-meaning-attitude-condition/
鮮,"fresh, vivid, clear",<em>(No detailed table found)</em>,,,https://jlptsensei.com/learn-japanese-kanji/%e9%ae%ae-sen-azayaka-meaning-fresh/
視,"inspection, regard as, see, look at",<em>(No detailed table found)</em>,,,https://jlptsensei.com/learn-japanese-kanji/%e8%a6%96-shi-miru-meaning-see/
条,"article, clause, counter for articles",<em>(No detailed table found)</em>,,,https://jlptsensei.com/learn-japanese-kanji/%e6%9d%a1-jou-meaning-article/
幹,"tree trunk, main part, talent, capability",<em>(No detailed table found)</em>,,,https://jlptsensei.com/learn-japanese-kanji/%e5%b9%b9-kan-miki-meaning-tree-trunk-main-part/
独,"single, alone, spontaneously",<em>(No detailed table found)</em>,,,https://jlptsensei.com/learn-japanese-kanji/%e7%8b%ac-doku-hitori-meaning-single/
宮,"Shinto shrine, constellations, palace, princess",<em>(No detailed table found)</em>,,,https://jlptsensei.com/learn-japanese-kanji/%e5%ae%ae-kyuu-guu-ku-kuu-miya-meaning-shinto-shrine/
率,"Learn Japanese kanji: 【 ソツ、 リツ / ひき(いる) 】. Meaning: ratio, rate, proportion, %, factor, lead.",<em>(No detailed table found)</em>,Example #1この学生はクラスを率いる。ふりがなromajiEnglishこのがくせいはクラスをひきいる。kono gakusei wa kurasu o hikiiru.This student leads the class.,Example #2その銀行の利率は低すぎます。ふりがなromajiEnglishそのぎんこうのりりつはひくすぎます。sono ginkou no riritsu wa hikusugi masu.The bank's interest rates are too low.,https://jlptsensei.com/learn-japanese-kanji/%e7%8e%87-sotsu-ritsu-hikiiru-meaning-ratio-rate/
衛,"defense, protection",<em>(No detailed table found)</em>,,,https://jlptsensei.com/learn-japanese-kanji/%e8%a1%9b-ei-meaning-defense-protection/
張,"Learn Japanese kanji: 【 チョウ / は(る) 】. Meaning: lengthen, counter for bows & stringed instruments, stretch, spread, put up (tent).",<em>(No detailed table found)</em>,Example #1試験のせいで緊張しました。ふりがなromajiEnglish試験のせいで緊張しました。shiken no seide kinchou shimashita.I was nervous because of the exam.,Example #2今日から勉強を頑張ります。ふりがなromajiEnglishきょうからべんきょうをがんばります。kyou kara benkyou o ganbarimasu.I will study hard starting today.,https://jlptsensei.com/learn-japanese-kanji/%e5%bc%b5-chou-haru-meaning-lengthen/
監,"oversee, official, govt office, rule, administer",<em>(No detailed table found)</em>,,,https://jlptsensei.com/learn-japanese-kanji/%e7%9b%a3-kan-meaning-oversee-official/
環,"ring, circle, link, wheel",<em>(No detailed table found)</em>,,,https://jlptsensei.com/learn-japanese-kanji/%e7%92%b0-kan-wa-meaning-ring-circle/
審,"hearing, judge, trial",<em>(No detailed table found)</em>,,,https://jlptsensei.com/learn-japanese-kanji/%e5%af%a9-shin-tsumabiraka-meaning-hearing-judge/
義,"righteousness, justice, morality, honor, loyalty, meaning",<em>(No detailed table found)</em>,,,https://jlptsensei.com/learn-japanese-kanji/%e7%be%a9-gi-meaning-righteousness-justice/
訴,"accusation, sue, complain of pain, appeal to",<em>(No detailed table found)</em>,,,https://jlptsensei.com/learn-japanese-kanji/%e8%a8%b4-so-uttaeru-meaning-accusation-sue/
株,"stocks, stump, shares, stock, counter for small plants",<em>(No detailed table found)</em>,,,https://jlptsensei.com/learn-japanese-kanji/%e6%a0%aa-shu-kabu-meaning-stocks-stump-shares-stock-counter/
姿,"figure, form, shape",<em>(No detailed table found)</em>,,,https://jlptsensei.com/learn-japanese-kanji/%e5%a7%bf-shi-sugata-meaning-figure-form-shape/
閣,"tower, tall building, palace",<em>(No detailed table found)</em>,,,https://jlptsensei.com/learn-japanese-kanji/%e9%96%a3-kaku-meaning-tower-tall-building-palace/
韓,Korea,<em>(No detailed table found)</em>,,,https://jlptsensei.com/learn-japanese-kanji/%e9%9f%93-kan-kara-igeta-meaning-korea/
衆,"masses, great numbers, multitude, populace",<em>(No detailed table found)</em>,,,https://jlptsensei.com/learn-japanese-kanji/%e8%a1%86-shuu-shu-ooi-meaning-masses-great-numbers-multitude/
評,"evaluate, criticism, comment",<em>(No detailed table found)</em>,,,https://jlptsensei.com/learn-japanese-kanji/%e8%a9%95-hyou-meaning-evaluate-criticism-comment/
岡,"mount, hill, knoll",<em>(No detailed table found)</em>,,,https://jlptsensei.com/learn-japanese-kanji/%e5%b2%a1-kou-oka-meaning-mount-hill-knoll/
影,"Learn Japanese kanji: 【 エイ / かげ 】. Meaning: shadow, silhouette, phantom.",<em>(No detailed table found)</em>,Example #1壁に映った男の影が見えた。ふりがなromajiEnglishかべにうつったおとこのかげがみえた。kabe ni utsutta otoko no kage ga mieta.I saw the shadow of a man reflected on the wall.,Example #2彼の影響力は大したことない。ふりがなromajiEnglishかれのえいきょうりょくはたいしたことない。kare no eikyouryoku wa taishita koto nai.His influence is not great.,https://jlptsensei.com/learn-japanese-kanji/%e5%bd%b1-ei-kage-meaning-shadow-silhouette-phantom/
松,pine tree,<em>(No detailed table found)</em>,,,https://jlptsensei.com/learn-japanese-kanji/%e6%9d%be-shou-matsu-meaning-pine-tree/
撃,"beat, attack, defeat, conquer",<em>(No detailed table found)</em>,,,https://jlptsensei.com/learn-japanese-kanji/%e6%92%83-geki-utsu-meaning-beat-attack-defeat-conquer/
佐,"assistant, help",<em>(No detailed table found)</em>,,,https://jlptsensei.com/learn-japanese-kanji/%e4%bd%90-sa-meaning-assistant-help/
核,"nucleus, core, kernel",<em>(No detailed table found)</em>,,,https://jlptsensei.com/learn-japanese-kanji/%e6%a0%b8-kaku-meaning-nucleus-core-kernel/
整,"organize, arranging, tune, tone, meter, key (music)",<em>(No detailed table found)</em>,,,https://jlptsensei.com/learn-japanese-kanji/%e6%95%b4-sei-totonoeru-meaning-organize-arranging-tune-tone-meter-key-music/
融,"dissolve, melt",<em>(No detailed table found)</em>,,,https://jlptsensei.com/learn-japanese-kanji/%e8%9e%8d-yuu-tokeru-meaning-dissolve-melt/
製,"made in..., manufacture",<em>(No detailed table found)</em>,,,https://jlptsensei.com/learn-japanese-kanji/%e8%a3%bd-sei-made-in/
票,"ballot, label, ticket, sign",<em>(No detailed table found)</em>,,,https://jlptsensei.com/learn-japanese-kanji/%e7%a5%a8-hyou-meaning-ballot-label-ticket-sign/
渉,"ford, go cross, transit, ferry, import, involve",<em>(No detailed table found)</em>,,,https://jlptsensei.com/learn-japanese-kanji/%e6%b8%89-shou-wataru-meaning-ford-go-cross-transit-ferry-import-involve/
響,"Learn Japanese kanji: 【 キョウ / ひび(く) 】. Meaning: echo, sound, resound, ring, vibrate.",<em>(No detailed table found)</em>,Example #1その話は私の心に響く。ふりがなromajiEnglishそのはなしはわたしのこころにひびく。sono hanashi wa watashi no kokoro ni hibiku.That story resonates with me.,Example #2その影響は私にとって大きい。ふりがなromajiEnglishそのえいきょうはわたしにとっておおきい。sono eikyou wa watashi ni totte ookii.That has had a big impact on me.,https://jlptsensei.com/learn-japanese-kanji/%e9%9f%bf-kyou-hibiku-meaning-echo-sound-resound-ring-vibrate/
推,"conjecture, infer, guess, suppose, support, push (for)",<em>(No detailed table found)</em>,,,https://jlptsensei.com/learn-japanese-kanji/%e6%8e%a8-sui-osu-meaning-conjecture-infer-guess-suppose-support-push-for/
請,"Learn Japanese kanji: 【 セイ、 シン、 ショウ / こ(う)、 う(ける) 】. Meaning: solicit, invite, ask.",<em>(No detailed table found)</em>,"Example #1今回の請求額は5000円です。ふりがなromajiEnglishこんかいのせいきゅうがくは5000えんです。konkai no seikyuugaku wa 5000 en desu.The bill this time is 5,000 yen.",Example #2その申請を承認してください。ふりがなromajiEnglishそのしんせいをしょうにんしてください。sono shinsei o shounin shite kudasai.Please approve the application.,https://jlptsensei.com/learn-japanese-kanji/%e8%ab%8b-sei-shin-shou-kou-ukeru-meaning-solicit-invite-ask/
器,"utensil, vessel, receptacle, implement, instrument, ability, container, tool, set",<em>(No detailed table found)</em>,,,https://jlptsensei.com/learn-japanese-kanji/%e5%99%a8-ki-utsuwa-meaning-utensil-vessel-receptacle-implement-instrument/
士,"gentleman, scholar, samurai",<em>(No detailed table found)</em>,,,https://jlptsensei.com/learn-japanese-kanji/%e5%a3%ab-shi-samurai-meaning-gentleman-scholar-samurai/
討,"Learn Japanese kanji: 【 トウ / う(つ) 】. Meaning: chastise, attack, defeat, destroy, conquer.",<em>(No detailed table found)</em>,Example #1その検討には時間を要する。ふりがなromajiEnglishそのけんとうにはじかんをようする。sono kentou ni wa jikan o yousuru.This consideration will take time.,Example #2私の提案を検討してください。ふりがなromajiEnglishわたしのていあんをけんとうしてください。watashi no teian o kentou shite kudasai.Please consider my suggestion.,https://jlptsensei.com/learn-japanese-kanji/%e8%a8%8e-tou-utsu-meaning-chastise-attack-defeat-destroy-conquer/
攻,"aggression, attack, criticize, polish",<em>(No detailed table found)</em>,,,https://jlptsensei.com/learn-japanese-kanji/%e6%94%bb-kou-semeru-meaning-aggression-attack-criticize-polish/
崎,"promontory, cape, spit",<em>(No detailed table found)</em>,,,https://jlptsensei.com/learn-japanese-kanji/%e5%b4%8e-ki-saki-sai-misaki-meaning-promontory-cape-spit/
督,"Learn Japanese kanji: 【 トク / 】. Meaning: coach, command, urge, lead, supervise.",<em>(No detailed table found)</em>,Example #1この映画の監督は誰ですか。ふりがなromajiEnglishこのえいがのかんとくはだれですか。kono eiga no kantoku wa dare desuka?Who is the director of this film?,Example #2俺はフリーの映画監督になった。ふりがなromajiEnglishおれはフリーのえいがかんとくになった。ore wa furii no eiga kantoku ni natta.I became a freelance film director.,https://jlptsensei.com/learn-japanese-kanji/%e7%9d%a3-toku-meaning-coach-command-urge-lead-supervise/
授,"Learn Japanese kanji: 【 ジュ / さず(ける) 】. Meaning: impart, instruct, grant, confer.",<em>(No detailed table found)</em>,Example #1私は大学の助教授です。ふりがなromajiEnglishわたしはだいがくのじょきょうじゅです。watashi wa daigaku no jokyouju desu.I am an assistant professor at a university.,Example #2彼女は地球化学の教授だ。ふりがなromajiEnglishかのじょはちきゅうかがくのきょうじゅだ。kanojo wa chikyuu kagaku no kyouju da.She is a professor of geochemistry.,https://jlptsensei.com/learn-japanese-kanji/%e6%8e%88-ju-sazukeru-meaning-impart-instruct-grant-confer/
催,"sponsor, hold (a meeting), give (a dinner)",<em>(No detailed table found)</em>,,,https://jlptsensei.com/learn-japanese-kanji/%e5%82%ac-sai-moyousu-moyoosu-meaning-sponsor-hold-a-meeting-give-a-dinner/
及,"reach out, exert, exercise, cause",<em>(No detailed table found)</em>,,,https://jlptsensei.com/learn-japanese-kanji/%e5%8f%8a-kyuu-oyobu-oyobi-meaning-reach-out-exert-exercise-cause/
憲,"constitution, law",<em>(No detailed table found)</em>,,,https://jlptsensei.com/learn-japanese-kanji/%e6%86%b2-ken-meaning-constitution-law/
離,"detach, separation, disjoin, digress",<em>(No detailed table found)</em>,,,https://jlptsensei.com/learn-japanese-kanji/%e9%9b%a2-ri-hanareru-meaning-detach-separation-disjoin-digress/
激,"violent, get excited, enraged, chafe, incite",<em>(No detailed table found)</em>,,,https://jlptsensei.com/learn-japanese-kanji/%e6%bf%80-geki-hageshii-violent/
摘,"pinch, pick, pluck, trim, clip, summarize",<em>(No detailed table found)</em>,,,https://jlptsensei.com/learn-japanese-kanji/%e6%91%98-teki-tsumu-meaning-pinch-pick-pluck-trim-clip-summarize/
系,"lineage, system",<em>(No detailed table found)</em>,,,https://jlptsensei.com/learn-japanese-kanji/%e7%b3%bb-kei-meaning-lineage-system/
批,"criticism, strike",<em>(No detailed table found)</em>,,,https://jlptsensei.com/learn-japanese-kanji/%e6%89%b9-hi-meaning-criticism-strike/
郎,"son, counter for sons",<em>(No detailed table found)</em>,,,https://jlptsensei.com/learn-japanese-kanji/%e9%83%8e-rou-otoko-meaning-son-counter-for-sons/
健,"healthy, health, strength, persistence",<em>(No detailed table found)</em>,,,https://jlptsensei.com/learn-japanese-kanji/%e5%81%a5-ken-sukoyaka-meaning-healthy-health-strength-persistence/
従,"accompany, obey, submit to, comply, follow, secondary, incidental, subordinate",<em>(No detailed table found)</em>,,,https://jlptsensei.com/learn-japanese-kanji/%e5%be%93-juu-shou-ju-shitagau-yori-meaning-accompany-obey-submit-to/
修,"discipline, conduct oneself well, study, master",<em>(No detailed table found)</em>,,,https://jlptsensei.com/learn-japanese-kanji/%e4%bf%ae-shuu-shu-osameru-meaning-discipline-conduct-oneself-well-study-master/
隊,"Learn Japanese kanji: 【 タイ / 】. Meaning: regiment, party, company, squad .",<em>(No detailed table found)</em>,Example #1彼は軍隊で働きました。ふりがなromajiEnglishかれはぐんたいではたらきました。kare wa guntai de hataraki mashita.He served in the army.,Example #2私は彼の中隊長でした。ふりがなromajiEnglishわたしはかれのちゅうたいちょうでした。watashi wa kare no chuutaichou deshita.I was his company commander.,https://jlptsensei.com/learn-japanese-kanji/%e9%9a%8a-tai-meaning-regiment-party-company-squad/
織,"weave, fabric",<em>(No detailed table found)</em>,,,https://jlptsensei.com/learn-japanese-kanji/%e7%b9%94-shoku-shiki-oru-ori-ori-ori-meaning-weave-fabric/
拡,"broaden, extend, expand, enlarge",<em>(No detailed table found)</em>,,,https://jlptsensei.com/learn-japanese-kanji/%e6%8b%a1-kaku-kou-hirogaru-meaning-broaden-extend-expand-enlarge/
故,"happenstance, especially, intentionally, reason, cause, circumstances, the late, therefore",<em>(No detailed table found)</em>,,,https://jlptsensei.com/learn-japanese-kanji/%e6%95%85-ko-yue-furui-moto-meaning-happenstance-especially-intentionally-reason-cause-circumstances/
振,"shake, wave, wag, swing",<em>(No detailed table found)</em>,,,https://jlptsensei.com/learn-japanese-kanji/%e6%8c%af-shin-furu-meaning-shake-wave-wag-swing/
弁,"valve, petal, braid, speech, dialect, discrimination, dispose of, distinguish, conical cap",<em>(No detailed table found)</em>,,,https://jlptsensei.com/learn-japanese-kanji/%e5%bc%81-ben-hen-kanmuri-wakimaeru-wakeru-hanabira-arasou-meaning-valve-petal-braid-speech-dialect/
就,"concerning, settle, take position, depart, study, per",<em>(No detailed table found)</em>,,,https://jlptsensei.com/learn-japanese-kanji/%e5%b0%b1-shuu-ju-tsuku-meaning-concerning-settle-take-position-depart-study-per/
異,"uncommon, different, queerness, strangeness, wonderful, curious, unusual",<em>(No detailed table found)</em>,,,https://jlptsensei.com/learn-japanese-kanji/%e7%95%b0-i-koto-kotonaru-ke-meaning-uncommon-different-queerness-strangeness-wonderful-curious-unusual/
献,"Learn Japanese kanji: 【 ケン、 コン / たてまつ(る) 】. Meaning: offering, counter for drinks, present, offer.",<em>(No detailed table found)</em>,Example #1彼は献身的な人です。ふりがなromajiEnglishかれはけんしんてきなひとです。kare wa kenshinteki na hito desu.He is a devoted person.,Example #2彼らは墓に献花をした。ふりがなromajiEnglishかれらははかにけんかをした。karera wa haka ni kenka o shita.They laid flowers at the grave.,https://jlptsensei.com/learn-japanese-kanji/%e7%8c%ae-ken-kon-tatematsuru-meaning-offering-counter-for-drinks-present-offer/
厳,"stern, strictness, severity, rigidity",<em>(No detailed table found)</em>,,,https://jlptsensei.com/learn-japanese-kanji/%e5%8e%b3-gen-gon-ogosoka-kibishii-ikameshii-itsukushi-meaning-stern-strictness-severity-rigidity/
維,"Learn Japanese kanji: 【 イ / 】. Meaning: fiber, tie, rope .",<em>(No detailed table found)</em>,Example #1食物繊維は便秘に良いです。ふりがなromajiEnglishしょくもつせんいはべんぴによいです。shokumotsu seni wa benpi ni yoi desu.Fiber is good for constipation.,Example #2私たちはこの活動を維持している。ふりがなromajiEnglishわたしたちはこのかつどうをいじしている。watashitachi wa kono katsudou o iji shite iru.We are maintaining this activity.,https://jlptsensei.com/learn-japanese-kanji/%e7%b6%ad-i-meaning-fiber-tie-rope/
浜,"seacoast, beach, seashore",<em>(No detailed table found)</em>,,,https://jlptsensei.com/learn-japanese-kanji/%e6%b5%9c-hin-hama-meaning-seacoast-beach-seashore/
遺,"bequeath, leave behind, reserve",<em>(No detailed table found)</em>,,,https://jlptsensei.com/learn-japanese-kanji/%e9%81%ba-i-yui-nokosu-meaning-bequeath-leave-behind-reserve/
塁,"bases, fort, rampart, walls, base(ball)",<em>(No detailed table found)</em>,,,https://jlptsensei.com/learn-japanese-kanji/%e5%a1%81-rui-rai-sui-toride-meaning-bases-fort-rampart-walls-baseball/
邦,"home country, country, Japan",<em>(No detailed table found)</em>,,,https://jlptsensei.com/learn-japanese-kanji/%e9%82%a6-hou-kuni-meaning-home-country-country-japan/
素,"elementary, principle, naked, uncovered",<em>(No detailed table found)</em>,,,https://jlptsensei.com/learn-japanese-kanji/%e7%b4%a0-so-su-moto-meaning-elementary-principle-naked-uncovered/
遣,"dispatch, despatch, send, give, donate, do, undertake",<em>(No detailed table found)</em>,,,https://jlptsensei.com/learn-japanese-kanji/%e9%81%a3-ken-tsukau-tsukai-dzukai-yaru-meaning-dispatch-despatch-send-give-donate-do-undertake/
抗,"confront, resist, defy, oppose",<em>(No detailed table found)</em>,,,https://jlptsensei.com/learn-japanese-kanji/%e6%8a%97-kou-aragau-meaning-confront-resist-defy-oppose/
模,"imitation, copy, mock",<em>(No detailed table found)</em>,,,https://jlptsensei.com/learn-japanese-kanji/%e6%a8%a1-mo-bo-meaning-imitation-copy-mock/
雄,"Learn Japanese kanji: 【 ユウ / お-、 おす、 おん 】. Meaning: masculine, male, hero, leader, superiority, excellence .",<em>(No detailed table found)</em>,Example #1それは実に雄大な眺めだ。ふりがなromajiEnglishそれはじつにゆうだいなながめだ。sore wa jitsu ni yuudaina nagame da.It is quite a grand view.,Example #2その勝利で彼は英雄になった。ふりがなromajiEnglishその勝利で彼は英雄になった。sono shouri de kare wa eiyuu ni natta.The victory made him a hero.,https://jlptsensei.com/learn-japanese-kanji/%e9%9b%84-yuu-o-osu-on-meaning-masculine-male-hero-leader-superiority-excellence/
益,"Learn Japanese kanji: 【 エキ、ヤク / ま(す) 】. Meaning: benefit, gain, profit, advantage.",<em>(No detailed table found)</em>,Example #1この商売は利益が多いです。ふりがなromajiEnglishこのしょうばいはりえきがおおいです。kono shoubai wa rieki ga ooi desu.This business is very profitable.,Example #2彼と有益な話しをしました。ふりがなromajiEnglishかれとゆうえきなはなしをしました。kare to yuuekina hanashi o shimashita.I had a useful conversation with him.,https://jlptsensei.com/learn-japanese-kanji/%e7%9b%8a-eki-yaku-meaning-benefit-gain-profit-advantage/
緊,"tense, solid, hard, reliable, tight",<em>(No detailed table found)</em>,,,https://jlptsensei.com/learn-japanese-kanji/%e7%b7%8a-kin-shimeru-meaning-tense-solid-hard-reliable-tight/
標,"signpost, seal, mark, stamp, imprint, symbol, emblem, trademark, evidence, souvenir",<em>(No detailed table found)</em>,,,https://jlptsensei.com/learn-japanese-kanji/%e6%a8%99-hyou-shirube-shirushi-meaning-signpost-seal-mark-stamp/
宣,"proclaim, say, announce",<em>(No detailed table found)</em>,,,https://jlptsensei.com/learn-japanese-kanji/%e5%ae%a3-sen-notamau-meaning-proclaim-say-announce/
昭,"shining, bright",<em>(No detailed table found)</em>,,,https://jlptsensei.com/learn-japanese-kanji/%e6%98%ad-shou-meaning-shining-bright/
廃,"abolish, obsolete, cessation, discarding, abandon",<em>(No detailed table found)</em>,,,https://jlptsensei.com/learn-japanese-kanji/%e5%bb%83-hai-sutareru-meaning-abolish-obsolete-cessation-discarding-abandon/
伊,"Italy, that one",<em>(No detailed table found)</em>,,,https://jlptsensei.com/learn-japanese-kanji/%e4%bc%8a-i-kare-meaning-italy-that-one/
江,"creek, inlet, bay",<em>(No detailed table found)</em>,,,https://jlptsensei.com/learn-japanese-kanji/%e6%b1%9f-kou-e-meaning-creek-inlet-bay/
僚,"colleague, official, companion",<em>(No detailed table found)</em>,,,https://jlptsensei.com/learn-japanese-kanji/%e5%83%9a-ryou-meaning-colleague-official-companion/
吉,"good luck, joy, congratulations",<em>(No detailed table found)</em>,,,https://jlptsensei.com/learn-japanese-kanji/%e5%90%89-kichi-kitsu-yoshi-meaning-good-luck-joy-congratulations/
盛,"boom, prosper, copulate",<em>(No detailed table found)</em>,,,https://jlptsensei.com/learn-japanese-kanji/%e7%9b%9b-sei-jou-moru-sakaru-meaning-boom-prosper-copulate/
皇,emperor,<em>(No detailed table found)</em>,,,https://jlptsensei.com/learn-japanese-kanji/%e7%9a%87-kou-ou-meaning-emperor/
臨,"look to, face, meet, confront, attend, call on",<em>(No detailed table found)</em>,,,https://jlptsensei.com/learn-japanese-kanji/%e8%87%a8-rin-nozomu-meaning-look-to-face-meet-confront/
踏,"step, trample, carry through, appraise, evade payment",<em>(No detailed table found)</em>,,,https://jlptsensei.com/learn-japanese-kanji/%e8%b8%8f-tou-fumu-meaning-step-trample-carry-through/
壊,"demolition, break, destroy",<em>(No detailed table found)</em>,,,https://jlptsensei.com/learn-japanese-kanji/%e5%a3%8a-kai-e-kowasu-yaburu-meaning-demolition-break-destroy/
債,"bond, loan, debt",<em>(No detailed table found)</em>,,,https://jlptsensei.com/learn-japanese-kanji/%e5%82%b5-sai-meaning-bond-loan-debt/
興,"entertain, revive, retrieve, interest, pleasure",<em>(No detailed table found)</em>,,,https://jlptsensei.com/learn-japanese-kanji/%e8%88%88-kou-kyou-okosu-meaning-entertain-revive-retrieve-interest-pleasure/
源,"source, origin",<em>(No detailed table found)</em>,,,https://jlptsensei.com/learn-japanese-kanji/%e6%ba%90-gen-minamoto-meaning-source-origin/
儀,"ceremony, rule, affair, case, a matter",<em>(No detailed table found)</em>,,,https://jlptsensei.com/learn-japanese-kanji/%e5%84%80-gi-meaning-ceremony-rule-affair-case-a-matter/
創,"genesis, wound, injury, hurt, start, originate",<em>(No detailed table found)</em>,,,https://jlptsensei.com/learn-japanese-kanji/%e5%89%b5-sou-shou-tsukuru-hajimeru-kizu-kezushikeru-meaning-genesis-wound-injury-hurt-start-originate/
障,"Learn Japanese kanji: 【 ショウ / さわ(る) 】. Meaning: hinder, hurt, harm .",<em>(No detailed table found)</em>,Example #1大雨のせいで車が故障した。ふりがなromajiEnglishおおあめのせいでくるまがこしょうした。ooame no sei de kuruma ga koshou shita.The heavy rain caused my car to break down.,Example #2彼は我々の安全を保障した。ふりがなromajiEnglishかれはわれわれのあんぜんをほしょうした。kare wa wareware no anzen o hoshou shita.He guaranteed our safety.,https://jlptsensei.com/learn-japanese-kanji/%e9%9a%9c-shou-sawaru-meaning-hinder-hurt-harm/
継,"inherit, succeed, continue, patch, graft (tree)",<em>(No detailed table found)</em>,,,https://jlptsensei.com/learn-japanese-kanji/%e7%b6%99-kei-tsugu-mama-meaning-inherit-succeed-continue-patch-graft-tree/
筋,"muscle, sinew, tendon, fiber, plot, plan, descent",<em>(No detailed table found)</em>,,,https://jlptsensei.com/learn-japanese-kanji/%e7%ad%8b-kin-suji-meaning-muscle-sinew-tendon-fiber-plot-plan-descent/
狙,"aim at, sight, shadow, stalk",<em>(No detailed table found)</em>,,,https://jlptsensei.com/learn-japanese-kanji/%e7%8b%99-so-sho-nerau-meaning-aim-at-sight-shadow-stalk/
闘,"fight, war",<em>(No detailed table found)</em>,,,https://jlptsensei.com/learn-japanese-kanji/%e9%97%98-tou-tatakau-arasou-meaning-fight-war/
葬,"interment, bury, shelve",<em>(No detailed table found)</em>,,,https://jlptsensei.com/learn-japanese-kanji/%e8%91%ac-sou-houmuru-meaning-interment-bury-shelve/
避,"evade, avoid, avert, ward off, shirk, shun",<em>(No detailed table found)</em>,,,https://jlptsensei.com/learn-japanese-kanji/%e9%81%bf-hi-sakeru-yokeru-meaning-evade-avoid-avert-ward-off-shirk-shun/
司,"director, official, govt office, rule, administer",<em>(No detailed table found)</em>,,,https://jlptsensei.com/learn-japanese-kanji/%e5%8f%b8-shi-tsukasadoru-meaning-director-official-govt-office-rule-administer/
康,"ease, peace",<em>(No detailed table found)</em>,,,https://jlptsensei.com/learn-japanese-kanji/%e5%ba%b7-kou-meaning-ease-peace/
善,"virtuous, good, goodness",<em>(No detailed table found)</em>,,,https://jlptsensei.com/learn-japanese-kanji/%e5%96%84-zen-yoi-ii-yoshitosuru-meaning-virtuous-good-goodness/
逮,"apprehend, chase",<em>(No detailed table found)</em>,,,https://jlptsensei.com/learn-japanese-kanji/%e9%80%ae-tai-meaning-apprehend-chase/
迫,"urge, force, imminent, spur on",<em>(No detailed table found)</em>,,,https://jlptsensei.com/learn-japanese-kanji/%e8%bf%ab-haku-semaaru-meaning-urge-force-imminent-spur-on/
惑,"beguile, delusion, perplexity",<em>(No detailed table found)</em>,,,https://jlptsensei.com/learn-japanese-kanji/%e6%83%91-waku-madou-meaning-beguile-delusion-perplexity/
崩,"crumble, die, demolish, level",<em>(No detailed table found)</em>,,,https://jlptsensei.com/learn-japanese-kanji/%e5%b4%a9-hou-kuzureru-kuzure-meaning-crumble-die-demolish-level/
紀,"chronicle, account, narrative, history, annals, geologic period",<em>(No detailed table found)</em>,,,https://jlptsensei.com/learn-japanese-kanji/%e7%b4%80-ki-meaning-chronicle-account-narrative-history-annals-geologic-period/
聴,"listen, headstrong, naughty, careful inquiry",<em>(No detailed table found)</em>,,,https://jlptsensei.com/learn-japanese-kanji/%e8%81%b4-chou-tei-kiku-yurusu-meaning-listen-headstrong-naughty-careful-inquiry/
脱,"undress, removing, escape from, get rid of, be left out, take off",<em>(No detailed table found)</em>,,,https://jlptsensei.com/learn-japanese-kanji/%e8%84%b1-datsu-nugu-meaning-undress-removing-escape-from-get-rid-of-be-left-out-take-off/
級,"class, rank, grade",<em>(No detailed table found)</em>,,,https://jlptsensei.com/learn-japanese-kanji/%e7%b4%9a-kyuu-meaning-class-rank-grade/
博,"Dr., command, esteem, Ph.D.",<em>(No detailed table found)</em>,,,https://jlptsensei.com/learn-japanese-kanji/%e5%8d%9a-haku-baku-meaning-dr-command-esteem-ph-d/
締,"tighten, tie, shut, lock, fasten",<em>(No detailed table found)</em>,,,https://jlptsensei.com/learn-japanese-kanji/%e7%b7%a0-tei-shimaru-shime-jime-meaning-tighten-tie-shut-lock-fasten/
救,"salvation, save, help, rescue, reclaim",<em>(No detailed table found)</em>,,,https://jlptsensei.com/learn-japanese-kanji/%e6%95%91-kyuu-sukuu-meaning-salvation-save-help-rescue-reclaim/
執,"tenacious, take hold, grasp, take to heart",<em>(No detailed table found)</em>,,,https://jlptsensei.com/learn-japanese-kanji/%e5%9f%b7-shitsu-shuu-toru-meaning-tenacious-take-hold-grasp-take-to-heart/
房,"tassel, tuft, fringe, bunch, lock (hair), segment (orange), house, room",<em>(No detailed table found)</em>,,,https://jlptsensei.com/learn-japanese-kanji/%e6%88%bf-bou-fusa-meaning-tassel-tuft-fringe-bunch-lock-hair-segment-orange-house-room/
撤,"remove, withdraw, disarm, dismantle, reject, exclude",<em>(No detailed table found)</em>,,,https://jlptsensei.com/learn-japanese-kanji/%e6%92%a4-tetsu-meaning-remove-withdraw/
削,"plane, sharpen, whittle, pare, shave",<em>(No detailed table found)</em>,,,https://jlptsensei.com/learn-japanese-kanji/%e5%89%8a-saku-kezuru-hatsuru-sogu-meaning-plane-sharpen-whittle-pare-shave/
密,"secrecy, density (pop), minuteness, carefulness",<em>(No detailed table found)</em>,,,https://jlptsensei.com/learn-japanese-kanji/%e5%af%86-mitsu-hisoka-meaning-secrecy-density-pop-minuteness-carefulness/
措,"Learn Japanese kanji: 【 ソ / お(く) 】. Meaning: set aside, give up, suspend, discontinue, lay aside, except .",<em>(No detailed table found)</em>,Example #1早急の是正措置を講じます。ふりがなromajiEnglishさっきゅうのぜせいそちをこうじます。sakkyuu no zesei sochi o koujimasu.We will take immediate corrective action.,Example #2これを措いてほかに道が無い。ふりがなromajiEnglishこれをそいてほかにみちがない。kore o oite hoka ni michi ga nai.There is no other way aside from this.,https://jlptsensei.com/learn-japanese-kanji/%e6%8e%aa-so-oku-meaning-set-aside-give-up-suspend-discontinue-lay-aside-except/
志,"intention, plan, resolve, aspire, motive, hopes, shilling",<em>(No detailed table found)</em>,,,https://jlptsensei.com/learn-japanese-kanji/%e5%bf%97-shi-kokorozasu-kokorozashi-meaning-intention-plan-resolve-aspire-motive-hopes-shilling/
載,"ride, board, get on, place, spread, 10**44, record, publish",<em>(No detailed table found)</em>,,,https://jlptsensei.com/learn-japanese-kanji/%e8%bc%89-sai-noseru-meaning-ride-board-get-on-place-spread-1044-record-publish/
陣,"camp, battle array, ranks, position, sudden, brief time",<em>(No detailed table found)</em>,,,https://jlptsensei.com/learn-japanese-kanji/%e9%99%a3-jin-meaning-camp-battle-array-ranks-position-sudden-brief-time/
我,"Learn Japanese kanji: 【 ガ / われ、 わ、 わ(が)-、 わが- 】. Meaning: ego, I, selfish, our, oneself .",<em>(No detailed table found)</em>,Example #1それは我々の目標だ。ふりがなromajiEnglishそれはわれわれのもくひょうだ。sore wa wareware no mokuhyou da.That is our goal.,Example #2これ以上我慢できない。ふりがなromajiEnglishこれいじょうがまんできない。kore ijou gaman dekinai.I can't take it any more.,https://jlptsensei.com/learn-japanese-kanji/%e6%88%91-ga-ware-wa-waga-waga-meaning-ego-i-selfish-our-oneself/
為,"Learn Japanese kanji: 【 イ / ため、 な(る)、 す(る)、 たり、 つく(る)、 なり 】. Meaning: do, change, make, benefit, welfare, be of use, reach to, try,...",<em>(No detailed table found)</em>,Example #1この行為は契約違反です。ふりがなromajiEnglishこのこういはけいやくいはんです。kono koui wa keiyaku ihan desu.This action is a breach of contract.,Example #2この作品は作為の跡が露骨だ。ふりがなromajiEnglishこのさくひんはさくいのあとがろこつだ。kono sakuhin wa sakui no ato ga rokotsu da.The signs of artifice are obvious in this work.,https://jlptsensei.com/learn-japanese-kanji/%e7%82%ba-i-tame-naru-meaning-do-change-make-benefit-welfare-be-of-use/
抑,"repress, well, now, in the first place, push, shove, press, seal, do in spite of",<em>(No detailed table found)</em>,,,https://jlptsensei.com/learn-japanese-kanji/%e6%8a%91-yoku-osaeru-meaning-repress-well-now-in-the-first-place-push-shove-press-seal-do-in-spite-of/
幕,"Learn Japanese kanji: 【 マク、 バク / とばり 】. Meaning: curtain, bunting, act of play .",<em>(No detailed table found)</em>,Example #1何時に幕が明きますか。ふりがなromajiEnglishなんじにまくがあきますか。nanji ni maku ga akimasu ka?What time does the curtain rise?,Example #2これは新時代の幕開けです。ふりがなromajiEnglishこれはしんじだいのまくあけです。kore wa shin jidai no makuake desu.This is the beginning of a new era.,https://jlptsensei.com/learn-japanese-kanji/%e5%b9%95-maku-baku-tobari-meaning-curtain-bunting-act-of-play/
染,"dye, color, paint, stain, print",<em>(No detailed table found)</em>,,,https://jlptsensei.com/learn-japanese-kanji/%e6%9f%93-sen-someru-shimeru-meaning-dye-color-paint-stain-print/
奈,"Nara, what?",<em>(No detailed table found)</em>,,,https://jlptsensei.com/learn-japanese-kanji/%e5%a5%88-na-nai-dai-ikan-karanashi-meaning-nara-what/
傷,"wound, hurt, injure, impair, pain, injury, cut, gash, scar, weak point",<em>(No detailed table found)</em>,,,https://jlptsensei.com/learn-japanese-kanji/%e5%82%b7-shou-kizu-itamu-meaning-wound-hurt-injure-impair-pain-injury-cut-gash-scar-weak-point/
択,"choose, select, elect, prefer",<em>(No detailed table found)</em>,,,https://jlptsensei.com/learn-japanese-kanji/%e6%8a%9e-taku-erabu-meaning-choose-select-elect-prefer/
秀,"excel, excellence, beauty, surpass",<em>(No detailed table found)</em>,,,https://jlptsensei.com/learn-japanese-kanji/%e7%a7%80-shuu-hiideru-meaning-excel-excellence-beauty-surpass/
徴,"indications, sign, omen, symptom, collect, seek, refer to, question",<em>(No detailed table found)</em>,,,https://jlptsensei.com/learn-japanese-kanji/%e5%be%b4-chou-chi-shirushi-meaning-indications-sign-omen-symptom-collect-seek-refer-to-question/
弾,"Learn Japanese kanji: 【 ダン、 タン / ひ(く)、 -ひ(き)、 はず(む)、 たま、 はじ(く) 】. Meaning: bullet, twang, flip, snap .",<em>(No detailed table found)</em>,Example #1原子爆弾は恐ろしい武器だ。ふりがなromajiEnglishげんしばくだんはおそろしいぶきだ。genshi bakudan wa osoroshii buki da.The atomic bomb is a terrible weapon.,Example #2彼女はどんな曲でも弾ける。ふりがなromajiEnglishかのじょはどんなきょくでもはじける。kanojo wa donna kyoku demo hajikeru.She can play any song.,https://jlptsensei.com/learn-japanese-kanji/%e5%bc%be-dan-tan-hiku-hiki-hazumu-tama-hajiku-tadasu-meaning-bullet-twang-flip-snap/
償,"reparation, make up for, recompense, redeem",<em>(No detailed table found)</em>,,,https://jlptsensei.com/learn-japanese-kanji/%e5%84%9f-shou-tsugunau-meaning-reparation-make-up-for-recompense-redeem/
功,"achievement, merits, success, honor, credit",<em>(No detailed table found)</em>,,,https://jlptsensei.com/learn-japanese-kanji/%e5%8a%9f-kou-ko-isao-meaning-achievement-merits-success-honor-credit/
拠,"Learn Japanese kanji: 【 キョ、 コ / よ(る) 】. Meaning: foothold, based on, follow, therefore .",<em>(No detailed table found)</em>,Example #1この証拠は君の利益になる。ふりがなromajiEnglishこのしょうこはきみのりえきになる。kono shouko wa kimi no rieki ni naru.This evidence is to your advantage.,Example #2我が社の本拠地は東京である。ふりがなromajiEnglishわがしゃのほんきょちはとうきょうである。waga sha no honkyochi wa Toukyou de aru.Our company's base is in Tokyo.,https://jlptsensei.com/learn-japanese-kanji/%e6%8b%a0-kyo-ko-yoru-meaning-foothold-based-on-follow-therefore/
秘,"secret, conceal",<em>(No detailed table found)</em>,,,https://jlptsensei.com/learn-japanese-kanji/%e7%a7%98-hi-himeru-hisoka-kakusu-meaning-secret-conceal/
拒,"repel, refuse, reject, decline",<em>(No detailed table found)</em>,,,https://jlptsensei.com/learn-japanese-kanji/%e6%8b%92-kyo-go-kobamu-meaning-repel-refuse-reject-decline/
刑,"punish, penalty, sentence, punishment",<em>(No detailed table found)</em>,,,https://jlptsensei.com/learn-japanese-kanji/%e5%88%91-kei-meaning-punish-penalty-sentence-punishment/
塚,"hillock, mound",<em>(No detailed table found)</em>,,,https://jlptsensei.com/learn-japanese-kanji/%e5%a1%9a-chou-tsuka-dzuka-meaning-hillock-mound/
致,"doth, do, send, forward, cause, exert, incur, engage",<em>(No detailed table found)</em>,,,https://jlptsensei.com/learn-japanese-kanji/%e8%87%b4-chi-itasu-meaning-doth-do-send-forward-cause-exert-incur-engage/
繰,"winding, reel, spin, turn (pages), look up, refer to",<em>(No detailed table found)</em>,,,https://jlptsensei.com/learn-japanese-kanji/%e7%b9%b0-sou-kuru-meaning-winding-reel-spin-turn-pages-look-up-refer-to/
尾,"tail, end, counter for fish, lower slope of mountain",<em>(No detailed table found)</em>,,,https://jlptsensei.com/learn-japanese-kanji/%e5%b0%be-bi-o-meaning-tail-end-counter-for-fish-lower-slope-of-mountain/
描,"sketch, compose, write, draw, paint",<em>(No detailed table found)</em>,,,https://jlptsensei.com/learn-japanese-kanji/%e6%8f%8f-byou-egaku-kaku-meaning-sketch-compose-write-draw-paint/
鈴,"Learn Japanese kanji: 【 レイ、 リン / すず 】. Meaning: small bell, buzzer .",<em>(No detailed table found)</em>,Example #1ボタンを押すと鈴が鳴る。ふりがなromajiEnglishボタンをおすとすずがなる。botan o osu to suzu ga naru.When you press the button the bell rings.,Example #2風鈴の音色が大好きです。ふりがなromajiEnglishふうりんのねいろがだいすきです。fuurin no neiro ga daisuki desu.I love the sound of wind chimes.,https://jlptsensei.com/learn-japanese-kanji/%e9%88%b4-rei-rin-suzu-meaning-small-bell-buzzer/
盤,"tray, shallow bowl, platter, tub, board, phonograph record",<em>(No detailed table found)</em>,,,https://jlptsensei.com/learn-japanese-kanji/%e7%9b%a4-ban-meaning-tray-shallow-bowl-platter-tub-board-phonograph-record/
項,"Learn Japanese kanji: 【 コウ / うなじ 】. Meaning: paragraph, nape of neck, clause, item, term (expression) .",<em>(No detailed table found)</em>,Example #1私はこの項目に回答した。ふりがなromajiEnglishわたしはこのこうもくにかいとうした。watashi wa kono koumoku ni kaitou shita.I answered this item.,Example #2それは一番の優先事項です。ふりがなromajiEnglishそれはいちばんのゆうせんじこうです。sore wa ichiban no yuusen jikou desu.That is the number one priority.,https://jlptsensei.com/learn-japanese-kanji/%e9%a0%85-kou-unaji-meaning-paragraph-nape-of-neck-clause-item-term-expression/
喪,"miss, mourning",<em>(No detailed table found)</em>,,,https://jlptsensei.com/learn-japanese-kanji/%e5%96%aa-sou-mo-meaning-miss-mourning/
伴,"consort, accompany, bring with, companion",<em>(No detailed table found)</em>,,,https://jlptsensei.com/learn-japanese-kanji/%e4%bc%b4-han-ban-tomonau-meaning-consort-accompany-bring-with-companion/
養,"foster, bring up, rear, develop, nurture",<em>(No detailed table found)</em>,,,https://jlptsensei.com/learn-japanese-kanji/%e9%a4%8a-you-ryou-yashinau-meaning-foster-bring-up-rear-develop-nurture/
懸,"Learn Japanese kanji: 【 ケン、 ケ / か(ける) 】. Meaning: state of suspension, hang, depend, consult, distant, far apart .",<em>(No detailed table found)</em>,Example #1彼らは一生懸命に働く。ふりがなromajiEnglishかれらはいっしょうけんめいにはたらく。karera wa isshou kenmei ni hataraku.They work very hard.,Example #2彼はそれを命懸けで守った。ふりがなromajiEnglishかれはそれをいのちがけでまもった。kare wa sore o inochigake de mamotta.He defended it with his life.,https://jlptsensei.com/learn-japanese-kanji/%e6%87%b8-ken-ke-kakeru-meaning-state-of-suspension-hang-depend-consult-distant-far-apart/
街,"boulevard, street, town",<em>(No detailed table found)</em>,,,https://jlptsensei.com/learn-japanese-kanji/%e8%a1%97-gai-kai-machi-meaning-boulevard-street-town/
契,"pledge, promise, vow",<em>(No detailed table found)</em>,,,https://jlptsensei.com/learn-japanese-kanji/%e5%a5%91-kei-chigiru-meaning-pledge-promise-vow/
掲,"put up (a notice), put up, hoist, display, hang out, publish, describe",<em>(No detailed table found)</em>,,,https://jlptsensei.com/learn-japanese-kanji/%e6%8e%b2-kei-kakageru-meaning-put-up-a-notice-put-up-hoist-display-hang-out-publish-describe/
躍,"leap, dance, skip",<em>(No detailed table found)</em>,,,https://jlptsensei.com/learn-japanese-kanji/%e8%ba%8d-yaku-odoru-meaning-leap-dance-skip/
棄,"abandon, throw away, discard, resign, reject, sacrifice",<em>(No detailed table found)</em>,,,https://jlptsensei.com/learn-japanese-kanji/%e6%a3%84-ki-suteru-meaning-abandon-throw-away-discard-resign-reject-sacrifice/
邸,"residence, mansion",<em>(No detailed table found)</em>,,,https://jlptsensei.com/learn-japanese-kanji/%e9%82%b8-tei-yashiki-meaning-residence-mansion/
縮,"shrink, contract, shrivel, wrinkle, reduce",<em>(No detailed table found)</em>,,,https://jlptsensei.com/learn-japanese-kanji/%e7%b8%ae-shuku-chidjimu-meaning-shrink-contract-shrivel-wrinkle-reduce/
還,"send back, return",<em>(No detailed table found)</em>,,,https://jlptsensei.com/learn-japanese-kanji/%e9%82%84-kan-kaeru-meaning-send-back-return/
属,"belong, genus, subordinate official, affiliated",<em>(No detailed table found)</em>,,,https://jlptsensei.com/learn-japanese-kanji/%e5%b1%9e-zoku-shoku-sakan-tsuku-yakara-meaning-belong-genus-subordinate-official-affiliated/
慮,"prudence, thought, concern, consider, deliberate, fear",<em>(No detailed table found)</em>,,,https://jlptsensei.com/learn-japanese-kanji/%e6%85%ae-ryo-omonpakuru-meaning-prudence-thought-concern-consider-deliberate-fear/
枠,"frame, framework, spindle, spool, bounding-box",<em>(No detailed table found)</em>,,,https://jlptsensei.com/learn-japanese-kanji/%e6%9e%a0-waku-meaning-frame-framework-spindle-spool-bounding-box/
恵,"favor, blessing, grace, kindness",<em>(No detailed table found)</em>,,,https://jlptsensei.com/learn-japanese-kanji/%e6%81%b5-kei-e-megumu-meaning-favor-blessing-grace-kindness/
露,"dew, tears, expose, Russia",<em>(No detailed table found)</em>,,,https://jlptsensei.com/learn-japanese-kanji/%e9%9c%b2-ro-rou-tsuyu-meaning-dew-tears-expose-russia/
沖,"Learn Japanese kanji: 【 チュウ / おき、 おきつ、 ちゅう(する)、 わく 】. Meaning: open sea, offing, rise high into sky .",<em>(No detailed table found)</em>,,,https://jlptsensei.com/learn-japanese-kanji/%e6%b2%96-chuu-oki-okitsu-chuusuru-waku-meaning-open-sea-offing-rise-high-into-sky/
緩,"slacken, loosen, relax, lessen, be moderate, ease",<em>(No detailed table found)</em>,,,https://jlptsensei.com/learn-japanese-kanji/%e7%b7%a9-kan-yurui-meaning-slacken-loosen-relax-lessen-be-moderate-ease/
節,"Learn Japanese kanji: 【 セツ、 セチ / ふし、 -ぶし、 のっと 】. Meaning: node, season, period, occasion, verse, clause, stanza, honor, joint, knuckle, knob, knot, tune,...",<em>(No detailed table found)</em>,,,https://jlptsensei.com/learn-japanese-kanji/%e7%af%80-setsu-sechi-fushi-bushi-notto-meaning-node-season-period-occasion/
需,"demand, request, need",<em>(No detailed table found)</em>,,,https://jlptsensei.com/learn-japanese-kanji/%e9%9c%80-ju-meaning-demand-request-need/
射,"Learn Japanese kanji: 【 シャ / い(る)、 さ(す)、 う(つ) 】. Meaning: shoot, shine into, onto, archery .",<em>(No detailed table found)</em>,,,https://jlptsensei.com/learn-japanese-kanji/%e5%b0%84-sha-iru-sasu-utsu-meaning-shoot-shine-into-onto-archery/
購,"subscription, buy",<em>(No detailed table found)</em>,,,https://jlptsensei.com/learn-japanese-kanji/%e8%b3%bc-kou-subscription-buy/
揮,"Learn Japanese kanji: 【 キ / ふる(う) 】. Meaning: brandish, wave, wag, swing, shake .",<em>(No detailed table found)</em>,,,https://jlptsensei.com/learn-japanese-kanji/%e6%8f%ae-ki-furuu-meaning-brandish-wave-wag-swing-shake/
充,"Learn Japanese kanji: 【 ジュウ / あ(てる)、 み(たす) 】. Meaning: allot, fill .",<em>(No detailed table found)</em>,,,https://jlptsensei.com/learn-japanese-kanji/%e5%85%85-juu-ateru-mitasu-meaning-allot-fill/
貢,"Learn Japanese kanji: 【 コウ、 ク / みつ(ぐ) 】. Meaning: tribute, support, finance .",<em>(No detailed table found)</em>,,,https://jlptsensei.com/learn-japanese-kanji/%e8%b2%a2-kou-ku-mitsugu-meaning-tribute-support-finance/
鹿,Learn Japanese kanji: 【 ロク / しか、 か 】. Meaning: deer.,<em>(No detailed table found)</em>,,,https://jlptsensei.com/learn-japanese-kanji/%e9%b9%bf-roku-shika-ka-meaning-deer/
却,"instead, on the contrary, rather, step back, withdraw, retreat",<em>(No detailed table found)</em>,,,https://jlptsensei.com/learn-japanese-kanji/%e5%8d%b4-kyaku-kaette-shirizoku-meaning-instead-on-the-contrary-rather-step-back-withdraw-retreat/
端,"Learn Japanese kanji: 【 タン / はし、 は、 はた、 -ばた、 はな 】. Meaning: edge, origin, end, point, border, verge, cape .",<em>(No detailed table found)</em>,,,https://jlptsensei.com/learn-japanese-kanji/%e7%ab%af-tan-hashi-ha-hata-meaning-edge-origin-end-point-border/
賃,"Learn Japanese kanji: 【 チン 】. Meaning: fare, fee, hire, rent, wages, charge .",<em>(No detailed table found)</em>,,,https://jlptsensei.com/learn-japanese-kanji/%e8%b3%83-chin-meaning-fare-fee-hire-rent-wages-charge/
獲,"seize, get, find, earn, acquire, can, may, able to",<em>(No detailed table found)</em>,,,https://jlptsensei.com/learn-japanese-kanji/%e7%8d%b2-kaku-eru-meaning-seize-get-find-earn/
郡,"Learn Japanese kanji: 【 グン / こおり 】. Meaning: county, district .",<em>(No detailed table found)</em>,,,https://jlptsensei.com/learn-japanese-kanji/%e9%83%a1-gun-koori-meaning-county-district/
併,"join, get together, unite, collective",<em>(No detailed table found)</em>,,,https://jlptsensei.com/learn-japanese-kanji/%e4%bd%b5-hei-awaseru-meaning-join-get-together-unite-collective/
徹,"penetrate, clear, pierce, strike home, sit up (all night)",<em>(No detailed table found)</em>,,,https://jlptsensei.com/learn-japanese-kanji/%e5%be%b9-tetsu-meaning-penetrate-clear-pierce/
貴,"precious, value, prize, esteem, honor",<em>(No detailed table found)</em>,,,https://jlptsensei.com/learn-japanese-kanji/%e8%b2%b4-ki-tattoi-toutoi-meaning-precious-value-prize-esteem-honor/
埼,"cape, spit, promontory",<em>(No detailed table found)</em>,,,https://jlptsensei.com/learn-japanese-kanji/%e5%9f%bc-ki-saki-sai-meaning-cape-spit-promontory/
衝,"collide, brunt, highway, opposition (astronomy), thrust, pierce, stab, prick",<em>(No detailed table found)</em>,,,https://jlptsensei.com/learn-japanese-kanji/%e8%a1%9d-shou-tsuku-meaning-collide-brunt-pierce-stab-prick/
焦,"char, hurry, impatient, irritate, burn, scorch, singe",<em>(No detailed table found)</em>,,,https://jlptsensei.com/learn-japanese-kanji/%e7%84%a6-shou-kogeru-meaning-burn-scorch-singe/
奪,"rob, take by force, snatch away, dispossess, plunder, usurp",<em>(No detailed table found)</em>,,,https://jlptsensei.com/learn-japanese-kanji/%e5%a5%aa-datsu-ubau-meaning-rob-take-by-force-snatch-away/
災,"disaster, calamity, woe, curse, evil",<em>(No detailed table found)</em>,,,https://jlptsensei.com/learn-japanese-kanji/%e7%81%bd-sai-wazawai-meaning-disaster-calamity-woe-curse-evil/
浦,"bay, creek, inlet, gulf, beach, seacoast",<em>(No detailed table found)</em>,,,https://jlptsensei.com/learn-japanese-kanji/%e6%b5%a6-ho-ura-meaning-bay-creek-inlet-gulf-beach-seacoast/
析,"chop, divide, tear, analyze",<em>(No detailed table found)</em>,,,https://jlptsensei.com/learn-japanese-kanji/%e6%9e%90-seki-meaning-chop-divide-tear-analyze/
譲,"defer, turnover, transfer, convey",<em>(No detailed table found)</em>,,,https://jlptsensei.com/learn-japanese-kanji/%e8%ad%b2-jou-yuzuru-meaning-defer-turnover-transfer-convey/
称,"appellation, praise, admire, name, title, fame",<em>(No detailed table found)</em>,,,https://jlptsensei.com/learn-japanese-kanji/%e7%a7%b0-shou-tataeru-tonaeru-meaning-appellation-praise-admire-name-title-fame/
納,"settlement, obtain, reap, pay, supply, store",<em>(No detailed table found)</em>,,,https://jlptsensei.com/learn-japanese-kanji/%e7%b4%8d-nou-natsu-osameru-meaning-settlement-obtain-reap-pay-supply-store/
樹,"timber, trees, wood, establish, set up",<em>(No detailed table found)</em>,,,https://jlptsensei.com/learn-japanese-kanji/%e6%a8%b9-ju-ki-meaning-timber-trees-wood-establish-set-up/
挑,"challenge, contend for, make love to",<em>(No detailed table found)</em>,,,https://jlptsensei.com/learn-japanese-kanji/%e6%8c%91-chou-idomu-meaning-challenge-contend-for/
誘,"entice, lead, tempt, invite, ask, call for, seduce, allure",<em>(No detailed table found)</em>,,,https://jlptsensei.com/learn-japanese-kanji/%e8%aa%98-yuu-sasou-meaning-entice-lead-tempt-invite-ask-call-for-seduce-allure/
紛,"distract, be mistaken for, go astray, divert",<em>(No detailed table found)</em>,,,https://jlptsensei.com/learn-japanese-kanji/%e7%b4%9b-fun-magireru-magire-meaning-distract-be-mistaken-for-go-astray-divert/
至,"climax, arrive, proceed, reach, attain, result in",<em>(No detailed table found)</em>,,,https://jlptsensei.com/learn-japanese-kanji/%e8%87%b3-shi-itaru-meaning-climax-arrive-proceed-reach-attain-result-in/
宗,"religion, sect, denomination, main point, origin, essence",<em>(No detailed table found)</em>,,,https://jlptsensei.com/learn-japanese-kanji/%e5%ae%97-shuu-sou-mune-meaning-religion-sect-denomination-main-point-origin-essence/
促,"stimulate, urge, press, demand, incite",<em>(No detailed table found)</em>,,,https://jlptsensei.com/learn-japanese-kanji/%e4%bf%83-soku-unagasu-meaning-stimulate-urge-press-demand-incite/
慎,"humility, be careful, discreet, prudent",<em>(No detailed table found)</em>,,,https://jlptsensei.com/learn-japanese-kanji/%e6%85%8e-shin-tsutsushimu-tsutsumashii-tsutsushi-meaning-humility-be-careful-discreet-prudent/
控,"withdraw, draw in, hold back, refrain from, be moderate",<em>(No detailed table found)</em>,,,https://jlptsensei.com/learn-japanese-kanji/%e6%8e%a7-kou-hikaeru-meaning-withdraw-draw-in-hold-back-refrain-from-be-moderate/
智,"wisdom, intellect, reason",<em>(No detailed table found)</em>,,,https://jlptsensei.com/learn-japanese-kanji/%e6%99%ba-chi-meaning-wisdom-intellect-reason/
握,"grip, hold, mould sushi, bribe",<em>(No detailed table found)</em>,,,https://jlptsensei.com/learn-japanese-kanji/%e6%8f%a1-aku-nigiru-meaning-grip-hold-mould-sushi-bribe/
宙,"Learn Japanese kanji: 【 チュウ 】. Meaning: mid-air, air, space, sky, memorization, interval of time.",<em>(No detailed table found)</em>,,,https://jlptsensei.com/learn-japanese-kanji/%e5%ae%99-chuu-meaning-mid-air-air-space-sky-memorization-interval-of-time/
俊,"sagacious, genius, excellence",<em>(No detailed table found)</em>,,,https://jlptsensei.com/learn-japanese-kanji/%e4%bf%8a-shun-meaning-sagacious-genius-excellence/
銭,"coin, .01 yen, money",<em>(No detailed table found)</em>,,,https://jlptsensei.com/learn-japanese-kanji/%e9%8a%ad-sen-zen-zeni-suki-meaning-coin-01-yen-money/
渋,"astringent, hesitate, reluctant, have diarrhea",<em>(No detailed table found)</em>,,,https://jlptsensei.com/learn-japanese-kanji/%e6%b8%8b-juu-shibui-meaning-astringent-hesitate-reluctant-have-diarrhea/
銃,"gun, arms",<em>(No detailed table found)</em>,,,https://jlptsensei.com/learn-japanese-kanji/%e9%8a%83-juu-tsutsu-meaning-gun-arms/
操,"maneuver, manipulate, operate, steer, chastity, virginity, fidelity",<em>(No detailed table found)</em>,,,https://jlptsensei.com/learn-japanese-kanji/%e6%93%8d-sou-misao-ayatsuru-meaning-maneuver-manipulate-operate-steer/
携,"portable, carry (in hand), armed with, bring along",<em>(No detailed table found)</em>,,,https://jlptsensei.com/learn-japanese-kanji/%e6%90%ba-kei-tazusaeru-meaning-portable-carry-in-hand-armed-with-bring-along/
診,"checkup, seeing, diagnose, examine",<em>(No detailed table found)</em>,,,https://jlptsensei.com/learn-japanese-kanji/%e8%a8%ba-shin-miru-meaning-checkup-seeing-diagnose-examine/
託,"consign, requesting, entrusting with, pretend, hint",<em>(No detailed table found)</em>,,,https://jlptsensei.com/learn-japanese-kanji/%e8%a8%97-taku-kakotsukeru-meaning-consign-requesting-entrusting-with/
撮,"snapshot, take pictures",<em>(No detailed table found)</em>,,,https://jlptsensei.com/learn-japanese-kanji/%e6%92%ae-satsu-toru-meaning-snapshot-take-pictures/
誕,"nativity, be born, declension, lie, be arbitrary",<em>(No detailed table found)</em>,,,https://jlptsensei.com/learn-japanese-kanji/%e8%aa%95-tan-meaning-nativity-be-born/
侵,"encroach, invade, raid, trespass, violate",<em>(No detailed table found)</em>,,,https://jlptsensei.com/learn-japanese-kanji/%e4%be%b5-shin-okasu-meaning-encroach-invade-raid-trespass-violate/
括,"Learn Japanese kanji: 【 カツ / くく(る) 】. Meaning: fasten, tie up, arrest, constrict .",<em>(No detailed table found)</em>,,,https://jlptsensei.com/learn-japanese-kanji/%e6%8b%ac-katsu-kukuru-meaning-fasten-tie-up-arrest-constrict/
謝,"apologize, thank, refuse",<em>(No detailed table found)</em>,,,https://jlptsensei.com/learn-japanese-kanji/%e8%ac%9d-sha-ayamaru-meaning-apologize-thank-refuse/
孝,"Learn Japanese kanji: 【 コウ、 キョウ 】. Meaning: filial piety, child’s respect .",<em>(No detailed table found)</em>,,,https://jlptsensei.com/learn-japanese-kanji/%e5%ad%9d-kou-kyou-meaning-filial-piety-childs-respect/
駆,"drive, run, gallop, advance, inspire, impel",<em>(No detailed table found)</em>,,,https://jlptsensei.com/learn-japanese-kanji/%e9%a7%86-ku-kakeru-meaning-drive-run-gallop-advance-inspire-impel/
透,"transparent, permeate, filter, penetrate",<em>(No detailed table found)</em>,,,https://jlptsensei.com/learn-japanese-kanji/%e9%80%8f-tou-suku-touru-meaning-transparent-permeate-filter-penetrate/
津,"haven, port, harbor, ferry",<em>(No detailed table found)</em>,,,https://jlptsensei.com/learn-japanese-kanji/%e6%b4%a5-shin-tsu-meaning-haven-port-harbor-ferry/
壁,"wall, lining (stomach), fence",<em>(No detailed table found)</em>,,,https://jlptsensei.com/learn-japanese-kanji/%e5%a3%81-heki-kabe-meaning-wall-fance/
稲,rice plant,<em>(No detailed table found)</em>,,,https://jlptsensei.com/learn-japanese-kanji/%e7%a8%b2-tou-te-ine-ina-meaning-rice-plant/
仮,"sham, temporary, interim, assumed (name), informal",<em>(No detailed table found)</em>,,,https://jlptsensei.com/learn-japanese-kanji/%e4%bb%ae-ka-kari-meaning-sham-temporary-interim-assumed-name-informal/
裂,"split, rend, tear",<em>(No detailed table found)</em>,,,https://jlptsensei.com/learn-japanese-kanji/%e8%a3%82-retsu-saku-meaning-split-rend-tear/
敏,"cleverness, agile, alert",<em>(No detailed table found)</em>,,,https://jlptsensei.com/learn-japanese-kanji/%e6%95%8f-bin-satoi-meaning-cleverness-agile-alert/
是,"just so, this, right, justice",<em>(No detailed table found)</em>,,,https://jlptsensei.com/learn-japanese-kanji/%e6%98%af-ze-kore-meaning-just-so-this-right-justice/
排,"repudiate, exclude, expel, reject, line up, arrange",<em>(No detailed table found)</em>,,,https://jlptsensei.com/learn-japanese-kanji/%e6%8e%92-hai-meaning-repudiate-exclude/
裕,"abundant, rich, fertile",<em>(No detailed table found)</em>,,,https://jlptsensei.com/learn-japanese-kanji/%e8%a3%95-yuu-meaning-abundant-rich-fertile/
堅,"strict, hard, solid, tough, tight, reliable",<em>(No detailed table found)</em>,,,https://jlptsensei.com/learn-japanese-kanji/%e5%a0%85-ken-katai-meaning-strict-hard-solid-tough-tight-reliable/
訳,"translate, reason, circumstance, case",<em>(No detailed table found)</em>,,,https://jlptsensei.com/learn-japanese-kanji/%e8%a8%b3-yaku-wake-meaning-translate-reason-circumstance-case/
芝,"turf, lawn",<em>(No detailed table found)</em>,,,https://jlptsensei.com/learn-japanese-kanji/%e8%8a%9d-shi-shiba-meaning-turf-lawn/
綱,"hawser, class (genus), rope, cord, cable",<em>(No detailed table found)</em>,,,https://jlptsensei.com/learn-japanese-kanji/%e7%b6%b1-kou-tsuna-meaning-hawser-class-genus-rope-cord-cable/
典,"code, ceremony, law, rule",<em>(No detailed table found)</em>,,,https://jlptsensei.com/learn-japanese-kanji/%e5%85%b8-ten-fumi-nori-meaning-code-ceremony-law-rule/
賀,"congratulations, joy",<em>(No detailed table found)</em>,,,https://jlptsensei.com/learn-japanese-kanji/%e8%b3%80-ga-meaning-congratulations-joy/
扱,"Learn Japanese kanji: 【 ソウ、 キュウ / あつか(い)、 こ(く) 】. Meaning: handle, entertain, thresh, strip .",<em>(No detailed table found)</em>,,,https://jlptsensei.com/learn-japanese-kanji/%e6%89%b1-sou-kyuu-atsukai-meaning-handle-entertain-thresh-strip/
顧,"look back, review, examine oneself, turn around",<em>(No detailed table found)</em>,,,https://jlptsensei.com/learn-japanese-kanji/%e9%a1%a7-ko-kaerimiru-meaning-look-back-review/
弘,"vast, broad, wide",<em>(No detailed table found)</em>,,,https://jlptsensei.com/learn-japanese-kanji/%e5%bc%98-kou-gu-hiroi-meaning-vast-broad-wide/
看,"watch over, see",<em>(No detailed table found)</em>,,,https://jlptsensei.com/learn-japanese-kanji/%e7%9c%8b-kan-miru-meaning-watch-over-see/
訟,"Learn Japanese kanji: 【 ショウ 】. Meaning: sue, accuse .",<em>(No detailed table found)</em>,,,https://jlptsensei.com/learn-japanese-kanji/%e8%a8%9f-shou-meaning-sue-accuse/
戒,commandment,<em>(No detailed table found)</em>,,,https://jlptsensei.com/learn-japanese-kanji/%e6%88%92-kai-imashimeru-meaning-commandment/
祉,"welfare, happiness",<em>(No detailed table found)</em>,,,https://jlptsensei.com/learn-japanese-kanji/%e7%a5%89-shi-meaning-welfare-happiness/
誉,"Learn Japanese kanji: 【 ヨ / ほま(れ)、 ほ(める) 】. Meaning: reputation, praise, honor, glory .",<em>(No detailed table found)</em>,,,https://jlptsensei.com/learn-japanese-kanji/%e8%aa%89-yo-homeru-meaning-reputation-praise-honor-glory/
歓,"delight, joy",<em>(No detailed table found)</em>,,,https://jlptsensei.com/learn-japanese-kanji/%e6%ad%93-kan-yorokobu-meaning-delight-joy/
奏,"play music, speak to a ruler, complete",<em>(No detailed table found)</em>,,,https://jlptsensei.com/learn-japanese-kanji/%e5%a5%8f-sou-kanaderu-meaning-play-music-speak-to-a-ruler-complete/
勧,"persuade, recommend, advise, encourage, offer",<em>(No detailed table found)</em>,,,https://jlptsensei.com/learn-japanese-kanji/%e5%8b%a7-kan-susumeru-meaning-recommend-advise-encourage/
騒,"boisterous, make noise, clamor, disturb, excite",<em>(No detailed table found)</em>,,,https://jlptsensei.com/learn-japanese-kanji/%e9%a8%92-sou-sawagu-meaning-boisterous-make-noise/
閥,"clique, lineage, pedigree, faction, clan",<em>(No detailed table found)</em>,,,https://jlptsensei.com/learn-japanese-kanji/%e9%96%a5-batsu-meaning-clique-lineage-pedigree-faction-clan/
甲,"armor, high (voice), A grade, first class, former, instep, carapace",<em>(No detailed table found)</em>,,,https://jlptsensei.com/learn-japanese-kanji/%e7%94%b2-kou-kinoe-meaning-armor-high-voice-a-grade-first-class/
縄,"straw rope, cord",<em>(No detailed table found)</em>,,,https://jlptsensei.com/learn-japanese-kanji/%e7%b8%84-jou-nawa-meaning-straw-rope-cord/
郷,"home town, village, native place, district",<em>(No detailed table found)</em>,,,https://jlptsensei.com/learn-japanese-kanji/%e9%83%b7-kyou-sato-meaning-home-town-village-native-place-district/
揺,"Learn Japanese kanji: 【 ヨウ / ゆ(れる)、 うご(く) 】. Meaning: swing, shake, sway, rock, tremble, vibrate .",<em>(No detailed table found)</em>,,,https://jlptsensei.com/learn-japanese-kanji/%e6%8f%ba-you-yureru-meaning-swing-shake-sway/
免,"excuse, dismissal",<em>(No detailed table found)</em>,,,https://jlptsensei.com/learn-japanese-kanji/%e5%85%8d-men-manugareru-meaning-excuse-dismissal/
既,"previously, already, long ago",<em>(No detailed table found)</em>,,,https://jlptsensei.com/learn-japanese-kanji/%e6%97%a2-ki-sudeni-meaning-previously-already-long-ago/
薦,"recommend, mat, advise, encourage, offer",<em>(No detailed table found)</em>,,,https://jlptsensei.com/learn-japanese-kanji/%e8%96%a6-sen-susumeru-meaning-recommend-mat-advise-encourage-offer/
隣,Learn Japanese kanji: 【 リン / とな(る)、 となり 】. Meaning: neighboring.,<em>(No detailed table found)</em>,,,https://jlptsensei.com/learn-japanese-kanji/%e9%9a%a3-rin-tonaru-tonari-meaning-neighboring/
華,"splendor, flower, petal, shine, luster, ostentatious, showy, gay, gorgeous",<em>(No detailed table found)</em>,,,https://jlptsensei.com/learn-japanese-kanji/%e8%8f%af-ka-hana-meaning-splendor-flower-petal-shine/
範,"pattern, example, model",<em>(No detailed table found)</em>,,,https://jlptsensei.com/learn-japanese-kanji/%e7%af%84-han-meaning-pattern-example-model/
隠,"Learn Japanese kanji: 【 イン、 オン / かく(す)、 よ(る) 】. Meaning: conceal, hide, cover .",<em>(No detailed table found)</em>,,,https://jlptsensei.com/learn-japanese-kanji/%e9%9a%a0-in-kakusu-meaning-conceal-hide-cover/
徳,"benevolence, virtue, goodness, commanding respect",<em>(No detailed table found)</em>,,,https://jlptsensei.com/learn-japanese-kanji/%e5%be%b3-toku-meaning-benevolence-virtue-goodness-commanding-respect/
哲,"philosophy, clear",<em>(No detailed table found)</em>,,,https://jlptsensei.com/learn-japanese-kanji/%e5%93%b2-tetsu-satoi-akiraka-meaning-philosophy-clear/
杉,"cedar, cryptomeria",<em>(No detailed table found)</em>,,,https://jlptsensei.com/learn-japanese-kanji/%e6%9d%89-san-sugi-meaning-cedar-cryptomeria/
里,"ri, village, parent's home, league",<em>(No detailed table found)</em>,,,https://jlptsensei.com/learn-japanese-kanji/%e9%87%8c-ri-sato-meaning-ri-village-parents-home-league/
釈,explanation,<em>(No detailed table found)</em>,,,https://jlptsensei.com/learn-japanese-kanji/%e9%87%88-shaku-toku-meaning-explanation/
己,self,<em>(No detailed table found)</em>,,,https://jlptsensei.com/learn-japanese-kanji/%e5%b7%b1-ko-ki-onore-tsuchinoto-na-meaning-self/
妥,"gentle, peace, satisfactory, appropriate",<em>(No detailed table found)</em>,,,https://jlptsensei.com/learn-japanese-kanji/%e5%a6%a5-da-meaning-gentle-peace-satisfactory-appropriate/
威,"intimidate, dignity, majesty, menace, threaten",<em>(No detailed table found)</em>,,,https://jlptsensei.com/learn-japanese-kanji/%e5%a8%81-i-odosu-meaning-intimidate-dignity-majesty-menace-threaten/
豪,"overpowering, great, powerful, excelling, Australia",<em>(No detailed table found)</em>,,,https://jlptsensei.com/learn-japanese-kanji/%e8%b1%aa-gou-erai-meaning-overpowering-great-powerful/
熊,Learn Japanese kanji: 【 ユウ / くま 】. Meaning: bear.,<em>(No detailed table found)</em>,,,https://jlptsensei.com/learn-japanese-kanji/%e7%86%8a-yuu-kuma-meaning-bear/
滞,"stagnate, be delayed, overdue, arrears",<em>(No detailed table found)</em>,,,https://jlptsensei.com/learn-japanese-kanji/%e6%bb%9e-tai-todokooru-meaning-stagnate-be-delayed-overdue-arrears/
微,"delicate, minuteness, insignificance",<em>(No detailed table found)</em>,,,https://jlptsensei.com/learn-japanese-kanji/%e5%be%ae-bi-kasuka-meaning-delicate-minuteness-insignificance/
隆,"hump, high, noble, prosperity",<em>(No detailed table found)</em>,,,https://jlptsensei.com/learn-japanese-kanji/%e9%9a%86-ryuu-meaning-hump-high-noble-prosperity/
症,"symptoms, illness",<em>(No detailed table found)</em>,,,https://jlptsensei.com/learn-japanese-kanji/%e7%97%87-shou-meaning-symptoms-illness/
暫,"temporarily, a while, moment, long time",<em>(No detailed table found)</em>,,,https://jlptsensei.com/learn-japanese-kanji/%e6%9a%ab-zan-shibaraku-meaning-temporarily-a-while-moment-long-time/
忠,"Learn Japanese kanji: 【 チュウ 】. Meaning: loyalty, fidelity, faithfulness .",<em>(No detailed table found)</em>,,,https://jlptsensei.com/learn-japanese-kanji/%e5%bf%a0-chuu-meaning-loyalty-fidelity-faithfulness/
倉,"godown, warehouse, storehouse, cellar, treasury",<em>(No detailed table found)</em>,,,https://jlptsensei.com/learn-japanese-kanji/%e5%80%89-sou-kura-meaning-warehouse-storehouse-cellar-treasury/
彦,"lad, boy (ancient)",<em>(No detailed table found)</em>,,,https://jlptsensei.com/learn-japanese-kanji/%e5%bd%a6-gen-hiko-meaning-lad-boy-ancient/
肝,"liver, pluck, nerve, chutzpah",<em>(No detailed table found)</em>,,,https://jlptsensei.com/learn-japanese-kanji/%e8%82%9d-kan-kimo-meaning-liver-pluck-nerve-chutzpah/
喚,"yell, cry, call, scream, summon",<em>(No detailed table found)</em>,,,https://jlptsensei.com/learn-japanese-kanji/%e5%96%9a-kan-wameku-meaning-yell-cry-call-scream-summon/
沿,"run alongside, follow along, run along, lie along",<em>(No detailed table found)</em>,,,https://jlptsensei.com/learn-japanese-kanji/%e6%b2%bf-en-sou-meaning-run-alongside-follow-along-run-along-lie-along/
妙,"exquisite, strange, queer, mystery, miracle, excellent, delicate, charming",<em>(No detailed table found)</em>,,,https://jlptsensei.com/learn-japanese-kanji/%e5%a6%99-myou-byou-tae-meaning-exquisite-strange-queer/
唱,"Learn Japanese kanji: 【 ショウ / とな(える) 】. Meaning: chant, recite, call upon, yell .",<em>(No detailed table found)</em>,,,https://jlptsensei.com/learn-japanese-kanji/%e5%94%b1-shou-tonaeru-meaning-chant-recite-call-upon-yell/
阿,"Africa, flatter, fawn upon, corner, nook, recess",<em>(No detailed table found)</em>,,,https://jlptsensei.com/learn-japanese-kanji/%e9%98%bf-a-omoneru-meaning-africa-flatter-fawn-upon/
索,"cord, rope, searching, inquiring",<em>(No detailed table found)</em>,,,https://jlptsensei.com/learn-japanese-kanji/%e7%b4%a2-saku-meaning-cord-rope-searching-inquiring/
誠,"sincerity, admonish, warn, prohibit, truth, fidelity",<em>(No detailed table found)</em>,,,https://jlptsensei.com/learn-japanese-kanji/%e8%aa%a0-sei-makoto-meaning-sincerity-admonish-warn-prohibit-truth-fidelity/
襲,"attack, advance on, succeed to, pile, heap",<em>(No detailed table found)</em>,,,https://jlptsensei.com/learn-japanese-kanji/%e8%a5%b2-shuu-osou-kasane-meaning-attack-advance-on/
懇,"sociable, kind, courteous, hospitable, cordial",<em>(No detailed table found)</em>,,,https://jlptsensei.com/learn-japanese-kanji/%e6%87%87-kon-nengoro-meaning-sociable-kind-courteous-hospitable-cordial/
俳,"haiku, actor",<em>(No detailed table found)</em>,,,https://jlptsensei.com/learn-japanese-kanji/%e4%bf%b3-hai-meaning-haiku-actor/
柄,"design, pattern, build, nature, character, handle, crank, grip, knob, shaft",<em>(No detailed table found)</em>,,,https://jlptsensei.com/learn-japanese-kanji/%e6%9f%84-hei-gara-e-meaning-design-pattern-build-nature-character-handle-crank-grip-knob-shaft/
驚,"wonder, be surprised, frightened, amazed",<em>(No detailed table found)</em>,,,https://jlptsensei.com/learn-japanese-kanji/%e9%a9%9a-kyou-odoroku-meaning-wonder-be-surprised-frightened-amazed/
麻,"hemp, flax, numb",<em>(No detailed table found)</em>,,,https://jlptsensei.com/learn-japanese-kanji/%e9%ba%bb-ma-maa-asa-meaning-hemp-flax-numb/
李,plum,<em>(No detailed table found)</em>,,,https://jlptsensei.com/learn-japanese-kanji/%e6%9d%8e-ri-sumomo-meaning-plum/
浩,"wide expanse, abundance, vigorous",<em>(No detailed table found)</em>,,,https://jlptsensei.com/learn-japanese-kanji/%e6%b5%a9-kou-ookii-hiroi-meaning-wide-expanse-abundance-vigorous/
剤,"Learn Japanese kanji: 【 ザイ、 スイ、 セイ / かる、 けず(る) 】. Meaning: dose, medicine, drug .",<em>(No detailed table found)</em>,,,https://jlptsensei.com/learn-japanese-kanji/%e5%89%a4-zai-sui-sei-karu-kezuru-meaning-dose-medicine-drug/
瀬,"rapids, current, torrent, shallows, shoal",<em>(No detailed table found)</em>,,,https://jlptsensei.com/learn-japanese-kanji/%e7%80%ac-rai-se-meaning-rapids-current-torrent-shallows-shoal/
趣,"purport, gist, elegance, interest, proceed to, tend, become",<em>(No detailed table found)</em>,,,https://jlptsensei.com/learn-japanese-kanji/%e8%b6%a3-shu-omomuki-meaning-purport-gist-elegance-interest-proceed-to-tend-become/
陥,"collapse, fall into, cave in, fall (castle), slide into",<em>(No detailed table found)</em>,,,https://jlptsensei.com/learn-japanese-kanji/%e9%99%a5-kan-ochiiru-otoshiireru-meaning-collapse-fall-into-cave-in-fall-castle-slide-into/
斎,"purification, Buddhist food, room, worship, avoid, alike",<em>(No detailed table found)</em>,,,https://jlptsensei.com/learn-japanese-kanji/%e6%96%8e-sai-itsuku-meaning-purification-buddhist-food-room-worship-avoid-alike/
貫,"pierce, 8 1/3lbs, penetrate, brace",<em>(No detailed table found)</em>,,,https://jlptsensei.com/learn-japanese-kanji/%e8%b2%ab-kan-tsuranuku-nuki-meaning-pierce-8-1-3lbs-penetrate-brace/
仙,"hermit, wizard, cent",<em>(No detailed table found)</em>,,,https://jlptsensei.com/learn-japanese-kanji/%e4%bb%99-sen-sento-meaning-hermit-wizard-cent/
慰,"Learn Japanese kanji: 【 イ / なぐさ(める) 】. Meaning: consolation, amusement, seduce, cheer, make sport of, comfort, console .",<em>(No detailed table found)</em>,,,https://jlptsensei.com/learn-japanese-kanji/%e6%85%b0-i-nagusameru-meaning-consolation-amusement-seduce-cheer-make-sport-of-comfort-console/
序,"Learn Japanese kanji: 【 ジョ / つい(で)、 ついで 】. Meaning: preface, beginning, order, precedence, occasion, chance, incidentally .",<em>(No detailed table found)</em>,,,https://jlptsensei.com/learn-japanese-kanji/%e5%ba%8f-jo-tsuide-meaning-preface-beginning-order-precedence-occasion-chance-incidentally/
旬,"decameron, ten-day period, season (for specific products)",<em>(No detailed table found)</em>,,,https://jlptsensei.com/learn-japanese-kanji/%e6%97%ac-jun-shun-meaning-ten-day-period-season/
兼,"concurrently, and, beforehand, in advance",<em>(No detailed table found)</em>,,,https://jlptsensei.com/learn-japanese-kanji/%e5%85%bc-ken-kaneru-meaning-concurrently-and-beforehand-in-advance/
聖,"holy, saint, sage, master, priest",<em>(No detailed table found)</em>,,,https://jlptsensei.com/learn-japanese-kanji/%e8%81%96-sei-shou-hijiri-meaning-holy-saint-sage-master-priest/
旨,"delicious, relish, show a liking for, purport, will, clever, expert",<em>(No detailed table found)</em>,,,https://jlptsensei.com/learn-japanese-kanji/%e6%97%a8-shi-mune-umai-meaning-delicious-relish-show-a-liking-for-purport/
即,"instant, namely, as is, conform, agree, adapt",<em>(No detailed table found)</em>,,,https://jlptsensei.com/learn-japanese-kanji/%e5%8d%b3-soku-sunawachi-meaning-instant-namely-as-is-conform-agree-adapt/
柳,willow,<em>(No detailed table found)</em>,,,https://jlptsensei.com/learn-japanese-kanji/%e6%9f%b3-ryuu-yanagi-meaning-willow/
舎,"cottage, inn, hut, house, mansion",<em>(No detailed table found)</em>,,,https://jlptsensei.com/learn-japanese-kanji/%e8%88%8e-sha-seki-yadoru-meaning-cottage-inn-hut-house-mansion/
偽,"falsehood, lie, deceive, pretend, counterfeit, forgery",<em>(No detailed table found)</em>,,,https://jlptsensei.com/learn-japanese-kanji/%e5%81%bd-gi-itsuwaru-nise-meaning-falsehood-lie-deceive/
較,"contrast, compare",<em>(No detailed table found)</em>,,,https://jlptsensei.com/learn-japanese-kanji/%e8%bc%83-kaku-kou-kuraberu-meaning-contrast-compare/
覇,"hegemony, supremacy, leadership, champion",<em>(No detailed table found)</em>,,,https://jlptsensei.com/learn-japanese-kanji/%e8%a6%87-ha-hatagashira-meaning-hegemony-supremacy-leadership-champion/
畑,"Learn Japanese kanji: 【 はた、 はたけ、 -ばたけ 】. Meaning: farm, field, garden, one’s specialty, (kokuji).",<em>(No detailed table found)</em>,,,https://jlptsensei.com/learn-japanese-kanji/%e7%95%91-hata-hatake-meaning-farm-field-garden/
詳,"Learn Japanese kanji: 【 ショウ / くわ(しい)、 つまび(らか) 】. Meaning: detailed, full, minute, accurate, well-informed.",<em>(No detailed table found)</em>,,,https://jlptsensei.com/learn-japanese-kanji/%e8%a9%b3-shou-kuwashii-tsumabiraka-meaning-detailed-full-minute-accurate-well-informed/
抵,"resist, reach, touch",<em>(No detailed table found)</em>,,,https://jlptsensei.com/learn-japanese-kanji/%e6%8a%b5-tei-meaning-resist-reach-touch/
脅,"threaten, coerce",<em>(No detailed table found)</em>,,,https://jlptsensei.com/learn-japanese-kanji/%e8%84%85-kyou-obiyakasu-odosu-meaning-threaten-coerce/
茂,"overgrown, grow thick, be luxuriant",<em>(No detailed table found)</em>,,,https://jlptsensei.com/learn-japanese-kanji/%e8%8c%82-mo-shigeru-meaning-overgrown-grow-thick-be-luxuriant/
犠,sacrifice,<em>(No detailed table found)</em>,,,https://jlptsensei.com/learn-japanese-kanji/%e7%8a%a0-gi-ki-ikenie-meaning-sacrifice/
旗,"national flag, banner, standard",<em>(No detailed table found)</em>,,,https://jlptsensei.com/learn-japanese-kanji/%e6%97%97-ki-hata-meaning-national-flag-banner-standard/
距,"long-distance, spur, fetlock",<em>(No detailed table found)</em>,,,https://jlptsensei.com/learn-japanese-kanji/%e8%b7%9d-kyo-hedataru-kedzume-meaning-long-distance-spur-fetlock/
雅,"gracious, elegant, graceful, refined",<em>(No detailed table found)</em>,,,https://jlptsensei.com/learn-japanese-kanji/%e9%9b%85-ga-miyabi-meaning-gracious-elegant-graceful-refined/
飾,"decorate, ornament, adorn, embellish",<em>(No detailed table found)</em>,,,https://jlptsensei.com/learn-japanese-kanji/%e9%a3%be-shoku-kazaru-meaning-decorate-ornament-adorn/
網,"netting, network",<em>(No detailed table found)</em>,,,https://jlptsensei.com/learn-japanese-kanji/%e7%b6%b2-mou-ami-meaning-netting-network/
竜,"dragon, imperial",<em>(No detailed table found)</em>,,,https://jlptsensei.com/learn-japanese-kanji/%e7%ab%9c-ryuu-tatsu-ise-meaning-dragon-imperial/
詩,"poem, poetry",<em>(No detailed table found)</em>,,,https://jlptsensei.com/learn-japanese-kanji/%e8%a9%a9-shi-uta-meaning-poem-poetry/
繁,"luxuriant, thick, overgrown, frequency, complexity, trouble",<em>(No detailed table found)</em>,,,https://jlptsensei.com/learn-japanese-kanji/%e7%b9%81-han-shigeku-meaning-luxuriant-thick-overgrown-frequency-complexity-trouble/
翼,"wing, plane, flank",<em>(No detailed table found)</em>,,,https://jlptsensei.com/learn-japanese-kanji/%e7%bf%bc-yoku-tsubasa-meaning-wing-plane-flank/
茨,"briar, thorn",<em>(No detailed table found)</em>,,,https://jlptsensei.com/learn-japanese-kanji/%e8%8c%a8-shi-ibara-meaning-briar-thorn/
潟,lagoon,<em>(No detailed table found)</em>,,,https://jlptsensei.com/learn-japanese-kanji/%e6%bd%9f-seki-kata-meaning-lagoon/
敵,"enemy, foe, opponent",<em>(No detailed table found)</em>,,,https://jlptsensei.com/learn-japanese-kanji/%e6%95%b5-teki-kataki-meaning-enemy-foe-opponent/
魅,"fascination, charm, bewitch",<em>(No detailed table found)</em>,,,https://jlptsensei.com/learn-japanese-kanji/%e9%ad%85-mi-meaning-fascination-charm-bewitch/
嫌,"Learn Japanese kanji: 【 ケン、 ゲン / きら(い)、 いや 】. Meaning: dislike, detest, hate .",<em>(No detailed table found)</em>,,,https://jlptsensei.com/learn-japanese-kanji/%e5%ab%8c-ken-gen-kirai-iya-meaning-dislike-detest-hate/
斉,"Learn Japanese kanji: 【 セイ、 サイ / そろ(う)、 ひと(しい)、 あたる、 はやい 】. Meaning: adjusted, alike, equal, similar variety of .",<em>(No detailed table found)</em>,,,https://jlptsensei.com/learn-japanese-kanji/%e6%96%89-sei-sai-hitoshii-meaning-adjusted-alike-equal-similar-variety-of/
敷,"spread, pave, sit, promulgate",<em>(No detailed table found)</em>,,,https://jlptsensei.com/learn-japanese-kanji/%e6%95%b7-fu-shiku-shiki-meaning-spread-pave-sit-promulgate/
擁,"hug, embrace, possess, protect, lead",<em>(No detailed table found)</em>,,,https://jlptsensei.com/learn-japanese-kanji/%e6%93%81-yoku-meaning-hug-embrace-possess-protect-lead/
圏,"sphere, circle, radius, range",<em>(No detailed table found)</em>,,,https://jlptsensei.com/learn-japanese-kanji/%e5%9c%8f-ken-kakoi-meaning-sphere-circle-radius-range/
酸,"acid, bitterness, sour, tart",<em>(No detailed table found)</em>,,,https://jlptsensei.com/learn-japanese-kanji/%e9%85%b8-san-sui-meaning-acid-bitterness-sour-tart/
罰,"penalty, punishment",<em>(No detailed table found)</em>,,,https://jlptsensei.com/learn-japanese-kanji/%e7%bd%b0-batsu-bachi-hatsu-bassuru-meaning-penalty-punishment/
滅,"Learn Japanese kanji: 【 メツ / ほろ(びる)、 ほろ(ぶ)、 ほろ(ぼす) 】. Meaning: destroy, ruin, overthrow, perish.",<em>(No detailed table found)</em>,,,https://jlptsensei.com/learn-japanese-kanji/%e6%bb%85-metsu-horobiru-horobu-horobasu-meaning-destroy-ruin-overthrow-perish/
礎,"cornerstone, foundation stone",<em>(No detailed table found)</em>,,,https://jlptsensei.com/learn-japanese-kanji/%e7%a4%8e-so-ishizue-meaning-cornerstone-foundation-stone/
腐,"rot, decay, sour",<em>(No detailed table found)</em>,,,https://jlptsensei.com/learn-japanese-kanji/%e8%85%90-fu-kusaru-meaning-rot-decay-sour/
脚,"skids, leg, undercarriage, lower part, base",<em>(No detailed table found)</em>,,,https://jlptsensei.com/learn-japanese-kanji/%e8%84%9a-kyaku-kya-kaku-ashi-meaning-skids-leg-undercarriage-lower-part-base/
菱,"diamond (shape), water chestnut, rhombus",<em>(No detailed table found)</em>,,,https://jlptsensei.com/learn-japanese-kanji/%e8%8f%b1-ryou-hishi-meaning-diamond-shape-water-chestnut-rhombus/
潮,"tide, salt water, opportunity",<em>(No detailed table found)</em>,,,https://jlptsensei.com/learn-japanese-kanji/%e6%bd%ae-chou-shio-ushio-meaning-tide-salt-water-opportunity/
梅,plum,<em>(No detailed table found)</em>,,,https://jlptsensei.com/learn-japanese-kanji/%e6%a2%85-bai-ume-meaning-plum/
尽,"exhaust, use up, run out of, deplete, befriend, serve",<em>(No detailed table found)</em>,,,https://jlptsensei.com/learn-japanese-kanji/%e5%b0%bd-jin-tsukiru-tsukusu-meaning-exhaust-use-up-run-out-of-deplete-befriend-serve/
僕,"me, I (male), servant, manservant",<em>(No detailed table found)</em>,,,https://jlptsensei.com/learn-japanese-kanji/%e5%83%95-boku-shimobe-meaning-me-i-male-servant-manservant/
桜,cherry,<em>(No detailed table found)</em>,,,https://jlptsensei.com/learn-japanese-kanji/%e6%a1%9c-ou-you-sakura-meaning-cherry/
滑,"slippery, slide, slip, fail exam",<em>(No detailed table found)</em>,,,https://jlptsensei.com/learn-japanese-kanji/%e6%bb%91-katsu-kotsu-suberu-nameraka-meaning-slippery-slide-slip-fail-exam/
孤,"orphan, alone",<em>(No detailed table found)</em>,,,https://jlptsensei.com/learn-japanese-kanji/%e5%ad%a4-ko-meaning-orphan-alone/
煕,shine,<em>(No detailed table found)</em>,,,https://jlptsensei.com/learn-japanese-kanji/%e7%85%95-ki-tanoshimu-hikaru-meaning-shine/
炎,"inflammation, flame, blaze",<em>(No detailed table found)</em>,,,https://jlptsensei.com/learn-japanese-kanji/%e7%82%8e-en-honoo-meaning-inflammation-flame-blaze/
賠,"compensation, indemnify",<em>(No detailed table found)</em>,,,https://jlptsensei.com/learn-japanese-kanji/%e8%b3%a0-bai-meaning-compensation-indemnify/
句,"phrase, clause, sentence, passage, paragraph, counter for haiku",<em>(No detailed table found)</em>,,,https://jlptsensei.com/learn-japanese-kanji/%e5%8f%a5-ku-meaning-phrase-clause-sentence-passage-paragraph-counter-for-haiku/
寿,"longevity, congratulations, one's natural life",<em>(No detailed table found)</em>,,,https://jlptsensei.com/learn-japanese-kanji/%e5%af%bf-ju-su-kotobuki-kotobuku-kotohogu-meaning-longevity-congratulations-ones-natural-life/
鋼,steel,<em>(No detailed table found)</em>,,,https://jlptsensei.com/learn-japanese-kanji/%e9%8b%bc-kou-hagane-meaning-steel/
頑,"stubborn, foolish, firmly",<em>(No detailed table found)</em>,,,https://jlptsensei.com/learn-japanese-kanji/%e9%a0%91-gan-katakuna-meaning-stubborn-foolish-firmly/
鎖,"chain, irons, connection",<em>(No detailed table found)</em>,,,https://jlptsensei.com/learn-japanese-kanji/%e9%8e%96-sa-kusari-tozasu-meaning-chain-irons-connection/
彩,"coloring, paint, makeup",<em>(No detailed table found)</em>,,,https://jlptsensei.com/learn-japanese-kanji/%e5%bd%a9-sai-irodoru-meaning-coloring-paint-makeup/
摩,"Learn Japanese kanji: 【 マ / ま(する)、 さす(る)、 す(る) 】. Meaning: chafe, rub, polish, grind, scrape.",<em>(No detailed table found)</em>,,,https://jlptsensei.com/learn-japanese-kanji/%e6%91%a9-ma-masuru-sasuru-meaning-chafe-rub-polish-grind-scrape/
励,"encourage, be diligent, inspire",<em>(No detailed table found)</em>,,,https://jlptsensei.com/learn-japanese-kanji/%e5%8a%b1-rei-hagemu-hagemasu-meaning-encourage-be-diligent-inspire/
縦,"vertical, length, height, self-indulgent, wayward",<em>(No detailed table found)</em>,,,https://jlptsensei.com/learn-japanese-kanji/%e7%b8%a6-juu-tate-meaning-vertical-length-height-self-indulgent-wayward/
輝,"radiance, shine, sparkle, gleam, twinkle",<em>(No detailed table found)</em>,,,https://jlptsensei.com/learn-japanese-kanji/%e8%bc%9d-ki-kagayaku-meaning-radiance-shine-sparkle-gleam-twinkle/
蓄,"amass, raise, hoard, store",<em>(No detailed table found)</em>,,,https://jlptsensei.com/learn-japanese-kanji/%e8%93%84-chiku-takuwaeru-meaning-amass-raise-hoard-store/
軸,"Learn Japanese kanji: 【 ジク 】. Meaning: axis, pivot, stem, stalk, counter for book scrolls.",<em>(No detailed table found)</em>,,,https://jlptsensei.com/learn-japanese-kanji/%e8%bb%b8-jiku-meaning-axis-pivot-stem-stalk-counter-for-book-scrolls/
巡,"patrol, go around, circumference",<em>(No detailed table found)</em>,,,https://jlptsensei.com/learn-japanese-kanji/%e5%b7%a1-jun-meguru-meguri-meaning-patrol-go-around-circumference/
稼,"earnings, work, earn money",<em>(No detailed table found)</em>,,,https://jlptsensei.com/learn-japanese-kanji/%e7%a8%bc-ka-kasegu-meaning-earnings-work-earn-money/
瞬,"wink, blink, twinkle",<em>(No detailed table found)</em>,,,https://jlptsensei.com/learn-japanese-kanji/%e7%9e%ac-shun-matataku-majirogu-meaning-wink-blink-twinkle/
砲,"cannon, gun",<em>(No detailed table found)</em>,,,https://jlptsensei.com/learn-japanese-kanji/%e7%a0%b2-hou-meaning-cannon-gun/
噴,"erupt, spout, emit, flush out",<em>(No detailed table found)</em>,,,https://jlptsensei.com/learn-japanese-kanji/%e5%99%b4-fun-fuku-meaning-erupt-spout-emit-flush-out/
誇,"boast, be proud, pride, triumphantly",<em>(No detailed table found)</em>,,,https://jlptsensei.com/learn-japanese-kanji/%e8%aa%87-ko-hokoru-meaning-boast-be-proud-pride-triumphantly/
祥,"auspicious, happiness, blessedness, good omen, good fortune",<em>(No detailed table found)</em>,,,https://jlptsensei.com/learn-japanese-kanji/%e7%a5%a5-shou-saiwai-kizashi-yoi-tsumabiraka-meaning-auspicious-happiness-blessedness-good-omen-good-fortune/
牲,"animal sacrifice, offering",<em>(No detailed table found)</em>,,,https://jlptsensei.com/learn-japanese-kanji/%e7%89%b2-sei-meaning-animal-sacrifice-offering/
秩,"Learn Japanese kanji: 【 チツ 】. Meaning: regularity, salary, order.",<em>(No detailed table found)</em>,,,https://jlptsensei.com/learn-japanese-kanji/%e7%a7%a9-chitsu-meaning-regularity-salary-order/
帝,"sovereign, the emperor, god, creator",<em>(No detailed table found)</em>,,,https://jlptsensei.com/learn-japanese-kanji/%e5%b8%9d-tei-mikado-meaning-sovereign-the-emperor-god-creator/
宏,"wide, large",<em>(No detailed table found)</em>,,,https://jlptsensei.com/learn-japanese-kanji/%e5%ae%8f-kou-hiroi-meaning-wide-large/
唆,"tempt, seduce, instigate, promote",<em>(No detailed table found)</em>,,,https://jlptsensei.com/learn-japanese-kanji/%e5%94%86-sa-sosoru-sosonokasu-meaning-tempt-seduce-instigate-promote/
阻,"Learn Japanese kanji: 【 ソ / はば(む) 】. Meaning: thwart, separate from, prevent, obstruct, deter, impede.",<em>(No detailed table found)</em>,,,https://jlptsensei.com/learn-japanese-kanji/%e9%98%bb-so-habamu-meaning-thwart-separate-from-prevent-obstruct-deter-impede/
泰,"peaceful, calm, peace, easy, Thailand, extreme, excessive, great",<em>(No detailed table found)</em>,,,https://jlptsensei.com/learn-japanese-kanji/%e6%b3%b0-tai-meaning-peaceful-calm-peace-easy-thailand-extreme-excessive-great/
賄,"bribe, board, supply, finance",<em>(No detailed table found)</em>,,,https://jlptsensei.com/learn-japanese-kanji/%e8%b3%84-wai-makanau-meaning-bribe-board-supply-finance/
撲,"slap, strike, hit, beat, tell, speak",<em>(No detailed table found)</em>,,,https://jlptsensei.com/learn-japanese-kanji/%e6%92%b2-boku-meaning-slap-strike-hit-beat-tell-speak/
堀,"ditch, moat, canal",<em>(No detailed table found)</em>,,,https://jlptsensei.com/learn-japanese-kanji/%e5%a0%80-kutsu-hori-meaning-ditch-moat-canal/
菊,chrysanthemum,<em>(No detailed table found)</em>,,,https://jlptsensei.com/learn-japanese-kanji/%e8%8f%8a-kiku-meaning-chrysanthemum/
絞,"Learn Japanese kanji: 【 コウ / しぼ(る)、 し(める)、 し(まる) 】. Meaning: strangle, constrict, wring.",<em>(No detailed table found)</em>,,,https://jlptsensei.com/learn-japanese-kanji/%e7%b5%9e-kou-shiboru-shimeru-shimaru-meaning-strangle-constrict-wring/
縁,"affinity, relation, connection, edge, border, verge, brink",<em>(No detailed table found)</em>,,,https://jlptsensei.com/learn-japanese-kanji/%e7%b8%81-en-nen-fuchi-yukari-yosuga-heri-enishi-meaning-affinity-relation-connection-edge-border-verge-brink/
唯,"solely, only, merely, simply",<em>(No detailed table found)</em>,,,https://jlptsensei.com/learn-japanese-kanji/%e5%94%af-yui-i-tada-meaning-solely-only-merely-simply/
膨,"swell, get fat, thick",<em>(No detailed table found)</em>,,,https://jlptsensei.com/learn-japanese-kanji/%e8%86%a8-bou-fukuramu-fukureru-meaning-swell-get-fat-thick/
耐,"-proof, enduring",<em>(No detailed table found)</em>,,,https://jlptsensei.com/learn-japanese-kanji/%e8%80%90-tai-taeru-meaning-proof-enduring/
塾,"cram school, private school",<em>(No detailed table found)</em>,,,https://jlptsensei.com/learn-japanese-kanji/%e5%a1%be-juku-meaning-cram-school-private-school/
漏,"leak, escape, time",<em>(No detailed table found)</em>,,,https://jlptsensei.com/learn-japanese-kanji/%e6%bc%8f-rou-moru-moreru-morasu-meaning-leak-escape-time/
慶,"jubilation, congratulate, rejoice, be happy",<em>(No detailed table found)</em>,,,https://jlptsensei.com/learn-japanese-kanji/%e6%85%b6-kei-yorokobi-meaning-jubilation-congratulate-rejoice-be-happy/
猛,"Learn Japanese kanji: 【 モウ 】. Meaning: fierce, rave, rush, become furious, wildness, strength.",<em>(No detailed table found)</em>,,,https://jlptsensei.com/learn-japanese-kanji/%e7%8c%9b-mou-meaning-fierce-rave-rush-become-furious-wildness-strength/
芳,"perfume, balmy, favorable, fragrant",<em>(No detailed table found)</em>,,,https://jlptsensei.com/learn-japanese-kanji/%e8%8a%b3-hou-kanbashii-meaning-perfume-balmy-favorable-fragrant/
懲,"penal, chastise, punish, discipline",<em>(No detailed table found)</em>,,,https://jlptsensei.com/learn-japanese-kanji/%e6%87%b2-chou-koriru-korasu-korashimeru-meaning-penal-chastise-punish-discipline/
剣,"sabre, sword, blade, clock hand",<em>(No detailed table found)</em>,,,https://jlptsensei.com/learn-japanese-kanji/%e5%89%a3-ken-tsurugi-meaning-sabre-sword-blade-clock-hand/
幌,"canopy, awning, hood, curtain",<em>(No detailed table found)</em>,,,https://jlptsensei.com/learn-japanese-kanji/%e5%b9%8c-kou-horo-tobari-meaning-canopy-awning-hood-curtain/
彰,"patent, clear",<em>(No detailed table found)</em>,,,https://jlptsensei.com/learn-japanese-kanji/%e5%bd%b0-shou-meaning-patent-clear/
棋,"chess piece, Japanese chess, shogi",<em>(No detailed table found)</em>,,,https://jlptsensei.com/learn-japanese-kanji/%e6%a3%8b-ko-go-meaning-chess-piece-japanese-chess-shogi/
丁,"street, ward, town, counter for guns, tools",<em>(No detailed table found)</em>,,,https://jlptsensei.com/learn-japanese-kanji/%e4%b8%81-chou-tei-chin-tou-chi-hinoto-meaning-street-ward-town-counter-for-guns-tools/
恒,"Learn Japanese kanji: 【 コウ / つね、 つねに 】. Meaning: constancy, always.",<em>(No detailed table found)</em>,,,https://jlptsensei.com/learn-japanese-kanji/%e6%81%92-kou-tsune-tsuneni-meaning-constancy-always/
揚,"raise, elevate, hoist, praise, extol, fry in deep fat",<em>(No detailed table found)</em>,,,https://jlptsensei.com/learn-japanese-kanji/%e6%8f%9a-you-ageru-age-meaning-raise-elevate-hoist-praise-extol-fry-in-deep-fat/
冒,"Learn Japanese kanji: 【 ボウ / おか(す) 】. Meaning: risk, face, defy, dare, damage, assume (a name).",<em>(No detailed table found)</em>,,,https://jlptsensei.com/learn-japanese-kanji/%e5%86%92-bou-okasu-meaning-risk-face-defy-dare-damage-assume-a-name/
之,"of, this",<em>(No detailed table found)</em>,,,https://jlptsensei.com/learn-japanese-kanji/%e4%b9%8b-shi-no-kore-yuku-kono-meaning-of-this/
曽,"formerly, once, before, ever, never, ex-",<em>(No detailed table found)</em>,,,https://jlptsensei.com/learn-japanese-kanji/%e6%9b%bd-sou-so-katsu-katsute-sunawachi-meaning-formerly-once-before-ever-never-ex/
倫,"ethics, companion",<em>(No detailed table found)</em>,,,https://jlptsensei.com/learn-japanese-kanji/%e5%80%ab-rin-meaning-ethics-companion/
陳,"exhibit, state, relate, explain",<em>(No detailed table found)</em>,,,https://jlptsensei.com/learn-japanese-kanji/jlpt-n1-kanji-%e9%99%b3-chin-hineru-meaning-exhibit-state-relate-explain/
憶,"recollection, think, remember",<em>(No detailed table found)</em>,,,https://jlptsensei.com/learn-japanese-kanji/%e6%86%b6-oku-meaning-recollection-think-remember/
潜,"submerge, conceal, hide, lower (voice), hush",<em>(No detailed table found)</em>,,,https://jlptsensei.com/learn-japanese-kanji/%e6%bd%9c-sen-hisomu-moguru-kakureru-kuguru-meaning-submerge-conceal-hide-lower-voice-hush/
梨,pear tree,<em>(No detailed table found)</em>,,,https://jlptsensei.com/learn-japanese-kanji/%e6%a2%a8-ri-nashi-meaning-pear-tree/
仁,"Learn Japanese kanji: 【 ジン、 ニ、 ニン 】. Meaning: humanity, virtue, benevolence, charity, man, kernel.",<em>(No detailed table found)</em>,,,https://jlptsensei.com/learn-japanese-kanji/%e4%bb%81-jin-ni-nin-meaning-humanity-virtue-benevolence-charity-man-kernel/
克,"overcome, kindly, skillfully",<em>(No detailed table found)</em>,,,https://jlptsensei.com/learn-japanese-kanji/%e5%85%8b-koku-katsu-meaning-overcome-kindly-skillfully/
岳,"Learn Japanese kanji: 【 ガク / たけ 】. Meaning: point, peak, mountain.",<em>(No detailed table found)</em>,,,https://jlptsensei.com/learn-japanese-kanji/%e5%b2%b3-gaku-dake-meaning-point-peak-mountain/
概,"Learn Japanese kanji: 【 ガイ / おおむ(ね) 】. Meaning: outline, condition, approximation, generally.",<em>(No detailed table found)</em>,,,https://jlptsensei.com/learn-japanese-kanji/%e6%a6%82-gai-oomune-meaning-outline-condition-approximation-generally/
拘,"arrest, seize, concerned, adhere to, despite",<em>(No detailed table found)</em>,,,https://jlptsensei.com/learn-japanese-kanji/%e6%8b%98-kou-kakawaru-meaning-arrest-seize-concerned-adhere-to-despite/
墓,"grave, tomb",<em>(No detailed table found)</em>,,,https://jlptsensei.com/learn-japanese-kanji/%e5%a2%93-bo-haka-meaning-grave-tomb/
黙,"Learn Japanese kanji: 【 モク、 ボク / だま(る)、 もだ(す) 】. Meaning: silence, become silent, stop speaking, leave as is.",<em>(No detailed table found)</em>,,,https://jlptsensei.com/learn-japanese-kanji/%e9%bb%99-moku-boku-damaru-modasu-meaning-silence-become-silent-stop-speaking-leave-as-is/
須,"Learn Japanese kanji: 【 ス、 シュ / すべから(く)、 すべし、 ひげ、 まつ 】. Meaning: ought, by all means, necessarily.",<em>(No detailed table found)</em>,,,https://jlptsensei.com/learn-japanese-kanji/%e9%a0%88-su-shu-subekaraku-meaning-ought-by-all-means-necessarily/
偏,"partial, side, left-side radical, inclining, biased",<em>(No detailed table found)</em>,,,https://jlptsensei.com/learn-japanese-kanji/%e5%81%8f-hen-katayoru-meaning-partial-side-left-side-radical-inclining-biased/
雰,"atmosphere, fog",<em>(No detailed table found)</em>,,,https://jlptsensei.com/learn-japanese-kanji/%e9%9b%b0-fun-meaning-atmosphere-fog/
遇,"meet, encounter, interview, treat, entertain, receive, deal with",<em>(No detailed table found)</em>,,,https://jlptsensei.com/learn-japanese-kanji/%e9%81%87-guu-au-meaning-meet-encounter-interview-treat-entertain-receive-deal-with/
諮,consult with,<em>(No detailed table found)</em>,,,https://jlptsensei.com/learn-japanese-kanji/%e8%ab%ae-shi-hakaru-meaning-consult-with/
狭,"cramped, narrow, contract, tight",<em>(No detailed table found)</em>,,,https://jlptsensei.com/learn-japanese-kanji/%e7%8b%ad-kyou-kou-semai-sebameru-sa-meaning-cramped-narrow-contract-tight/
卓,"eminent, table, desk, high",<em>(No detailed table found)</em>,,,https://jlptsensei.com/learn-japanese-kanji/%e5%8d%93-taku-meaning-eminent-table-desk-high/
亀,"tortoise, turtle",<em>(No detailed table found)</em>,,,https://jlptsensei.com/learn-japanese-kanji/%e4%ba%80-ki-kyuu-kin-kame-meaning-tortoise-turtle/
糧,"provisions, food, bread",<em>(No detailed table found)</em>,,,https://jlptsensei.com/learn-japanese-kanji/%e7%b3%a7-ryou-rou-kate-meaning-provisions-food-bread/
梶,sculling oar,<em>(No detailed table found)</em>,,,https://jlptsensei.com/learn-japanese-kanji/%e6%a2%b6-bi-kaji-kozue-meaning-sculling-oar/
簿,"register, record book",<em>(No detailed table found)</em>,,,https://jlptsensei.com/learn-japanese-kanji/%e7%b0%bf-bo-meaning-register-record-book/
炉,"Learn Japanese kanji: 【 ロ / いろり 】. Meaning: hearth, furnace, kiln, reactor.",<em>(No detailed table found)</em>,,,https://jlptsensei.com/learn-japanese-kanji/%e7%82%89-ro-irori-meaning-hearth-furnace-kiln-reactor/
牧,"Learn Japanese kanji: 【 ボク / まき 】. Meaning: breed, care for, shepherd, feed, pasture.",<em>(No detailed table found)</em>,,,https://jlptsensei.com/learn-japanese-kanji/%e7%89%a7-boku-maki-meaning-breed-care-for-shepherd-feed-pasture/
殊,"Learn Japanese kanji: 【 シュ / こと 】. Meaning: particularly, especially, exceptionally.",<em>(No detailed table found)</em>,,,https://jlptsensei.com/learn-japanese-kanji/%e6%ae%8a-shu-koto-meaning-particularly-especially-exceptionally/
殖,"augment, increase, multiply, raise",<em>(No detailed table found)</em>,,,https://jlptsensei.com/learn-japanese-kanji/%e6%ae%96-shoku-fueru-fuyasu-meaning-augment-increase-multiply-raise/
艦,Learn Japanese kanji: 【 カン 】. Meaning: warship.,<em>(No detailed table found)</em>,,,https://jlptsensei.com/learn-japanese-kanji/%e8%89%a6-kan-meaning-warship/
輩,"comrade, fellow, people, companions",<em>(No detailed table found)</em>,,,https://jlptsensei.com/learn-japanese-kanji/%e8%bc%a9-hai-bara-yakara-yakai-tomogara-meaning-comrade-fellow-people-companions/
穴,"hole, aperture, slit, cave, den",<em>(No detailed table found)</em>,,,https://jlptsensei.com/learn-japanese-kanji/%e7%a9%b4-ketsu-ana-meaning-hole-aperture-slit-cave-den/
奇,"strange, strangeness, curiosity",<em>(No detailed table found)</em>,,,https://jlptsensei.com/learn-japanese-kanji/%e5%a5%87-ki-kushiki-ayashii-kushi-mezurashii-meaning-strange-strangeness-curiosity/
慢,"Learn Japanese kanji: 【 マン 】. Meaning: ridicule, laziness.",<em>(No detailed table found)</em>,,,https://jlptsensei.com/learn-japanese-kanji/%e6%85%a2-man-meaning-ridicule-laziness/
鶴,"crane, stork",<em>(No detailed table found)</em>,,,https://jlptsensei.com/learn-japanese-kanji/%e9%b6%b4-kaku-tsuru-meaning-crane-stork/
謀,"conspire, cheat, impose on, plan, devise, scheme, have in mind, deceive",<em>(No detailed table found)</em>,,,https://jlptsensei.com/learn-japanese-kanji/%e8%ac%80-bou-mu-hakaru-tabakaru-hakarigoto-meaning-conspire-cheat-impose-on-plan-devise-scheme-have-in-mind-deceive/
暖,warmth,<em>(No detailed table found)</em>,,,https://jlptsensei.com/learn-japanese-kanji/%e6%9a%96-dan-non-atatakai-meaning-warmth/
昌,"prosperous, bright, clear",<em>(No detailed table found)</em>,,,https://jlptsensei.com/learn-japanese-kanji/%e6%98%8c-shou-sakan-meaning-prosperous-bright-clear/
拍,"clap, beat (music)",<em>(No detailed table found)</em>,,,https://jlptsensei.com/learn-japanese-kanji/%e6%8b%8d-haku-hyou-meaning-clap-beat-music/
朗,"melodious, clear, bright, serene, cheerful",<em>(No detailed table found)</em>,,,https://jlptsensei.com/learn-japanese-kanji/%e6%9c%97-rou-hogaraka-akiraka-meaning-melodious-clear-bright-serene-cheerful/
丈,"length, ten shaku, measure, Mr., Ms., height, stature, all (one has), only, that's all, merely",<em>(No detailed table found)</em>,,,https://jlptsensei.com/learn-japanese-kanji/%e4%b8%88-jou-take-dake-meaning-length-ten-shaku-measure-mr-ms-height/
寛,"tolerant, leniency, generosity, relax, feel at home, be at ease, broadminded",<em>(No detailed table found)</em>,,,https://jlptsensei.com/learn-japanese-kanji/%e5%af%9b-kan-kutsurogu-hiroi-yuruyaka-meaning-tolerant-leniency-generosity-relax-feel-at-home-be-at-ease-broadminded/
覆,"capsize, cover, shade, mantle, be ruined",<em>(No detailed table found)</em>,,,https://jlptsensei.com/learn-japanese-kanji/%e8%a6%86-fuku-oou-kutsugaesu-meaning-capsize-cover-shade-mantle-be-ruined/
胞,"placenta, sac, sheath",<em>(No detailed table found)</em>,,,https://jlptsensei.com/learn-japanese-kanji/%e8%83%9e-hou-meaning-placenta-sac-sheath/
泣,"cry, weep, moan",<em>(No detailed table found)</em>,,,https://jlptsensei.com/learn-japanese-kanji/%e6%b3%a3-kyuu-naku-meaning-cry-weep-moan/
隔,"Learn Japanese kanji: 【 カク / へだ(てる) 】. Meaning: isolate, alternate, distance, separate, gulf.",<em>(No detailed table found)</em>,,,https://jlptsensei.com/learn-japanese-kanji/%e9%9a%94-kaku-hedateru-meaning-isolate-alternate-distance-separate-gulf/
浄,"Learn Japanese kanji: 【 ジョウ、 セイ / きよ(める)、 きよ(い) 】. Meaning: clean, purify, cleanse, exorcise, Manchu Dynasty.",<em>(No detailed table found)</em>,,,https://jlptsensei.com/learn-japanese-kanji/%e6%b5%84-jou-sei-kiyomeru-kiyoi-meaning-clean-purify-cleanse-exorcise-manchu-dynasty/
没,"Learn Japanese kanji: 【 ボツ、 モツ / おぼ(れる)、 しず(む)、 ない 】. Meaning: drown, sink, hide, fall into, disappear, die.",<em>(No detailed table found)</em>,,,https://jlptsensei.com/learn-japanese-kanji/%e6%b2%a1-botsu-motsu-oboreru-shizumu-nai-meaning-drown-sink-hide-fall-into-disappear-die/
暇,"spare time, rest, leisure, time, leave of absence",<em>(No detailed table found)</em>,,,https://jlptsensei.com/learn-japanese-kanji/%e6%9a%87-ka-itoma-meaning-spare-time-rest-leisure-time-leave-of-absence/
肺,lungs,<em>(No detailed table found)</em>,,,https://jlptsensei.com/learn-japanese-kanji/%e8%82%ba-hai-meaning-lungs/
貞,"upright, chastity, constancy, righteousness",<em>(No detailed table found)</em>,,,https://jlptsensei.com/learn-japanese-kanji/%e8%b2%9e-tei-jou-tadashii-sada-meaning-upright-chastity-constancy-righteousness/
靖,peaceful,<em>(No detailed table found)</em>,,,https://jlptsensei.com/learn-japanese-kanji/%e9%9d%96-sei-jou-yasunjiru-meaning-peaceful/
鑑,"Learn Japanese kanji: 【 カン / かんが(みる)、 かがみ 】. Meaning: specimen, take warning from, learn from.",<em>(No detailed table found)</em>,,,https://jlptsensei.com/learn-japanese-kanji/%e9%91%91-kan-kangamiru-kagami-meaning-specimen-take-warning-from-learn-from/
飼,"Learn Japanese kanji: 【 シ / か(う) 】. Meaning: domesticate, raise, keep, feed.",<em>(No detailed table found)</em>,,,https://jlptsensei.com/learn-japanese-kanji/%e9%a3%bc-shi-kau-meaning-domesticate-raise-keep-feed/
陰,"shade, yin, negative, sex organs, secret, shadow",<em>(No detailed table found)</em>,,,https://jlptsensei.com/learn-japanese-kanji/%e9%99%b0-in-kage-kageru-meaning-shade-yin-negative-sex-organs-secret-shadow/
銘,"inscription, signature (of artisan)",<em>(No detailed table found)</em>,,,https://jlptsensei.com/learn-japanese-kanji/%e9%8a%98-mei-meaning-inscription-signature-of-artisan/
随,"follow, though, notwithstanding, while, during, both, all, obey, submit to, comply",<em>(No detailed table found)</em>,,,https://jlptsensei.com/learn-japanese-kanji/%e9%9a%8f-zui-manimani-shitagau-meaning-follow-though-notwithstanding-while-during-both-all-obey-submit-to-comply/
烈,"ardent, violent, vehement, furious, severe, extreme",<em>(No detailed table found)</em>,,,https://jlptsensei.com/learn-japanese-kanji/%e7%83%88-retsu-hageshii-meaning-ardent-violent-vehement-furious-severe-extreme/
尋,"inquire, fathom, look for",<em>(No detailed table found)</em>,,,https://jlptsensei.com/learn-japanese-kanji/%e5%b0%8b-jin-tazuneru-hiro-meaning-inquire-fathom-look-for/
渕,edge,<em>(No detailed table found)</em>,,,https://jlptsensei.com/learn-japanese-kanji/%e6%b8%95-en-kaku-kou-fuchi-katai-hanawa-meaning-edge/
稿,"Learn Japanese kanji: 【 コウ / わら、 したがき 】. Meaning: draft, copy, manuscript, straw.",<em>(No detailed table found)</em>,,,https://jlptsensei.com/learn-japanese-kanji/%e7%a8%bf-kou-wara-shitagaki-meaning-draft-copy-manuscript-straw/
丹,"rust-colored, red, red lead, pills, sincerity",<em>(No detailed table found)</em>,,,https://jlptsensei.com/learn-japanese-kanji/%e4%b8%b9-tan-ni-meaning-rust-colored-red-red-lead-pills-sincerity/
啓,"disclose, open, say",<em>(No detailed table found)</em>,,,https://jlptsensei.com/learn-japanese-kanji/%e5%95%93-kei-hiraku-satosu-meaning-disclose-open-say/
也,to be (classical),<em>(No detailed table found)</em>,,,https://jlptsensei.com/learn-japanese-kanji/%e4%b9%9f-ya-e-nari-ka-mata-meaning-to-be-classical/
丘,"hill, knoll",<em>(No detailed table found)</em>,,,https://jlptsensei.com/learn-japanese-kanji/%e4%b8%98-kyuu-oka-meaning-hill-knoll/
棟,"ridgepole, ridge",<em>(No detailed table found)</em>,,,https://jlptsensei.com/learn-japanese-kanji/%e6%a3%9f-tou-mune-muna-meaning-ridgepole-ridge/
壌,"lot, earth, soil",<em>(No detailed table found)</em>,,,https://jlptsensei.com/learn-japanese-kanji/%e5%a3%8c-jou-tsuchi-meaning-lot-earth-soil/
漫,"cartoon, involuntarily, unrestrained, in spite of oneself, corrupt",<em>(No detailed table found)</em>,,,https://jlptsensei.com/learn-japanese-kanji/%e6%bc%ab-man-midarini-sozoro-meaning-cartoon-involuntarily-unrestrained-in-spite-of-oneself-corrupt/
玄,"mysterious, occultness, black, deep, profound",<em>(No detailed table found)</em>,,,https://jlptsensei.com/learn-japanese-kanji/%e7%8e%84-gen-kuro-kuroi-meaning-mysterious-occultness-black-deep-profound/
粘,"sticky, glutinous, greasy, persevere",<em>(No detailed table found)</em>,,,https://jlptsensei.com/learn-japanese-kanji/%e7%b2%98-nen-nebaru-meaning-sticky-glutinous-greasy-persevere/
悟,"Learn Japanese kanji: 【 ゴ / さと(る) 】. Meaning: enlightenment, perceive, discern, realize, understand.",<em>(No detailed table found)</em>,,,https://jlptsensei.com/learn-japanese-kanji/%e6%82%9f-go-satoru-meaning-enlightenment-perceive-discern-realize-understand/
舗,"Learn Japanese kanji: 【 ホ 】. Meaning: shop, store, pave.",<em>(No detailed table found)</em>,,,https://jlptsensei.com/learn-japanese-kanji/%e8%88%97-ho-meaning-shop-store-pave/
妊,pregnancy,<em>(No detailed table found)</em>,,,https://jlptsensei.com/learn-japanese-kanji/%e5%a6%8a-nin-jin-haramu-migomoru-meaning-pregnancy/
熟,"mellow, ripen, mature, acquire skill",<em>(No detailed table found)</em>,,,https://jlptsensei.com/learn-japanese-kanji/%e7%86%9f-juku-ureru-meaning-mellow-ripen-mature-acquire-skill/
旭,"Learn Japanese kanji: 【 キョク / あさひ 】. Meaning: rising sun, morning sun.",<em>(No detailed table found)</em>,,,https://jlptsensei.com/learn-japanese-kanji/%e6%97%ad-kyoku-asahi-meaning-rising-sun-morning-sun/
恩,"Learn Japanese kanji: 【 オン 】. Meaning: grace, kindness, goodness, favor, mercy, blessing, benefit.",<em>(No detailed table found)</em>,,,https://jlptsensei.com/learn-japanese-kanji/%e6%81%a9-on-meaning-grace-kindness-goodness-favor-mercy-blessing-benefit/
騰,"leaping up, jumping up, rising, advancing, going",<em>(No detailed table found)</em>,,,https://jlptsensei.com/learn-japanese-kanji/%e9%a8%b0-tou-agaru-noboru-meaning-leaping-up-jumping-up-rising-advancing-going/
往,"journey, travel, chase away, let go, going, before, formerly",<em>(No detailed table found)</em>,,,https://jlptsensei.com/learn-japanese-kanji/%e5%be%80-ou-iku-inishie-sakini-yuku-meaning-journey-travel-chase-away-let-go-going-before-formerly/
豆,"beans, pea, midget",<em>(No detailed table found)</em>,,,https://jlptsensei.com/learn-japanese-kanji/%e8%b1%86-tou-zu-mame-mame-meaning-beans-pea-midget/
遂,"consummate, accomplish, attain, commit (suicide)",<em>(No detailed table found)</em>,,,https://jlptsensei.com/learn-japanese-kanji/%e9%81%82-sui-togeru-tsuini-meaning-consummate-accomplish-attain-commit-suicide/
狂,"Learn Japanese kanji: 【 キョウ / くる(う) 】. Meaning: lunatic, insane, crazy, confuse.",<em>(No detailed table found)</em>,,,https://jlptsensei.com/learn-japanese-kanji/%e7%8b%82-kyou-kuruu-meaning-lunatic-insane-crazy-confuse/
栃,"horse chestnut, (kokuji)",<em>(No detailed table found)</em>,,,https://jlptsensei.com/learn-japanese-kanji/%e6%a0%83-tochi-meaning-horse-chestnut-kokuji/
岐,"branch off, fork in road, scene, arena, theater",<em>(No detailed table found)</em>,,,https://jlptsensei.com/learn-japanese-kanji/%e5%b2%90-ki-gi-meaning-branch-off-fork-in-road-scene-arena-theater/
陛,"highness, steps (of throne)",<em>(No detailed table found)</em>,,,https://jlptsensei.com/learn-japanese-kanji/%e9%99%9b-hei-meaning-highness-steps-of-throne/
緯,"horizontal, woof, left & right, (parallels of) latitude, prediction",<em>(No detailed table found)</em>,,,https://jlptsensei.com/learn-japanese-kanji/%e7%b7%af-i-yokoito-nuki-meaning-horizontal-woof-left-right-parallels-of-latitude-prediction/
培,"cultivate, foster",<em>(No detailed table found)</em>,,,https://jlptsensei.com/learn-japanese-kanji/%e5%9f%b9-bai-tsuchikau-meaning-cultivate-foster/
衰,"decline, wane, weaken",<em>(No detailed table found)</em>,,,https://jlptsensei.com/learn-japanese-kanji/%e8%a1%b0-sui-otoroeru-meaning-decline-wane-weaken/
艇,"rowboat, small boat",<em>(No detailed table found)</em>,,,https://jlptsensei.com/learn-japanese-kanji/%e8%89%87-tei-meaning-rowboat-small-boat/
屈,"yield, bend, flinch, submit",<em>(No detailed table found)</em>,,,https://jlptsensei.com/learn-japanese-kanji/%e5%b1%88-kutsu-kagamu-meaning-yield-bend-flinch-submit/
径,"diameter, path, method",<em>(No detailed table found)</em>,,,https://jlptsensei.com/learn-japanese-kanji/%e5%be%84-kei-michi-komichi-sashiwatashi-tadachini-meaning-diameter-path-method/
淡,"thin, faint, pale, fleeting",<em>(No detailed table found)</em>,,,https://jlptsensei.com/learn-japanese-kanji/%e6%b7%a1-tan-awai-meaning-thin-faint-pale-fleeting/
抽,"pluck, pull, extract, excel",<em>(No detailed table found)</em>,,,https://jlptsensei.com/learn-japanese-kanji/%e6%8a%bd-chuu-hiki-meaning-pluck-pull-extract-excel/
披,"expose, open",<em>(No detailed table found)</em>,,,https://jlptsensei.com/learn-japanese-kanji/%e6%8a%ab-hi-meaning-expose-open/
廷,"courts, imperial court, government office",<em>(No detailed table found)</em>,,,https://jlptsensei.com/learn-japanese-kanji/%e5%bb%b7-tei-meaning-courts-imperial-court-government-office/
錦,"brocade, fine dress, honors",<em>(No detailed table found)</em>,,,https://jlptsensei.com/learn-japanese-kanji/%e9%8c%a6-kin-nishiki-meaning-brocade-fine-dress-honors/
准,"quasi-, semi-, associate",<em>(No detailed table found)</em>,,,https://jlptsensei.com/learn-japanese-kanji/%e5%87%86-jun-meaning-quasi-semi-associate/
暑,"Learn Japanese kanji: 【 ショ / あつ(い) 】. Meaning: sultry, hot, summer heat.",<em>(No detailed table found)</em>,,,https://jlptsensei.com/learn-japanese-kanji/%e6%9a%91-sho-atsui-meaning-sultry-hot-summer-heat/
磯,"seashore, beach",<em>(No detailed table found)</em>,,,https://jlptsensei.com/learn-japanese-kanji/%e7%a3%af-ki-iso-meaning-seashore-beach/
奨,"exhort, urge, encourage",<em>(No detailed table found)</em>,,,https://jlptsensei.com/learn-japanese-kanji/%e5%a5%a8-shou-sou-susumeru-meaning-exhort-urge-encourage/
浸,"immersed, soak, dip, steep, moisten, wet, dunk",<em>(No detailed table found)</em>,,,https://jlptsensei.com/learn-japanese-kanji/%e6%b5%b8-shin-hitasu-tsukaru-meaning-immersed-soak-dip-steep-moisten-wet-dunk/
剰,"surplus, besides",<em>(No detailed table found)</em>,,,https://jlptsensei.com/learn-japanese-kanji/%e5%89%b0-jou-amatsusae-amari-meaning-surplus-besides/
胆,"gall bladder, courage, pluck, nerve",<em>(No detailed table found)</em>,,,https://jlptsensei.com/learn-japanese-kanji/%e8%83%86-tan-kimo-meaning-gall-bladder-courage-pluck-nerve/
繊,"slender, fine, thin kimono",<em>(No detailed table found)</em>,,,https://jlptsensei.com/learn-japanese-kanji/%e7%b9%8a-sen-meaning-slender-fine-thin-kimono/
駒,"pony, horse, colt",<em>(No detailed table found)</em>,,,https://jlptsensei.com/learn-japanese-kanji/%e9%a7%92-ku-koma-meaning-pony-horse-colt/
虚,"void, emptiness, unpreparedness, crack, fissure, untruth",<em>(No detailed table found)</em>,,,https://jlptsensei.com/learn-japanese-kanji/%e8%99%9a-kyo-ko-munashii-utsuro-meaning-void-emptiness-unpreparedness-crack-fissure-untruth/
孜,industriousness,<em>(No detailed table found)</em>,,,https://jlptsensei.com/learn-japanese-kanji/%e5%ad%9c-shi-tsutomeru-meaning-industriousness/
霊,"spirits, soul",<em>(No detailed table found)</em>,,,https://jlptsensei.com/learn-japanese-kanji/%e9%9c%8a-rei-ryou-tama-meaning-spirits-soul/
帳,"notebook, account book, album, curtain, veil, net, tent",<em>(No detailed table found)</em>,,,https://jlptsensei.com/learn-japanese-kanji/%e5%b8%b3-chou-tobari-meaning-notebook-account-book-album-curtain-veil-net-tent/
悔,"repent, regret",<em>(No detailed table found)</em>,,,https://jlptsensei.com/learn-japanese-kanji/%e6%82%94-kai-kuiru-kuyamu-meaning-repent-regret/
諭,"rebuke, admonish, charge, warn, persuade",<em>(No detailed table found)</em>,,,https://jlptsensei.com/learn-japanese-kanji/%e8%ab%ad-yu-satosu-meaning-rebuke-admonish-charge-warn-persuade/
惨,"wretched, disaster, cruelty, harsh",<em>(No detailed table found)</em>,,,https://jlptsensei.com/learn-japanese-kanji/%e6%83%a8-san-zan-mijime-itamu-mugoi-meaning-wretched-disaster-cruelty-harsh/
虐,"tyrannize, oppress",<em>(No detailed table found)</em>,,,https://jlptsensei.com/learn-japanese-kanji/%e8%99%90-gyaku-shiitageru-meaning-tyrannize-oppress/
翻,"flip, turn over, wave, flutter, change (mind)",<em>(No detailed table found)</em>,,,https://jlptsensei.com/learn-japanese-kanji/%e7%bf%bb-hon-han-hirugaeru-meaning-flip-turn-over-wave-flutter-change-mind/
墜,"crash, fall (down)",<em>(No detailed table found)</em>,,,https://jlptsensei.com/learn-japanese-kanji/%e5%a2%9c-tsui-ochiru-otsu-meaning-crash-fall-down/
沼,"Learn Japanese kanji: 【 ショウ / ぬま 】. Meaning: marsh, lake, bog, swamp, pond.",<em>(No detailed table found)</em>,,,https://jlptsensei.com/learn-japanese-kanji/%e6%b2%bc-shou-numa-meaning-marsh-lake-bog-swamp-pond/
据,"set, lay a foundation, install, equip, squat down, sit down",<em>(No detailed table found)</em>,,,https://jlptsensei.com/learn-japanese-kanji/%e6%8d%ae-kyo-sueru-suwaru-meaning-set-lay-a-foundation-install-equip-squat-down-sit-down/
肥,"fertilizer, get fat, fertile, manure, pamper",<em>(No detailed table found)</em>,,,https://jlptsensei.com/learn-japanese-kanji/%e8%82%a5-hi-koeru-koe-koyasu-futoru-meaning-fertilizer-get-fat-fertile-manure-pamper/
徐,"gradually, slowly, deliberately, gently",<em>(No detailed table found)</em>,,,https://jlptsensei.com/learn-japanese-kanji/%e5%be%90-jo-omomuroni-meaning-gradually-slowly-deliberately-gently/
糖,sugar,<em>(No detailed table found)</em>,,,https://jlptsensei.com/learn-japanese-kanji/%e7%b3%96-tou-meaning-sugar/
搭,"board, load (a vehicle), ride",<em>(No detailed table found)</em>,,,https://jlptsensei.com/learn-japanese-kanji/%e6%90%ad-tou-meaning-board-load-a-vehicle-ride/
盾,"Learn Japanese kanji: 【 ジュン / たて 】. Meaning: shield, escutcheon, pretext.",<em>(No detailed table found)</em>,,,https://jlptsensei.com/learn-japanese-kanji/%e7%9b%be-jun-tate-meaning-shield-escutcheon-pretext/
脈,"vein, pulse, hope",<em>(No detailed table found)</em>,,,https://jlptsensei.com/learn-japanese-kanji/%e8%84%88-myaku-suji-meaning-vein-pulse-hope/
滝,"waterfall, rapids, cascade",<em>(No detailed table found)</em>,,,https://jlptsensei.com/learn-japanese-kanji/%e6%bb%9d-rou-sou-taki-meaning-waterfall-rapids-cascade/
軌,"rut, wheel, track, model, way of doing",<em>(No detailed table found)</em>,,,https://jlptsensei.com/learn-japanese-kanji/%e8%bb%8c-ki-meaning-rut-wheel-track-model-way-of-doing/
俵,"bag, bale, sack, counter for bags",<em>(No detailed table found)</em>,,,https://jlptsensei.com/learn-japanese-kanji/%e4%bf%b5-hyou-tawara-meaning-bag-bale-sack-counter-for-bags/
妨,"disturb, prevent, hamper, obstruct",<em>(No detailed table found)</em>,,,https://jlptsensei.com/learn-japanese-kanji/%e5%a6%a8-bou-samatageru-meaning-disturb-prevent-hamper-obstruct/
盧,hut,<em>(No detailed table found)</em>,,,https://jlptsensei.com/learn-japanese-kanji/%e7%9b%a7-ro-meaning-hut/
擦,"grate, rub, scratch, scrape, chafe, scour",<em>(No detailed table found)</em>,,,https://jlptsensei.com/learn-japanese-kanji/%e6%93%a6-satsu-suru-zure-kosuru-meaning-grate-rub-scratch-scrape-chafe-scour/
鯨,whale,<em>(No detailed table found)</em>,,,https://jlptsensei.com/learn-japanese-kanji/%e9%af%a8-gei-kujira-meaning-whale/
荘,"villa, inn, cottage, feudal manor, solemn, dignified",<em>(No detailed table found)</em>,,,https://jlptsensei.com/learn-japanese-kanji/%e8%8d%98-sou-shou-chan-houki-ogosoka-meaning-villa-inn-cottage-feudal-manor-solemn-dignified/
諾,"consent, assent, agreement",<em>(No detailed table found)</em>,,,https://jlptsensei.com/learn-japanese-kanji/%e8%ab%be-daku-meaning-consent-assent-agreement/
雷,"thunder, lightning bolt",<em>(No detailed table found)</em>,,,https://jlptsensei.com/learn-japanese-kanji/%e9%9b%b7-rai-kamirari-ikazuchi-ikadzuchi-meaning-thunder-lightning-bolt/
漂,"Learn Japanese kanji: 【 ヒョウ / ただよ(う) 】. Meaning: drift, float (on liquid).",<em>(No detailed table found)</em>,,,https://jlptsensei.com/learn-japanese-kanji/%e6%bc%82-hyou-tadayou-meaning-drift-float-on-liquid/
懐,"feelings, heart, yearn, miss someone, become attached to, bosom, breast, pocket",<em>(No detailed table found)</em>,,,https://jlptsensei.com/learn-japanese-kanji/%e6%87%90-kai-e-futokoro-natsukashii-meaning-feelings-heart-yearn-miss-someone/
勘,"intuition, perception, check, compare, sixth sense",<em>(No detailed table found)</em>,,,https://jlptsensei.com/learn-japanese-kanji/%e5%8b%98-kan-meaning-intuition-perception-check-compare-sixth-sense/
栽,"plantation, planting",<em>(No detailed table found)</em>,,,https://jlptsensei.com/learn-japanese-kanji/%e6%a0%bd-sai-meaning-plantation-planting/
拐,"kidnap, falsify",<em>(No detailed table found)</em>,,,https://jlptsensei.com/learn-japanese-kanji/%e6%8b%90-kai-meaning-kidnap-falsify/
笠,"bamboo hat, one's influence",<em>(No detailed table found)</em>,,,https://jlptsensei.com/learn-japanese-kanji/%e7%ac%a0-ryuu-kasa-meaning-bamboo-hat-ones-influence/
駄,"burdensome, pack horse, horse load, send by horse, trivial, worthless",<em>(No detailed table found)</em>,,,https://jlptsensei.com/learn-japanese-kanji/%e9%a7%84-da-ta-meaning-burdensome-pack-horse-horse-load-send-by-horse-trivial-worthless/
添,"annexed, accompany, marry, suit, meet, satisfy, attach, append, garnish, imitate",<em>(No detailed table found)</em>,,,https://jlptsensei.com/learn-japanese-kanji/%e6%b7%bb-ten-soeru-sou-meaning-annexed-accompany/
冠,"crown, best, peerless",<em>(No detailed table found)</em>,,,https://jlptsensei.com/learn-japanese-kanji/%e5%86%a0-kan-kanmuri-meaning-crown-best-peerless/
斜,"diagonal, slanting, oblique",<em>(No detailed table found)</em>,,,https://jlptsensei.com/learn-japanese-kanji/%e6%96%9c-sha-naname-hasu-meaning-diagonal-slanting-oblique/
鏡,"mirror, speculum, barrel-head, round rice-cake offering",<em>(No detailed table found)</em>,,,https://jlptsensei.com/learn-japanese-kanji/%e9%8f%a1-kyou-kei-kagami-meaning-mirror-speculum-barrel-head-round-rice-cake-offering/
聡,"wise, fast learner",<em>(No detailed table found)</em>,,,https://jlptsensei.com/learn-japanese-kanji/%e8%81%a1-sou-satoi-mimizatoi-meaning-wise-fast-learner/
浪,"Learn Japanese kanji: 【 ロウ 】. Meaning: wandering, waves, billows, reckless, unrestrained.",<em>(No detailed table found)</em>,,,https://jlptsensei.com/learn-japanese-kanji/%e6%b5%aa-rou-meaning-wandering-waves-billows-reckless-unrestrained/
亜,"Asia, rank next, come after, -ous",<em>(No detailed table found)</em>,,,https://jlptsensei.com/learn-japanese-kanji/%e4%ba%9c-a-tsugu-meaning-asia-rank-next-come-after-ous/
覧,"perusal, see",<em>(No detailed table found)</em>,,,https://jlptsensei.com/learn-japanese-kanji/%e8%a6%a7-ran-miru-meaning-perusal-see/
詐,"lie, falsehood, deceive, pretend",<em>(No detailed table found)</em>,,,https://jlptsensei.com/learn-japanese-kanji/%e8%a9%90-sa-itsuwaru-meaning-lie-falsehood-deceive-pretend/
壇,"Learn Japanese kanji: 【 ダン、 タン 】. Meaning: podium, stage, rostrum, terrace.",<em>(No detailed table found)</em>,,,https://jlptsensei.com/learn-japanese-kanji/%e5%a3%87-dan-tan-meaning-podium-stage-rostrum-terrace/
勲,"meritorious deed, merit",<em>(No detailed table found)</em>,,,https://jlptsensei.com/learn-japanese-kanji/%e5%8b%b2-kun-isao-meaning-meritorious-deed-merit/
魔,"Learn Japanese kanji: 【 マ 】. Meaning: witch, demon, evil spirit.",<em>(No detailed table found)</em>,,,https://jlptsensei.com/learn-japanese-kanji/%e9%ad%94-ma-meaning-witch-demon-evil-spirit/
酬,"repay, reward, retribution",<em>(No detailed table found)</em>,,,https://jlptsensei.com/learn-japanese-kanji/%e9%85%ac-shuu-shu-tou-mukuiru-meaning-repay-reward-retribution/
紫,"purple, violet",<em>(No detailed table found)</em>,,,https://jlptsensei.com/learn-japanese-kanji/%e7%b4%ab-shi-murasaki-meaning-purple-violet/
曙,"Learn Japanese kanji: 【 ショ / あけぼの 】. Meaning: dawn, daybreak.",<em>(No detailed table found)</em>,,,https://jlptsensei.com/learn-japanese-kanji/%e6%9b%99-sho-akebono-meaning-dawn-daybreak/
紋,"Learn Japanese kanji: 【 モン 】. Meaning: family crest, figures.",<em>(No detailed table found)</em>,,,https://jlptsensei.com/learn-japanese-kanji/%e7%b4%8b-mon-meaning-family-crest-figures/
卸,Learn Japanese kanji: 【 シャ / おろ(す)、 おろし 】. Meaning: wholesale.,<em>(No detailed table found)</em>,,,https://jlptsensei.com/learn-japanese-kanji/%e5%8d%b8-sha-orosu-oroshi-meaning-wholesale/
奮,"stirred up, be invigorated, flourish",<em>(No detailed table found)</em>,,,https://jlptsensei.com/learn-japanese-kanji/%e5%a5%ae-fun-furuu-meaning-stirred-up-be-invigorated-flourish/
趙,"nimble, late-going",<em>(No detailed table found)</em>,,,https://jlptsensei.com/learn-japanese-kanji/%e8%b6%99-chou-jou-kyou-meaning-nimble-late-going/
欄,"column, handrail, blank, space",<em>(No detailed table found)</em>,,,https://jlptsensei.com/learn-japanese-kanji/%e6%ac%84-ran-tesuri-meaning-column-handrail-blank-space/
逸,"deviate, idleness, leisure, miss the mark, evade, elude, parry, diverge",<em>(No detailed table found)</em>,,,https://jlptsensei.com/learn-japanese-kanji/%e9%80%b8-itsu-soreru-hagureru-meaning-deviate-idleness-leisure-miss-the-mark-evade-elude-parry-diverge/
涯,"horizon, shore, limit, bound",<em>(No detailed table found)</em>,,,https://jlptsensei.com/learn-japanese-kanji/%e6%b6%af-gai-hate-meaning-horizon-shore-limit-bound/
拓,"Learn Japanese kanji: 【 タク / ひら(く) 】. Meaning: clear (the land), open, break up (land).",<em>(No detailed table found)</em>,,,https://jlptsensei.com/learn-japanese-kanji/%e6%8b%93-taku-hiraku-meaning-clear-the-land-open-break-up-land/
眼,eyeball,<em>(No detailed table found)</em>,,,https://jlptsensei.com/learn-japanese-kanji/%e7%9c%bc-gan-gen-manako-me-meaning-eyeball/
獄,"Learn Japanese kanji: 【 ゴク 】. Meaning: prison, jail.",<em>(No detailed table found)</em>,,,https://jlptsensei.com/learn-japanese-kanji/%e7%8d%84-goku-meaning-prison-jail/
筑,an ancient musical instrument,<em>(No detailed table found)</em>,,,https://jlptsensei.com/learn-japanese-kanji/%e7%ad%91-chiku-meaning-an-ancient-musical-instrument/
尚,"esteem, furthermore, still, yet",<em>(No detailed table found)</em>,,,https://jlptsensei.com/learn-japanese-kanji/%e5%b0%9a-shou-nao-meaning-esteem-furthermore-still-yet/
阜,"hill, mound, left village radical (no. 170)",<em>(No detailed table found)</em>,,,https://jlptsensei.com/learn-japanese-kanji/%e9%98%9c-fu-fuu-meaning-hill-mound-left-village-radical-no-170/
彫,"carve, engrave, chisel",<em>(No detailed table found)</em>,,,https://jlptsensei.com/learn-japanese-kanji/%e5%bd%ab-chou-horu-bori-meaning-carve-engrave-chisel/
穏,"calm, quiet, moderation",<em>(No detailed table found)</em>,,,https://jlptsensei.com/learn-japanese-kanji/%e7%a9%8f-on-odayaka-meaning-calm-quiet-moderation/
顕,"appear, existing",<em>(No detailed table found)</em>,,,https://jlptsensei.com/learn-japanese-kanji/%e9%a1%95-kun-akiraka-arawareru-meaning-appear-existing/
巧,"adroit, skilled, ingenuity",<em>(No detailed table found)</em>,,,https://jlptsensei.com/learn-japanese-kanji/%e5%b7%a7-kou-takumi-umai-meaning-adroit-skilled-ingenuity/
矛,"halberd, arms, festival float",<em>(No detailed table found)</em>,,,https://jlptsensei.com/learn-japanese-kanji/%e7%9f%9b-mu-bou-hoko-meaning-halberd-arms-festival-float/
垣,"hedge, fence, wall",<em>(No detailed table found)</em>,,,https://jlptsensei.com/learn-japanese-kanji/%e5%9e%a3-en-kaki-meaning-hedge-fence-wall/
欺,"deceit, cheat, delude",<em>(No detailed table found)</em>,,,https://jlptsensei.com/learn-japanese-kanji/%e6%ac%ba-gi-azamuku-meaning-deceit-cheat-delude/
釣,"angling, fish, catch, allure, ensnare",<em>(No detailed table found)</em>,,,https://jlptsensei.com/learn-japanese-kanji/%e9%87%a3-chou-tsuru-meaning-angling-fish-catch-allure-ensnare/
萩,bush clover,<em>(No detailed table found)</em>,,,https://jlptsensei.com/learn-japanese-kanji/%e8%90%a9-shuu-hagi-meaning-bush-clover/
粧,"cosmetics, adorn (one's person)",<em>(No detailed table found)</em>,,,https://jlptsensei.com/learn-japanese-kanji/%e7%b2%a7-shou-meaning-cosmetics-adorn-ones-person/
葛,"arrowroot, kudzu",<em>(No detailed table found)</em>,,,https://jlptsensei.com/learn-japanese-kanji/%e8%91%9b-katsu-kachi-tsudzura-kuzu-meaning-arrowroot-kudzu/
粛,"Learn Japanese kanji: 【 シュク、 スク / つつし(む) 】. Meaning: solemn, quietly, softly.",<em>(No detailed table found)</em>,,,https://jlptsensei.com/learn-japanese-kanji/%e7%b2%9b-shuku-suku-tsutsushimu-meaning-solemn-quietly-softly/
栗,Learn Japanese kanji: 【 リツ、 リ / くり、 おののく 】. Meaning: chestnut.,<em>(No detailed table found)</em>,,,https://jlptsensei.com/learn-japanese-kanji/%e6%a0%97-ritsu-ri-kuri-ononoku-meaning-chestnut/
愚,"Learn Japanese kanji: 【 グ / おろ(か) 】. Meaning: foolish, folly, absurdity, stupid.",<em>(No detailed table found)</em>,,,https://jlptsensei.com/learn-japanese-kanji/%e6%84%9a-gu-oroka-meaning-foolish-folly-absurdity-stupid/
嘉,"applaud, praise, esteem, happy, auspicious",<em>(No detailed table found)</em>,,,https://jlptsensei.com/learn-japanese-kanji/%e5%98%89-ka-yomisuru-yoi-meaning-applaud-praise-esteem-happy-auspicious/
遭,"Learn Japanese kanji: 【 ソウ / あ(う)、 あ(わせる) 】. Meaning: encounter, meet, party, association, interview, join.",<em>(No detailed table found)</em>,,,https://jlptsensei.com/learn-japanese-kanji/%e9%81%ad-sou-au-awaseru-meaning-encounter-meet-party-association-interview-join/
架,"erect, frame, mount, support, shelf, construct",<em>(No detailed table found)</em>,,,https://jlptsensei.com/learn-japanese-kanji/%e6%9e%b6-ka-kakeru-meaning-erect-frame-mount-support-shelf-construct/
篠,bamboo grass,<em>(No detailed table found)</em>,,,https://jlptsensei.com/learn-japanese-kanji/%e7%af%a0-zou-shou-shino-sasa-suzu-meaning-bamboo-grass/
鬼,"ghost, devil",<em>(No detailed table found)</em>,,,https://jlptsensei.com/learn-japanese-kanji/%e9%ac%bc-ki-oni-meaning-ghost-devil/
庶,"commoner, all, bastard",<em>(No detailed table found)</em>,,,https://jlptsensei.com/learn-japanese-kanji/%e5%ba%b6-sho-meaning-commoner-all-bastard/
稚,"immature, young",<em>(No detailed table found)</em>,,,https://jlptsensei.com/learn-japanese-kanji/%e7%a8%9a-chi-ji-itokenai-osanai-okute-oderu-meaning-immature-young/
菅,sedge,<em>(No detailed table found)</em>,,,https://jlptsensei.com/learn-japanese-kanji/%e8%8f%85-kan-ken-suge-meaning-sedge/
滋,"nourishing, more & more, be luxuriant, planting, turbidity",<em>(No detailed table found)</em>,,,https://jlptsensei.com/learn-japanese-kanji/%e6%bb%8b-ji-shi-meaning-nourishing-more-more-be-luxuriant-planting-turbidity/
幻,"phantasm, vision, dream, illusion, apparition",<em>(No detailed table found)</em>,,,https://jlptsensei.com/learn-japanese-kanji/%e5%b9%bb-gen-maboroshi-meaning-phantasm-vision-dream-illusion-apparition/
煮,"Learn Japanese kanji: 【 シャ / に(る)、 -に 】. Meaning: boil, cook.",<em>(No detailed table found)</em>,,,https://jlptsensei.com/learn-japanese-kanji/%e7%85%ae-sha-niru-ni-meaning-boil-cook/
姫,Learn Japanese kanji: 【 キ / ひめ、 ひめ- 】. Meaning: princess.,<em>(No detailed table found)</em>,,,https://jlptsensei.com/learn-japanese-kanji/%e5%a7%ab-ki-hime-hime-meaning-princess/
誓,"Learn Japanese kanji: 【 セイ / ちか(う) 】. Meaning: vow, swear, pledge.",<em>(No detailed table found)</em>,,,https://jlptsensei.com/learn-japanese-kanji/%e8%aa%93-sei-chikau-meaning-vow-swear-pledge/
把,"grasp, faggot, bunch, counter for bundles",<em>(No detailed table found)</em>,,,https://jlptsensei.com/learn-japanese-kanji/%e6%8a%8a-ha-wa-meaning-grasp-faggot-bunch-counter-for-bundles/
践,"tread, step on, trample, practice, carry through",<em>(No detailed table found)</em>,,,https://jlptsensei.com/learn-japanese-kanji/%e8%b7%b5-sen-fumu-meaning-tread-step-on-trample-practice-carry-through/
呈,"display, offer, present, send, exhibit",<em>(No detailed table found)</em>,,,https://jlptsensei.com/learn-japanese-kanji/%e5%91%88-tei-meaning-display-offer-present-send-exhibit/
疎,"alienate, rough, neglect, shun, sparse, penetrate",<em>(No detailed table found)</em>,,,https://jlptsensei.com/learn-japanese-kanji/%e7%96%8e-so-sho-utoi-mabara-meaning-alienate-rough-neglect-shun-sparse-penetrate/
仰,"face-up, look up, depend, seek, respect, revere, drink, take",<em>(No detailed table found)</em>,,,https://jlptsensei.com/learn-japanese-kanji/%e4%bb%b0-gyou-kou-oogu-ossharu-meaning-face-up-look-up-depend-seek-respect-revere-drink-take/
剛,"Learn Japanese kanji: 【 ゴウ 】. Meaning: sturdy, strength.",<em>(No detailed table found)</em>,,,https://jlptsensei.com/learn-japanese-kanji/%e5%89%9b-gou-meaning-sturdy-strength/
疾,rapidly,<em>(No detailed table found)</em>,,,https://jlptsensei.com/learn-japanese-kanji/%e7%96%be-shitsu-hayai-meaning-rapidly/
征,"subjugate, attack the rebellious, collect taxes",<em>(No detailed table found)</em>,,,https://jlptsensei.com/learn-japanese-kanji/%e5%be%81-sei-meaning-subjugate-attack-the-rebellious-collect-taxes/
砕,"smash, break, crush, familiar, popular",<em>(No detailed table found)</em>,,,https://jlptsensei.com/learn-japanese-kanji/%e7%a0%95-sai-kudaku-meaning-smash-break-crush-familiar-popular/
謡,"song, sing, ballad, noh chanting",<em>(No detailed table found)</em>,,,https://jlptsensei.com/learn-japanese-kanji/%e8%ac%a1-you-utai-meaning-song-sing-ballad-noh-chanting/
嫁,"marry into, bride",<em>(No detailed table found)</em>,,,https://jlptsensei.com/learn-japanese-kanji/%e5%ab%81-ka-yome-totsugu-iku-yuku-meaning-marry-into-bride/
謙,"self-effacing, humble oneself, condescend, be modest",<em>(No detailed table found)</em>,,,https://jlptsensei.com/learn-japanese-kanji/%e8%ac%99-ken-herikudaru-meaning-self-effacing-humble-oneself-condescend-be-modest/
后,"Learn Japanese kanji: 【 コウ、 ゴ / きさき 】. Meaning: empress, queen, after, behind, back, later.",<em>(No detailed table found)</em>,,,https://jlptsensei.com/learn-japanese-kanji/%e5%90%8e-kou-go-kisaki-meaning-empress-queen-after-behind-back-later/
嘆,"sigh, lament, moan, grieve, sigh of admiration",<em>(No detailed table found)</em>,,,https://jlptsensei.com/learn-japanese-kanji/%e5%98%86-tan-nageku-nagekawashii-meaning-sigh-lament-moan-grieve-sigh-of-admiration/
俣,"crotch, thigh, groin, fork, junction, (kokuji)",<em>(No detailed table found)</em>,,,https://jlptsensei.com/learn-japanese-kanji/%e4%bf%a3-mata-meaning-crotch-thigh-groin-fork-junction-kokuji/
菌,"germ, fungus, bacteria",<em>(No detailed table found)</em>,,,https://jlptsensei.com/learn-japanese-kanji/%e8%8f%8c-kin-meaning-germ-fungus-bacteria/
鎌,"sickle, scythe, trick",<em>(No detailed table found)</em>,,,https://jlptsensei.com/learn-japanese-kanji/%e9%8e%8c-ren-ken-kama-meaning-sickle-scythe-trick/
巣,"Learn Japanese kanji: 【 ソウ / す、 す(くう) 】. Meaning: nest, rookery, hive, cobweb, den.",<em>(No detailed table found)</em>,,,https://jlptsensei.com/learn-japanese-kanji/%e5%b7%a3-sou-su-sukuu-meaning-nest-rookery-hive-cobweb-den/
頻,"repeatedly, recur",<em>(No detailed table found)</em>,,,https://jlptsensei.com/learn-japanese-kanji/%e9%a0%bb-hin-shikirini-meaning-repeatedly-recur/
琴,"harp, koto",<em>(No detailed table found)</em>,,,https://jlptsensei.com/learn-japanese-kanji/%e7%90%b4-kin-gon-koto-meaning-harp-koto/
班,"Learn Japanese kanji: 【 ハン 】. Meaning: squad, corps, unit, group.",<em>(No detailed table found)</em>,,,https://jlptsensei.com/learn-japanese-kanji/%e7%8f%ad-han-meaning-squad-corps-unit-group/
淵,"Learn Japanese kanji: 【 エン、 カク、 コウ / ふち、 かた(い)、 はなわ 】. Meaning: abyss, edge, deep pool, the depths.",<em>(No detailed table found)</em>,,,https://jlptsensei.com/learn-japanese-kanji/%e6%b7%b5-en-kaku-kou-fuchi-katai-hanawa-meaning-abyss-edge-deep-pool-the-depths/
棚,"shelf, ledge, rack, mount, mantle, trellis",<em>(No detailed table found)</em>,,,https://jlptsensei.com/learn-japanese-kanji/%e6%a3%9a-hou-tana-dana-meaning-shelf-ledge-rack-mount-mantle-trellis/
潔,"undefiled, pure, clean, righteous, gallant",<em>(No detailed table found)</em>,,,https://jlptsensei.com/learn-japanese-kanji/%e6%bd%94-ketsu-isagiyoi-meaning-undefiled-pure-clean-righteous-gallant/
酷,"Learn Japanese kanji: 【 コク / ひど(い) 】. Meaning: cruel, severe, atrocious, unjust.",<em>(No detailed table found)</em>,,,https://jlptsensei.com/learn-japanese-kanji/%e9%85%b7-koku-hidoi-meaning-cruel-severe-atrocious-unjust/
宰,"superintend, manager, rule",<em>(No detailed table found)</em>,,,https://jlptsensei.com/learn-japanese-kanji/%e5%ae%b0-sai-meaning-superintend-manager-rule/
廊,"corridor, hall, tower",<em>(No detailed table found)</em>,,,https://jlptsensei.com/learn-japanese-kanji/%e5%bb%8a-rou-meaning-corridor-hall-tower/
寂,"loneliness, quietly, mellow, mature, death of a priest",<em>(No detailed table found)</em>,,,https://jlptsensei.com/learn-japanese-kanji/%e5%af%82-jaku-seki-sabi-sabishii-samishii-meaning-loneliness-quietly-mellow-mature-death-of-a-priest/
辰,"sign of the dragon, 7-9AM, fifth sign of Chinese zodiac, shin dragon radical (no. 161)",<em>(No detailed table found)</em>,,,https://jlptsensei.com/learn-japanese-kanji/%e8%be%b0-shin-jin-tatsu-meaning-sign-of-the-dragon-7-9am-fifth-sign-of-chinese-zodiac-shin-dragon-radical-no-161/
霞,"be hazy, grow dim, blurred",<em>(No detailed table found)</em>,,,https://jlptsensei.com/learn-japanese-kanji/%e9%9c%9e-ka-ge-kasumi-kasumu-meaning-be-hazy-grow-dim-blurred/
伏,"prostrated, bend down, bow, cover, lay (pipes)",<em>(No detailed table found)</em>,,,https://jlptsensei.com/learn-japanese-kanji/%e4%bc%8f-fuku-fuseru-fusu-meaning-prostrated-bend-down-bow-cover-lay-pipes/
柏,"Learn Japanese kanji: 【 ハク、 ヒャク、 ビャク / かしわ 】. Meaning: oak, cypress.",<em>(No detailed table found)</em>,,,https://jlptsensei.com/learn-japanese-kanji/%e6%9f%8f-haku-hyaku-byaku-kashiwa-meaning-oak-cypress/
碁,Go,<em>(No detailed table found)</em>,,,https://jlptsensei.com/learn-japanese-kanji/%e7%a2%81-go-meaning-go/
俗,"vulgar, customs, manners, worldliness, mundane things",<em>(No detailed table found)</em>,,,https://jlptsensei.com/learn-japanese-kanji/%e4%bf%97-zoku-meaning-vulgar-customs-manners-worldliness-mundane-things/
漠,"vague, obscure, desert, wide",<em>(No detailed table found)</em>,,,https://jlptsensei.com/learn-japanese-kanji/%e6%bc%a0-baku-meaning-vague-obscure-desert-wide/
邪,"wicked, injustice, wrong",<em>(No detailed table found)</em>,,,https://jlptsensei.com/learn-japanese-kanji/%e9%82%aa-ja-yokoshima-meaning-wicked-injustice-wrong/
晶,"sparkle, clear, crystal",<em>(No detailed table found)</em>,,,https://jlptsensei.com/learn-japanese-kanji/%e6%99%b6-shou-meaning-sparkle-clear-crystal/
辻,"crossing, crossroad, street corners, (kokuji)",<em>(No detailed table found)</em>,,,https://jlptsensei.com/learn-japanese-kanji/%e8%be%bb-tsuji-meaning-crossing-crossroad-street-corners-kokuji/
墨,"black ink, India ink, ink stick, Mexico",<em>(No detailed table found)</em>,,,https://jlptsensei.com/learn-japanese-kanji/%e5%a2%a8-boku-sumi-meaning-black-ink-india-ink-ink-stick-mexico/
鎮,"tranquilize, ancient peace-preservation centers",<em>(No detailed table found)</em>,,,https://jlptsensei.com/learn-japanese-kanji/%e9%8e%ae-chin-shizumeru-osae-meaning-tranquilize-ancient-peace-preservation-centers/
洞,"den, cave, excavation",<em>(No detailed table found)</em>,,,https://jlptsensei.com/learn-japanese-kanji/%e6%b4%9e-dou-hora-meaning-den-cave-excavation/
履,"Learn Japanese kanji: 【 リ / は(く) 】. Meaning: perform, complete, footgear, shoes, boots, put on (the feet).",<em>(No detailed table found)</em>,,,https://jlptsensei.com/learn-japanese-kanji/%e5%b1%a5-ri-haku-meaning-perform-complete-footgear-shoes-boots-put-on-the-feet/
劣,"inferiority, be inferior to, be worse",<em>(No detailed table found)</em>,,,https://jlptsensei.com/learn-japanese-kanji/%e5%8a%a3-retsu-otoru-meaning-inferiority-be-inferior-to-be-worse/
那,what?,<em>(No detailed table found)</em>,,,https://jlptsensei.com/learn-japanese-kanji/%e9%82%a3-na-da-nani-nanzo-ikan-meaning-what/
殴,"assault, hit, beat, thrash",<em>(No detailed table found)</em>,,,https://jlptsensei.com/learn-japanese-kanji/%e6%ae%b4-ou-naguru-meaning-assault-hit-beat-thrash/
娠,"with child, pregnancy",<em>(No detailed table found)</em>,,,https://jlptsensei.com/learn-japanese-kanji/%e5%a8%a0-shin-meaning-with-child-pregnancy/
奉,"Learn Japanese kanji: 【 ホウ、 ブ / たてまつ(る)、 まつ(る)、 ほう(ずる) 】. Meaning: observance, offer, present, dedicate.",<em>(No detailed table found)</em>,,,https://jlptsensei.com/learn-japanese-kanji/%e5%a5%89-hou-bu-tatematsuru-matsuru-houzuru-meaning-observance-offer-present-dedicate/
憂,"melancholy, grieve, lament, be anxious, sad, unhappy",<em>(No detailed table found)</em>,,,https://jlptsensei.com/learn-japanese-kanji/%e6%86%82-yuu-ureeru-urei-ui-meaning-melancholy-grieve-lament-be-anxious-sad-unhappy/
朴,"crude, simple, plain, docile",<em>(No detailed table found)</em>,,,https://jlptsensei.com/learn-japanese-kanji/%e6%9c%b4-boku-hou-hoo-enoki-meaning-crude-simple-plain-docile/
亭,"pavilion, restaurant, mansion, arbor, cottage, vaudeville, music hall, stage name",<em>(No detailed table found)</em>,,,https://jlptsensei.com/learn-japanese-kanji/%e4%ba%ad-tei-chin-meaning-pavilion-restaurant-mansion-arbor-cottage-vaudeville-music-hall-stage-name/
淳,pure,<em>(No detailed table found)</em>,,,https://jlptsensei.com/learn-japanese-kanji/%e6%b7%b3-jun-shun-atsui-meaning-pure/
荻,"reed, rush",<em>(No detailed table found)</em>,,,https://jlptsensei.com/learn-japanese-kanji/%e8%8d%bb-teki-ogi-meaning-reed-rush/
嶋,island,<em>(No detailed table found)</em>,,,https://jlptsensei.com/learn-japanese-kanji/%e5%b6%8b-tou-shima-meaning-island/
怪,"suspicious, mystery, apparition",<em>(No detailed table found)</em>,,,https://jlptsensei.com/learn-japanese-kanji/%e6%80%aa-kai-ke-ayashii-ayashimu-meaning-suspicious-mystery-apparition/
鳩,"pigeon, dove",<em>(No detailed table found)</em>,,,https://jlptsensei.com/learn-japanese-kanji/%e9%b3%a9-kyuu-ku-hato-atsumeru-meaning-pigeon-dove/
柴,"brush, firewood",<em>(No detailed table found)</em>,,,https://jlptsensei.com/learn-japanese-kanji/%e6%9f%b4-sai-shi-shiba-meaning-brush-firewood/
酔,"drunk, feel sick, poisoned, elated, spellbound",<em>(No detailed table found)</em>,,,https://jlptsensei.com/learn-japanese-kanji/%e9%85%94-sui-you-yoi-yo-meaning-drunk-feel-sick-poisoned-elated-spellbound/
惜,"pity, be sparing of, frugal, stingy, regret",<em>(No detailed table found)</em>,,,https://jlptsensei.com/learn-japanese-kanji/%e6%83%9c-seki-oshii-oshimu-meaning-pity-be-sparing-of-frugal-stingy-regret/
穫,"harvest, reap",<em>(No detailed table found)</em>,,,https://jlptsensei.com/learn-japanese-kanji/%e7%a9%ab-kaku-meaning-harvest-reap/
佳,"excellent, beautiful, good, pleasing, skilled",<em>(No detailed table found)</em>,,,https://jlptsensei.com/learn-japanese-kanji/%e4%bd%b3-ka-meaning-excellent-beautiful-good-pleasing-skilled/
潤,"wet, be watered, profit by, receive benefits, favor, charm, steep",<em>(No detailed table found)</em>,,,https://jlptsensei.com/learn-japanese-kanji/%e6%bd%a4-jun-uruou-urumu-meaning-wet-be-watered-profit-by-receive-benefits-favor-charm-steep/
悼,"lament, grieve over",<em>(No detailed table found)</em>,,,https://jlptsensei.com/learn-japanese-kanji/%e6%82%bc-tou-itamu-meaning-lament-grieve-over/
乏,"destitution, scarce, limited",<em>(No detailed table found)</em>,,,https://jlptsensei.com/learn-japanese-kanji/%e4%b9%8f-bou-toboshii-tomoshii-meaning-destitution-scarce-limited/
該,"above-stated, the said, that specific",<em>(No detailed table found)</em>,,,https://jlptsensei.com/learn-japanese-kanji/%e8%a9%b2-gai-meaning-above-stated-the-said-that-specific/
赴,"proceed, get, become, tend",<em>(No detailed table found)</em>,,,https://jlptsensei.com/learn-japanese-kanji/%e8%b5%b4-fu-omomuku-meaning-proceed-get-become-tend/
桑,mulberry,<em>(No detailed table found)</em>,,,https://jlptsensei.com/learn-japanese-kanji/%e6%a1%91-sou-kuwa-meaning-mulberry/
桂,"Japanese Judas-tree, cinnamon tree",<em>(No detailed table found)</em>,,,https://jlptsensei.com/learn-japanese-kanji/%e6%a1%82-kei-katsura-meaning-japanese-judas-tree-cinnamon-tree/
髄,"marrow, pith, essence",<em>(No detailed table found)</em>,,,https://jlptsensei.com/learn-japanese-kanji/%e9%ab%84-zui-meaning-marrow-pith-essence/
虎,"tiger, drunkard",<em>(No detailed table found)</em>,,,https://jlptsensei.com/learn-japanese-kanji/%e8%99%8e-ko-tora-meaning-tiger-drunkard/
盆,"basin, lantern festival, tray",<em>(No detailed table found)</em>,,,https://jlptsensei.com/learn-japanese-kanji/%e7%9b%86-bon-meaning-basin-lantern-festival-tray/
晋,advance,<em>(No detailed table found)</em>,,,https://jlptsensei.com/learn-japanese-kanji/%e6%99%8b-shin-susumu-meaning-advance/
穂,"ear, ear (grain), head, crest (wave)",<em>(No detailed table found)</em>,,,https://jlptsensei.com/learn-japanese-kanji/%e7%a9%82-sui-ho-meaning-ear-ear-grain-head-crest-wave/
壮,"robust, manhood, prosperity",<em>(No detailed table found)</em>,,,https://jlptsensei.com/learn-japanese-kanji/%e5%a3%ae-sou-sakan-meaning-robust-manhood-prosperity/
堤,"dike, bank, embankment",<em>(No detailed table found)</em>,,,https://jlptsensei.com/learn-japanese-kanji/%e5%a0%a4-tei-tsutsumi-meaning-dike-bank-embankment/
飢,"hungry, starve",<em>(No detailed table found)</em>,,,https://jlptsensei.com/learn-japanese-kanji/%e9%a3%a2-ki-ueru-meaning-hungry-starve/
傍,"bystander, side, besides, while, nearby, third person",<em>(No detailed table found)</em>,,,https://jlptsensei.com/learn-japanese-kanji/%e5%82%8d-bou-katawara-waki-oka-hata-soba-meaning-bystander-side-besides-while-nearby-third-person/
疫,epidemic,<em>(No detailed table found)</em>,,,https://jlptsensei.com/learn-japanese-kanji/%e7%96%ab-eki-yaku-meaning-epidemic/
累,"accumulate, involvement, trouble, tie up, continually",<em>(No detailed table found)</em>,,,https://jlptsensei.com/learn-japanese-kanji/%e7%b4%af-rui-meaning-accumulate-involvement-trouble-tie-up-continually/
痴,"Learn Japanese kanji: 【 チ / し(れる)、 おろか 】. Meaning: stupid, foolish.",<em>(No detailed table found)</em>,,,https://jlptsensei.com/learn-japanese-kanji/%e7%97%b4-chi-shireru-oroka-meaning-stupid-foolish/
搬,"conveyor, carry, transport",<em>(No detailed table found)</em>,,,https://jlptsensei.com/learn-japanese-kanji/%e6%90%ac-han-meaning-conveyor-carry-transport/
晃,clear,<em>(No detailed table found)</em>,,,https://jlptsensei.com/learn-japanese-kanji/%e6%99%83-kou-akiraka-meaning-clear/
癒,"healing, cure, quench (thirst), wreak",<em>(No detailed table found)</em>,,,https://jlptsensei.com/learn-japanese-kanji/%e7%99%92-yu-ieru-iyasu-meaning-healing-cure-quench-thirst-wreak/
桐,paulownia,<em>(No detailed table found)</em>,,,https://jlptsensei.com/learn-japanese-kanji/%e6%a1%90-tou-dou-kiri-meaning-paulownia/
寸,"Learn Japanese kanji: 【 スン 】. Meaning: measurement, tenth of a shaku, a little, small.",<em>(No detailed table found)</em>,,,https://jlptsensei.com/learn-japanese-kanji/%e5%af%b8-sun-meaning-measurement-tenth-of-a-shaku-a-little-small/
郭,"enclosure, quarters, fortification, red-light district",<em>(No detailed table found)</em>,,,https://jlptsensei.com/learn-japanese-kanji/%e9%83%ad-kaku-kuruwa-meaning-enclosure-quarters-fortification-red-light-district/
尿,Learn Japanese kanji: 【 ニョウ / ゆばり、 いばり、 しと 】. Meaning: urine.,<em>(No detailed table found)</em>,,,https://jlptsensei.com/learn-japanese-kanji/%e5%b0%bf-nyou-yubari-ibari-shito-meaning-urine/
凶,"villain, evil, bad luck, disaster",<em>(No detailed table found)</em>,,,https://jlptsensei.com/learn-japanese-kanji/%e5%87%b6-kyou-meaning-villain-evil-bad-luck-disaster/
吐,"spit, vomit, belch, confess, tell (lies)",<em>(No detailed table found)</em>,,,https://jlptsensei.com/learn-japanese-kanji/%e5%90%90-to-haku-tsuku-meaning-spit-vomit-belch-confess-tell-lies/
宴,"banquet, feast, party",<em>(No detailed table found)</em>,,,https://jlptsensei.com/learn-japanese-kanji/%e5%ae%b4-en-utage-meaning-banquet-feast-party/
鷹,hawk,<em>(No detailed table found)</em>,,,https://jlptsensei.com/learn-japanese-kanji/%e9%b7%b9-you-ou-taka-meaning-hawk/
賓,"V.I.P., guest",<em>(No detailed table found)</em>,,,https://jlptsensei.com/learn-japanese-kanji/%e8%b3%93-hin-maroudo-shitagau-meaning-v-i-p-guest/
虜,"captive, barbarian, low epithet for the enemy",<em>(No detailed table found)</em>,,,https://jlptsensei.com/learn-japanese-kanji/%e8%99%9c-ryo-ro-toriko-toriku-meaning-captive-barbarian-low-epithet-for-the-enemy/
陶,"pottery, porcelain",<em>(No detailed table found)</em>,,,https://jlptsensei.com/learn-japanese-kanji/%e9%99%b6-tou-sue-meaning-pottery-porcelain/
鐘,"bell, gong, chimes",<em>(No detailed table found)</em>,,,https://jlptsensei.com/learn-japanese-kanji/%e9%90%98-shou-kane-meaning-bell-gong-chimes/
憾,"remorse, regret, be sorry",<em>(No detailed table found)</em>,,,https://jlptsensei.com/learn-japanese-kanji/%e6%86%be-kan-uramu-meaning-remorse-regret-be-sorry/
畿,"capital, suburbs of capital",<em>(No detailed table found)</em>,,,https://jlptsensei.com/learn-japanese-kanji/%e7%95%bf-ki-miyako-meaning-capital-suburbs-of-capital/
猪,boar,<em>(No detailed table found)</em>,,,https://jlptsensei.com/learn-japanese-kanji/%e7%8c%aa-cho-i-inoshishi-meaning-boar/
紘,large,<em>(No detailed table found)</em>,,,https://jlptsensei.com/learn-japanese-kanji/%e7%b4%98-kou-oodzuna-tsuna-tsunagu-meaning-large/
磁,"magnet, porcelain",<em>(No detailed table found)</em>,,,https://jlptsensei.com/learn-japanese-kanji/%e7%a3%81-ji-meaning-magnet-porcelain/
弥,"all the more, increasingly",<em>(No detailed table found)</em>,,,https://jlptsensei.com/learn-japanese-kanji/%e5%bc%a5-mi-bi-ya-iya-iyoiyo-wataru-meaning-all-the-more-increasingly/
昆,"descendants, elder brother, insect",<em>(No detailed table found)</em>,,,https://jlptsensei.com/learn-japanese-kanji/%e6%98%86-kon-meaning-descendants-elder-brother-insect/
粗,"coarse, rough, rugged",<em>(No detailed table found)</em>,,,https://jlptsensei.com/learn-japanese-kanji/%e7%b2%97-so-arai-ara-meaning-coarse-rough-rugged/
訂,"Learn Japanese kanji: 【 テイ / ただ(す) 】. Meaning: revise, correct, decide.",<em>(No detailed table found)</em>,,,https://jlptsensei.com/learn-japanese-kanji/%e8%a8%82-tei-tadasu-meaning-revise-correct-decide/
芽,"bud, sprout, spear, germ",<em>(No detailed table found)</em>,,,https://jlptsensei.com/learn-japanese-kanji/%e8%8a%bd-ga-me-meaning-bud-sprout-spear-germ/
尻,"buttocks, hips, butt, rear",<em>(No detailed table found)</em>,,,https://jlptsensei.com/learn-japanese-kanji/%e5%b0%bb-kou-shiri-meaning-buttocks-hips-butt-rear/
庄,"level, in the country, manor, village, hamlet",<em>(No detailed table found)</em>,,,https://jlptsensei.com/learn-japanese-kanji/%e5%ba%84-shou-so-sou-hou-meaning-level-in-the-country-manor-village-hamlet/
傘,umbrella,<em>(No detailed table found)</em>,,,https://jlptsensei.com/learn-japanese-kanji/%e5%82%98-san-kasa-meaning-umbrella/
敦,"industry, kindliness",<em>(No detailed table found)</em>,,,https://jlptsensei.com/learn-japanese-kanji/%e6%95%a6-ton-tai-dan-chou-atsui-meaning-industry-kindliness/
騎,"equestrian, riding on horses, counter for equestrians",<em>(No detailed table found)</em>,,,https://jlptsensei.com/learn-japanese-kanji/%e9%a8%8e-ki-meaning-equestrian-riding-on-horses-counter-for-equestrians/
寧,"rather, preferably, peaceful, quiet, tranquility",<em>(No detailed table found)</em>,,,https://jlptsensei.com/learn-japanese-kanji/%e5%af%a7-nei-mushiro-meaning-rather-preferably-peaceful-quiet-tranquility/
循,"sequential, follow",<em>(No detailed table found)</em>,,,https://jlptsensei.com/learn-japanese-kanji/%e5%be%aa-jun-meaning-sequential-follow/
忍,"Learn Japanese kanji: 【 ニン / しの(ぶ)、 しの(ばせる) 】. Meaning: endure, bear, put up with, conceal, secrete, spy, sneak.",<em>(No detailed table found)</em>,,,https://jlptsensei.com/learn-japanese-kanji/%e5%bf%8d-nin-shinobu-shinobaseru-meaning-endure-bear-put-up-with-conceal-secrete-spy-sneak/
磐,"rock, crag, cliff, wall (in a mine)",<em>(No detailed table found)</em>,,,https://jlptsensei.com/learn-japanese-kanji/%e7%a3%90-ban-han-iwa-meaning-rock-crag-cliff-wall-in-a-mine/
怠,"neglect, laziness",<em>(No detailed table found)</em>,,,https://jlptsensei.com/learn-japanese-kanji/%e6%80%a0-tai-okotaru-namakeru-meaning-neglect-laziness/
如,"likeness, like, such as, as if, better, best, equal",<em>(No detailed table found)</em>,,,https://jlptsensei.com/learn-japanese-kanji/%e5%a6%82-jo-nyo-gotoshi-meaning-likeness-like-such-as-as-if-better-best-equal/
寮,"dormitory, hostel, villa, tea pavillion",<em>(No detailed table found)</em>,,,https://jlptsensei.com/learn-japanese-kanji/%e5%af%ae-ryou-meaning-dormitory-hostel-villa-tea-pavillion/
祐,help,<em>(No detailed table found)</em>,,,https://jlptsensei.com/learn-japanese-kanji/%e7%a5%90-yuu-u-tasukeru-meaning-help/
鵬,phoenix,<em>(No detailed table found)</em>,,,https://jlptsensei.com/learn-japanese-kanji/%e9%b5%ac-hou-ootori-meaning-phoenix/
鉛,lead,<em>(No detailed table found)</em>,,,https://jlptsensei.com/learn-japanese-kanji/%e9%89%9b-en-namari-meaning-lead/
珠,"pearl, gem, jewel",<em>(No detailed table found)</em>,,,https://jlptsensei.com/learn-japanese-kanji/%e7%8f%a0-shu-tama-meaning-pearl-gem-jewel-2/
凝,"congeal, freeze, stiff, be absorbed in",<em>(No detailed table found)</em>,,,https://jlptsensei.com/learn-japanese-kanji/%e5%87%9d-gyou-koru-kogorasu-meaning-congeal-freeze-stiff-be-absorbed-in/
苗,"seedling, sapling, shoot",<em>(No detailed table found)</em>,,,https://jlptsensei.com/learn-japanese-kanji/%e8%8b%97-byou-myou-nae-nawa-meaning-seedling-sapling-shoot/
獣,"animal, beast",<em>(No detailed table found)</em>,,,https://jlptsensei.com/learn-japanese-kanji/%e7%8d%a3-juu-kemono-kedamono-meaning-animal-beast/
哀,"pathetic, grief, sorrow, pathos, pity, sympathize",<em>(No detailed table found)</em>,,,https://jlptsensei.com/learn-japanese-kanji/%e5%93%80-ai-aware-kanashii-meaning-pathetic-grief-sorrow-pathos-pity-sympathize/
跳,"hop, leap up, spring, jerk, prance, buck, splash, sputter, snap",<em>(No detailed table found)</em>,,,https://jlptsensei.com/learn-japanese-kanji/%e8%b7%b3-chou-haneru-tobu-tobi-meaning-hop-leap-up-spring-jerk-prance-buck-splash-sputter-snap/
匠,"artisan, workman, carpenter",<em>(No detailed table found)</em>,,,https://jlptsensei.com/learn-japanese-kanji/%e5%8c%a0-shou-takumi-meaning-artisan-workman-carpenter/
垂,"droop, suspend, hang, slouch",<em>(No detailed table found)</em>,,,https://jlptsensei.com/learn-japanese-kanji/%e5%9e%82-sui-tareru-tare-nannantosu-meaning-droop-suspend-hang-slouch/
蛇,"snake, serpent, hard drinker",<em>(No detailed table found)</em>,,,https://jlptsensei.com/learn-japanese-kanji/%e8%9b%87-ja-da-i-ya-hebi-meaning-snake-serpent-hard-drinker/
澄,"Learn Japanese kanji: 【 チョウ / す(む)、 す(ます)、 -す(ます) 】. Meaning: lucidity, be clear, clear, clarify, settle, strain, look grave.",<em>(No detailed table found)</em>,,,https://jlptsensei.com/learn-japanese-kanji/%e6%be%84-chou-sumu-sumasu-sumasu-meaning-lucidity-be-clear-clear-clarify-settle-strain-look-grave/
縫,"sew, stitch, embroider",<em>(No detailed table found)</em>,,,https://jlptsensei.com/learn-japanese-kanji/%e7%b8%ab-hou-nuu-meaning-sew-stitch-embroider/
僧,"Buddhist priest, monk",<em>(No detailed table found)</em>,,,https://jlptsensei.com/learn-japanese-kanji/%e5%83%a7-sou-meaning-buddhist-priest-monk/
眺,"stare, watch, look at, see, scrutinize",<em>(No detailed table found)</em>,,,https://jlptsensei.com/learn-japanese-kanji/%e7%9c%ba-chou-nagameru-meaning-stare-watch-look-at-see-scrutinize/
唐,"T'ang, China, foreign",<em>(No detailed table found)</em>,,,https://jlptsensei.com/learn-japanese-kanji/%e5%94%90-tou-kara-meaning-tang-china-foreign/
亘,"span, range, extend over",<em>(No detailed table found)</em>,,,https://jlptsensei.com/learn-japanese-kanji/%e4%ba%98-kou-kan-sen-wataru-motomeru-meaning-span-range-extend-over/
呉,"give, do something for, kingdom of Wu",<em>(No detailed table found)</em>,,,https://jlptsensei.com/learn-japanese-kanji/%e5%91%89-go-kureru-meaning-give-do-something-for-kingdom-of-wu/
凡,"commonplace, ordinary, mediocre",<em>(No detailed table found)</em>,,,https://jlptsensei.com/learn-japanese-kanji/%e5%87%a1-bon-han-oyoso-ouyoso-subete-meaning-commonplace-ordinary-mediocre/
憩,"recess, rest, relax, repose",<em>(No detailed table found)</em>,,,https://jlptsensei.com/learn-japanese-kanji/%e6%86%a9-kei-ikoi-ikou-meaning-recess-rest-relax-repose/
鄭,an ancient Chinese province,<em>(No detailed table found)</em>,,,https://jlptsensei.com/learn-japanese-kanji/%e9%84%ad-tei-jou-meaning-an-ancient-chinese-province/
芦,"reed, bullrush",<em>(No detailed table found)</em>,,,https://jlptsensei.com/learn-japanese-kanji/%e8%8a%a6-ro-ashi-yoshi-meaning-reed-bullrush/
龍,"dragon, imperial",<em>(No detailed table found)</em>,,,https://jlptsensei.com/learn-japanese-kanji/%e9%be%8d-ryuu-ryou-rou-tatsu-meaning-dragon-imperial/
媛,"beautiful woman, princess",<em>(No detailed table found)</em>,,,https://jlptsensei.com/learn-japanese-kanji/%e5%aa%9b-en-hime-meaning-beautiful-woman-princess/
溝,"gutter, ditch, sewer, drain, 10**32",<em>(No detailed table found)</em>,,,https://jlptsensei.com/learn-japanese-kanji/%e6%ba%9d-kou-mizo-meaning-gutter-ditch-sewer-drain-1032/
恭,"respect, reverent",<em>(No detailed table found)</em>,,,https://jlptsensei.com/learn-japanese-kanji/%e6%81%ad-kyou-uyauyashii-meaning-respect-reverent/
刈,"reap, cut, clip, trim, prune",<em>(No detailed table found)</em>,,,https://jlptsensei.com/learn-japanese-kanji/%e5%88%88-gai-kai-karu-meaning-reap-cut-clip-trim-prune/
睡,"drowsy, sleep, die",<em>(No detailed table found)</em>,,,https://jlptsensei.com/learn-japanese-kanji/%e7%9d%a1-sui-nemuru-nemui-meaning-drowsy-sleep-die/
錯,"confused, mix, be in disorder",<em>(No detailed table found)</em>,,,https://jlptsensei.com/learn-japanese-kanji/%e9%8c%af-saku-shaku-meaning-confused-mix-be-in-disorder/
伯,"chief, count, earl, uncle, Brazil",<em>(No detailed table found)</em>,,,https://jlptsensei.com/learn-japanese-kanji/%e4%bc%af-haku-meaning-chief-count-earl-uncle-brazil/
笹,"bamboo grass, (kokuji)",<em>(No detailed table found)</em>,,,https://jlptsensei.com/learn-japanese-kanji/%e7%ac%b9-sasa-meaning-bamboo-grass-kokuji/
穀,"cereals, grain",<em>(No detailed table found)</em>,,,https://jlptsensei.com/learn-japanese-kanji/%e7%a9%80-koku-meaning-cereals-grain/
柿,persimmon,<em>(No detailed table found)</em>,,,https://jlptsensei.com/learn-japanese-kanji/%e6%9f%bf-shi-kaki-meaning-persimmon/
陵,"mausoleum, imperial tomb, mound, hill",<em>(No detailed table found)</em>,,,https://jlptsensei.com/learn-japanese-kanji/%e9%99%b5-ryou-misasagi-meaning-mausoleum-imperial-tomb-mound-hill/
霧,"fog, mist",<em>(No detailed table found)</em>,,,https://jlptsensei.com/learn-japanese-kanji/%e9%9c%a7-mu-bou-bu-kiri-meaning-fog-mist/
魂,"soul, spirit",<em>(No detailed table found)</em>,,,https://jlptsensei.com/learn-japanese-kanji/%e9%ad%82-kon-tamashii-tama-meaning-soul-spirit/
弊,"abuse, evil, vice, breakage",<em>(No detailed table found)</em>,,,https://jlptsensei.com/learn-japanese-kanji/%e5%bc%8a-hei-meaning-abuse-evil-vice-breakage/
釧,bracelet,<em>(No detailed table found)</em>,,,https://jlptsensei.com/learn-japanese-kanji/%e9%87%a7-sen-kushiro-udewa-meaning-bracelet/
妃,"Learn Japanese kanji: 【 ヒ / きさき 】. Meaning: queen, princess.",<em>(No detailed table found)</em>,,,https://jlptsensei.com/learn-japanese-kanji/%e5%a6%83-hi-kisaki-meaning-queen-princess/
舶,"liner, ship",<em>(No detailed table found)</em>,,,https://jlptsensei.com/learn-japanese-kanji/%e8%88%b6-haku-meaning-liner-ship/
餓,"starve, hungry, thirst",<em>(No detailed table found)</em>,,,https://jlptsensei.com/learn-japanese-kanji/%e9%a4%93-ga-ueru-meaning-starve-hungry-thirst/
腎,kidney,<em>(No detailed table found)</em>,,,https://jlptsensei.com/learn-japanese-kanji/%e8%85%8e-jin-meaning-kidney/
窮,"hard up, destitute, suffer, perplexed, cornered",<em>(No detailed table found)</em>,,,https://jlptsensei.com/learn-japanese-kanji/%e7%aa%ae-kyuu-kyou-kiwameru-meaning-hard-up-destitute-suffer-perplexed-cornered/
掌,"manipulate, rule, administer, conduct, palm of hand",<em>(No detailed table found)</em>,,,https://jlptsensei.com/learn-japanese-kanji/%e6%8e%8c-shou-tenohira-tanagokoro-meaning-manipulate-rule-administer-conduct-palm-of-hand/
麗,"lovely, beautiful, graceful, resplendent",<em>(No detailed table found)</em>,,,https://jlptsensei.com/learn-japanese-kanji/%e9%ba%97-rei-uruwashii-uraraka-meaning-lovely-beautiful-graceful-resplendent/
綾,"design, figured cloth, twill",<em>(No detailed table found)</em>,,,https://jlptsensei.com/learn-japanese-kanji/%e7%b6%be-rin-aya-meaning-design-figured-cloth-twill/
臭,"stinking, ill-smelling, suspicious looking, odor, savor, fragrance, be fragrant",<em>(No detailed table found)</em>,,,https://jlptsensei.com/learn-japanese-kanji/%e8%87%ad-shuu-kusai-kusai-niou-meaning-stinking-ill-smelling-suspicious-looking-odor-savor-fragrance-be-fragrant/
釜,"kettle, cauldron, iron pot",<em>(No detailed table found)</em>,,,https://jlptsensei.com/learn-japanese-kanji/%e9%87%9c-fu-kama-meaning-kettle-cauldron-iron-pot/
悦,"ecstasy, joy, rapture",<em>(No detailed table found)</em>,,,https://jlptsensei.com/learn-japanese-kanji/%e6%82%a6-etsu-yorokobu-meaning-ecstasy-joy-rapture/
刃,"blade, sword, edge",<em>(No detailed table found)</em>,,,https://jlptsensei.com/learn-japanese-kanji/%e5%88%83-jin-nin-ha-yaiba-kiru-meaning-blade-sword-edge/
縛,"truss, arrest, bind, tie, restrain",<em>(No detailed table found)</em>,,,https://jlptsensei.com/learn-japanese-kanji/%e7%b8%9b-baku-shibaru-meaning-truss-arrest-bind-tie-restrain/
暦,"calendar, almanac",<em>(No detailed table found)</em>,,,https://jlptsensei.com/learn-japanese-kanji/%e6%9a%a6-reki-ryaku-koyomi-meaning-calendar-almanac/
宜,"best regards, good",<em>(No detailed table found)</em>,,,https://jlptsensei.com/learn-japanese-kanji/%e5%ae%9c-gi-yoroshii-meaning-best-regards-good/
盲,"blind, blind man, ignoramus",<em>(No detailed table found)</em>,,,https://jlptsensei.com/learn-japanese-kanji/%e7%9b%b2-mou-mekura-meaning-blind-blind-man-ignoramus/
粋,"chic, style, purity, essence, pith, cream, elite, choice",<em>(No detailed table found)</em>,,,https://jlptsensei.com/learn-japanese-kanji/%e7%b2%8b-sui-iki-meaning-chic-style-purity-essence-pith-cream-elite-choice/
辱,"embarrass, humiliate, shame",<em>(No detailed table found)</em>,,,https://jlptsensei.com/learn-japanese-kanji/%e8%be%b1-joku-hazukashimeru-meaning-embarrass-humiliate-shame/
毅,strong,<em>(No detailed table found)</em>,,,https://jlptsensei.com/learn-japanese-kanji/%e6%af%85-ki-gi-tsuyoi-meaning-strong/
轄,"control, wedge",<em>(No detailed table found)</em>,,,https://jlptsensei.com/learn-japanese-kanji/%e8%bd%84-katsu-kusabi-meaning-control-wedge/
猿,monkey,<em>(No detailed table found)</em>,,,https://jlptsensei.com/learn-japanese-kanji/%e7%8c%bf-en-saru-meaning-monkey/
弦,"bowstring, chord, hypotenuse",<em>(No detailed table found)</em>,,,https://jlptsensei.com/learn-japanese-kanji/%e5%bc%a6-gen-tsuru-meaning-bowstring-chord-hypotenuse/
嶌,island,<em>(No detailed table found)</em>,,,https://jlptsensei.com/learn-japanese-kanji/%e5%b6%8c-tou-shima-meaning-island/
稔,"harvest, ripen",<em>(No detailed table found)</em>,,,https://jlptsensei.com/learn-japanese-kanji/%e7%a8%94-nen-jin-nin-minoru-minori-meaning-harvest-ripen/
窒,"plug up, obstruct",<em>(No detailed table found)</em>,,,https://jlptsensei.com/learn-japanese-kanji/%e7%aa%92-chitsu-meaning-plug-up-obstruct/
炊,"cook, boil",<em>(No detailed table found)</em>,,,https://jlptsensei.com/learn-japanese-kanji/%e7%82%8a-sui-taku-daki-meaning-cook-boil/
洪,"Learn Japanese kanji: 【 コウ 】. Meaning: deluge, flood, vast.",<em>(No detailed table found)</em>,,,https://jlptsensei.com/learn-japanese-kanji/%e6%b4%aa-kou-meaning-deluge-flood-vast/
摂,"vicarious, surrogate, act in addition to, take in, absorb",<em>(No detailed table found)</em>,,,https://jlptsensei.com/learn-japanese-kanji/%e6%91%82-setsu-shou-osameru-kaneru-toru-meaning-vicarious-surrogate-act-in-addition-to-take-in-absorb/
飽,"sated, tired of, bored, satiate",<em>(No detailed table found)</em>,,,https://jlptsensei.com/learn-japanese-kanji/%e9%a3%bd-hou-akiru-akasu-aku-meaning-sated-tired-of-bored-satiate/
函,box (archaic),<em>(No detailed table found)</em>,,,https://jlptsensei.com/learn-japanese-kanji/%e5%87%bd-kan-hako-ireru-meaning-box-archaic/
冗,"superfluous, uselessness",<em>(No detailed table found)</em>,,,https://jlptsensei.com/learn-japanese-kanji/%e5%86%97-jou-meaning-superfluous-uselessness/
桃,peach,<em>(No detailed table found)</em>,,,https://jlptsensei.com/learn-japanese-kanji/%e6%a1%83-tou-momo-meaning-peach/
狩,"hunt, raid, gather",<em>(No detailed table found)</em>,,,https://jlptsensei.com/learn-japanese-kanji/%e7%8b%a9-shu-karu-kari-gari-meaning-hunt-raid-gather/
朱,"vermilion, cinnabar, scarlet, red, bloody",<em>(No detailed table found)</em>,,,https://jlptsensei.com/learn-japanese-kanji/%e6%9c%b1-shu-ake-meaning-vermilion-cinnabar-scarlet-red-bloody/
渦,"whirlpool, eddy, vortex",<em>(No detailed table found)</em>,,,https://jlptsensei.com/learn-japanese-kanji/%e6%b8%a6-ka-uzu-meaning-whirlpool-eddy-vortex/
紳,"sire, good belt, gentleman",<em>(No detailed table found)</em>,,,https://jlptsensei.com/learn-japanese-kanji/%e7%b4%b3-shin-meaning-sire-good-belt-gentleman/
枢,"hinge, pivot, door, center of things",<em>(No detailed table found)</em>,,,https://jlptsensei.com/learn-japanese-kanji/%e6%9e%a2-suu-shu-toboso-karakuri-meaning-hinge-pivot-door-center-of-things/
碑,"tombstone, monument",<em>(No detailed table found)</em>,,,https://jlptsensei.com/learn-japanese-kanji/%e7%a2%91-hi-ishibumi-meaning-tombstone-monument/
鍛,"forge, discipline, train",<em>(No detailed table found)</em>,,,https://jlptsensei.com/learn-japanese-kanji/%e9%8d%9b-tan-kitaeru-meaning-forge-discipline-train/
刀,"Learn Japanese kanji: 【 トウ / かたな、 そり 】. Meaning: sword, saber, knife.",<em>(No detailed table found)</em>,,,https://jlptsensei.com/learn-japanese-kanji/%e5%88%80-tou-katana-sori-meaning-sword-saber-knife/
鼓,"Learn Japanese kanji: 【 コ / つづみ 】. Meaning: drum, beat, rouse, muster.",<em>(No detailed table found)</em>,,,https://jlptsensei.com/learn-japanese-kanji/%e9%bc%93-ko-tsudzumi-meaning-drum-beat-rouse-muster/
裸,"Learn Japanese kanji: 【 ラ / はだか 】. Meaning: naked, nude, uncovered, partially clothed.",<em>(No detailed table found)</em>,,,https://jlptsensei.com/learn-japanese-kanji/%e8%a3%b8-ra-hadaka-meaning-naked-nude-uncovered-partially-clothed/
鴨,"wild duck, easy mark",<em>(No detailed table found)</em>,,,https://jlptsensei.com/learn-japanese-kanji/%e9%b4%a8-ou-kamo-ahiru-meaning-wild-duck-easy-mark/
猶,"furthermore, still, yet",<em>(No detailed table found)</em>,,,https://jlptsensei.com/learn-japanese-kanji/%e7%8c%b6-yuu-yu-nao-meaning-furthermore-still-yet/
塊,"clod, lump, chunk, clot, mass",<em>(No detailed table found)</em>,,,https://jlptsensei.com/learn-japanese-kanji/%e5%a1%8a-kai-ke-katamari-tsuchikure-meaning-clod-lump-chunk-clot-mass/
旋,"rotation, go around",<em>(No detailed table found)</em>,,,https://jlptsensei.com/learn-japanese-kanji/%e6%97%8b-sen-muguru-ibari-meaning-rotation-go-around/
弓,"bow, bow (archery, violin)",<em>(No detailed table found)</em>,,,https://jlptsensei.com/learn-japanese-kanji/%e5%bc%93-kyuu-yumi-meaning-bow-bow-archery-violin/
幣,"cash, bad habit, humble prefix, gift",<em>(No detailed table found)</em>,,,https://jlptsensei.com/learn-japanese-kanji/%e5%b9%a3-hei-nusa-meaning-cash-bad-habit-humble-prefix-gift-shinto-offerings-of-cloth-rope-cut-paper/
膜,membrane,<em>(No detailed table found)</em>,,,https://jlptsensei.com/learn-japanese-kanji/%e8%86%9c-maku-meaning-membrane/
扇,"fan, folding fan",<em>(No detailed table found)</em>,,,https://jlptsensei.com/learn-japanese-kanji/%e6%89%87-sen-ougi-meaning-fan-folding-fan/
脇,"Learn Japanese kanji: 【 キョウ / わき、 わけ 】. Meaning: armpit, the other way, another place, flank, supporting role.",<em>(No detailed table found)</em>,,,https://jlptsensei.com/learn-japanese-kanji/%e8%84%87-kyou-waki-wake-meaning-armpit-the-other-way-another-place-flank-supporting-role/
腸,"intestines, guts, bowels, viscera",<em>(No detailed table found)</em>,,,https://jlptsensei.com/learn-japanese-kanji/%e8%85%b8-chou-harawata-wata-meaning-intestines-guts-bowels-viscera/
槽,"vat, tub, tank",<em>(No detailed table found)</em>,,,https://jlptsensei.com/learn-japanese-kanji/%e6%a7%bd-sou-fune-meaning-vat-tub-tank/
鍋,"pot, pan, kettle",<em>(No detailed table found)</em>,,,https://jlptsensei.com/learn-japanese-kanji/%e9%8d%8b-ka-nabe-meaning-pot-pan-kettle/
慈,mercy,<em>(No detailed table found)</em>,,,https://jlptsensei.com/learn-japanese-kanji/%e6%85%88-ji-itsukushimu-meaning-mercy/
樋,"water pipe, gutter, downspout, conduit",<em>(No detailed table found)</em>,,,https://jlptsensei.com/learn-japanese-kanji/%e6%a8%8b-tou-hi-toi-meaning-water-pipe-gutter-downspout-conduit/
楊,willow,<em>(No detailed table found)</em>,,,https://jlptsensei.com/learn-japanese-kanji/%e6%a5%8a-you-yanagi-meaning-willow/
伐,"fell, strike, attack, punish",<em>(No detailed table found)</em>,,,https://jlptsensei.com/learn-japanese-kanji/%e4%bc%90-batsu-hatsu-ka-bochi-kiru-somuku-utsu-meaning-fell-strike-attack-punish/
駿,"a good horse, speed, a fast person",<em>(No detailed table found)</em>,,,https://jlptsensei.com/learn-japanese-kanji/%e9%a7%bf-shun-sun-sugureru-meaning-a-good-horse-speed-a-fast-person/
漬,"pickling, soak, moisten, steep",<em>(No detailed table found)</em>,,,https://jlptsensei.com/learn-japanese-kanji/%e6%bc%ac-shi-tsukeru-dzuke-meaning-pickling-soak-moisten-steep/
糾,"twist, ask, investigate, verify",<em>(No detailed table found)</em>,,,https://jlptsensei.com/learn-japanese-kanji/%e7%b3%be-kyuu-tadasu-meaning-twist-ask-investigate-verify/
亮,"clear, help",<em>(No detailed table found)</em>,,,https://jlptsensei.com/learn-japanese-kanji/%e4%ba%ae-ryou-akiraka-meaning-clear-help/
墳,"tomb, mound",<em>(No detailed table found)</em>,,,https://jlptsensei.com/learn-japanese-kanji/%e5%a2%b3-fun-meaning-tomb-mound/
坪,"two-mat area, approx. thirty-six sq ft",<em>(No detailed table found)</em>,,,https://jlptsensei.com/learn-japanese-kanji/%e5%9d%aa-hei-tsubo-meaning-two-mat-area-approx-thirty-six-sq-ft/
紺,"dark blue, navy",<em>(No detailed table found)</em>,,,https://jlptsensei.com/learn-japanese-kanji/%e7%b4%ba-kon-meaning-dark-blue-navy/
慌,"disconcerted, be confused, lose one's head",<em>(No detailed table found)</em>,,,https://jlptsensei.com/learn-japanese-kanji/%e6%85%8c-kou-awateru-awatadashii-meaning-disconcerted-be-confused-lose-ones-head/
娯,"recreation, pleasure",<em>(No detailed table found)</em>,,,https://jlptsensei.com/learn-japanese-kanji/%e5%a8%af-go-meaning-recreation-pleasure/
吾,"I, my, our, one's own",<em>(No detailed table found)</em>,,,https://jlptsensei.com/learn-japanese-kanji/%e5%90%be-go-ware-waga-a-meaning-i-my-our-ones-own/
椿,camellia,<em>(No detailed table found)</em>,,,https://jlptsensei.com/learn-japanese-kanji/%e6%a4%bf-chin-chun-tsubaki-meaning-camellia/
舌,"tongue, reed, clapper",<em>(No detailed table found)</em>,,,https://jlptsensei.com/learn-japanese-kanji/%e8%88%8c-zetsu-shita-meaning-tongue-reed-clapper/
羅,"gauze, thin silk, Rome, arrange, spread out",<em>(No detailed table found)</em>,,,https://jlptsensei.com/learn-japanese-kanji/%e7%be%85-ra-usumono-meaning-gauze-thin-silk-rome-arrange-spread-out/
峡,"gorge, ravine",<em>(No detailed table found)</em>,,,https://jlptsensei.com/learn-japanese-kanji/%e5%b3%a1-kyou-kou-hazama-meaning-gorge-ravine/
俸,"stipend, salary",<em>(No detailed table found)</em>,,,https://jlptsensei.com/learn-japanese-kanji/%e4%bf%b8-hou-meaning-stipend-salary/
厘,"rin, 1/10 sen, 1/10 bu",<em>(No detailed table found)</em>,,,https://jlptsensei.com/learn-japanese-kanji/%e5%8e%98-rin-meaning-rin-1-10-sen-1-10-bu/
峰,"summit, peak",<em>(No detailed table found)</em>,,,https://jlptsensei.com/learn-japanese-kanji/%e5%b3%b0-hou-mine-ne-meaning-summit-peak/
圭,"Learn Japanese kanji: 【 ケイ、 ケ 】. Meaning: square jewel, corner, angle, edge.",<em>(No detailed table found)</em>,,,https://jlptsensei.com/learn-japanese-kanji/%e5%9c%ad-kei-ke-meaning-square-jewel-corner-angle-edge/
醸,"Learn Japanese kanji: 【 ジョウ / かも(す) 】. Meaning: brew, cause.",<em>(No detailed table found)</em>,,,https://jlptsensei.com/learn-japanese-kanji/%e9%86%b8-jou-kamosu-meaning-brew-cause/
蓮,lotus,<em>(No detailed table found)</em>,,,https://jlptsensei.com/learn-japanese-kanji/%e8%93%ae-ren-hasu-hachisu-meaning-lotus/
弔,"condolences, mourning, funeral",<em>(No detailed table found)</em>,,,https://jlptsensei.com/learn-japanese-kanji/%e5%bc%94-chou-tomurau-toburau-meaning-condolences-mourning-funeral/
乙,"the latter, duplicate, strange, witty, fishhook radical (no. 5)",<em>(No detailed table found)</em>,,,https://jlptsensei.com/learn-japanese-kanji/%e4%b9%99-otsu-itsu-oto-kinoto-meaning-the-latter-duplicate-strange-witty-fishhook-radical-no-5/
倶,"both, together, alike",<em>(No detailed table found)</em>,,,https://jlptsensei.com/learn-japanese-kanji/%e5%80%b6-gu-ku-tomoni-meaning-both-together-alike/
汁,"soup, juice, broth, sap, gravy, pus",<em>(No detailed table found)</em>,,,https://jlptsensei.com/learn-japanese-kanji/%e6%b1%81-juu-shiru-shiru-tsuyu-meaning-soup-juice-broth-sap-gravy-pus/
尼,nun,<em>(No detailed table found)</em>,,,https://jlptsensei.com/learn-japanese-kanji/%e5%b0%bc-ni-ama-meaning-nun/
遍,"everywhere, times, widely, generally",<em>(No detailed table found)</em>,,,https://jlptsensei.com/learn-japanese-kanji/%e9%81%8d-hen-amaneku-meaning-everywhere-times-widely-generally/
堺,world,<em>(No detailed table found)</em>,,,https://jlptsensei.com/learn-japanese-kanji/%e5%a0%ba-kai-sakai-meaning-world/
衡,"equilibrium, measuring rod, scale",<em>(No detailed table found)</em>,,,https://jlptsensei.com/learn-japanese-kanji/%e8%a1%a1-kou-meaning-equilibrium-measuring-rod-scale/
呆,"be amazed, disgusted, shocked",<em>(No detailed table found)</em>,,,https://jlptsensei.com/learn-japanese-kanji/%e5%91%86-hou-bokeru-akireru-oroka-meaning-be-amazed-disgusted-shocked/
薫,"send forth fragrance, fragrant, be scented, smoke (tobacco)",<em>(No detailed table found)</em>,,,https://jlptsensei.com/learn-japanese-kanji/%e8%96%ab-kun-kaoru-meaning-send-forth-fragrance-fragrant-be-scented-smoke-tobacco/
瓦,"tile, gram",<em>(No detailed table found)</em>,,,https://jlptsensei.com/learn-japanese-kanji/%e7%93%a6-ga-kawara-guramu-meaning-tile-gram/
猟,"game-hunting, shooting, game, bag",<em>(No detailed table found)</em>,,,https://jlptsensei.com/learn-japanese-kanji/%e7%8c%9f-ryou-kari-karu-meaning-game-hunting-shooting-game-bag/
羊,sheep,<em>(No detailed table found)</em>,,,https://jlptsensei.com/learn-japanese-kanji/%e7%be%8a-you-hitsuji-meaning-sheep/
窪,"depression, cave in, sink, become hollow",<em>(No detailed table found)</em>,,,https://jlptsensei.com/learn-japanese-kanji/%e7%aa%aa-wa-a-kubomu-meaning-depression-cave-in-sink-become-hollow/
款,"Learn Japanese kanji: 【 カン 】. Meaning: goodwill, article, section, friendship, collusion.",<em>(No detailed table found)</em>,,,https://jlptsensei.com/learn-japanese-kanji/%e6%ac%be-kan-meaning-goodwill-article-section-friendship-collusion/
閲,"review, inspection, revision",<em>(No detailed table found)</em>,,,https://jlptsensei.com/learn-japanese-kanji/%e9%96%b2-etsu-kemisuru-meaning-review-inspection-revision/
雀,sparrow,<em>(No detailed table found)</em>,,,https://jlptsensei.com/learn-japanese-kanji/%e9%9b%80-jaku-jan-saku-shaku-suzume-meaning-sparrow/
偵,Learn Japanese kanji: 【 テイ 】. Meaning: spy.,<em>(No detailed table found)</em>,,,https://jlptsensei.com/learn-japanese-kanji/%e5%81%b5-tei-meaning-spy/
喝,"hoarse, scold",<em>(No detailed table found)</em>,,,https://jlptsensei.com/learn-japanese-kanji/%e5%96%9d-katsu-meaning-hoarse-scold/
敢,"daring, brave, bold, sad, tragic, pitiful",<em>(No detailed table found)</em>,,,https://jlptsensei.com/learn-japanese-kanji/%e6%95%a2-kan-aete-meaning-daring-brave-bold-sad-tragic-pitiful/
畠,"field, farm, garden, (kokuji)",<em>(No detailed table found)</em>,,,https://jlptsensei.com/learn-japanese-kanji/%e7%95%a0-hatake-hata-meaning-field-farm-garden-kokuji/
胎,"womb, uterus",<em>(No detailed table found)</em>,,,https://jlptsensei.com/learn-japanese-kanji/%e8%83%8e-tai-meaning-womb-uterus/
酵,fermentation,<em>(No detailed table found)</em>,,,https://jlptsensei.com/learn-japanese-kanji/%e9%85%b5-kou-meaning-fermentation/
憤,"aroused, resent, be indignant, anger",<em>(No detailed table found)</em>,,,https://jlptsensei.com/learn-japanese-kanji/%e6%86%a4-fun-ikidooru-meaning-aroused-resent-be-indignant-anger/
豚,"pork, pig",<em>(No detailed table found)</em>,,,https://jlptsensei.com/learn-japanese-kanji/%e8%b1%9a-ton-buta-meaning-pork-pig/
遮,"Learn Japanese kanji: 【 シャ / さえぎ(る) 】. Meaning: intercept, interrupt, obstruct.",<em>(No detailed table found)</em>,,,https://jlptsensei.com/learn-japanese-kanji/%e9%81%ae-sha-saegiru-meaning-intercept-interrupt-obstruct/
扉,"front door, title page, front page",<em>(No detailed table found)</em>,,,https://jlptsensei.com/learn-japanese-kanji/%e6%89%89-hi-tobira-meaning-front-door-title-page-front-page/
硫,sulphur,<em>(No detailed table found)</em>,,,https://jlptsensei.com/learn-japanese-kanji/%e7%a1%ab-ryuu-meaning-sulphur/
赦,"pardon, forgiveness",<em>(No detailed table found)</em>,,,https://jlptsensei.com/learn-japanese-kanji/%e8%b5%a6-sha-yurusu-meaning-pardon-forgiveness/
挫,"crush, break, sprain, discourage",<em>(No detailed table found)</em>,,,https://jlptsensei.com/learn-japanese-kanji/%e6%8c%ab-za-sa-kujiku-meaning-crush-break-sprain-discourage/
窃,"stealth, steal, secret, private, hushed",<em>(No detailed table found)</em>,,,https://jlptsensei.com/learn-japanese-kanji/%e7%aa%83-setsu-nusumu-hisoka-meaning-stealth-steal-secret-private-hushed/
泡,"bubbles, foam, suds, froth",<em>(No detailed table found)</em>,,,https://jlptsensei.com/learn-japanese-kanji/%e6%b3%a1-hou-awa-meaning-bubbles-foam-suds-froth/
瑞,congratulations,<em>(No detailed table found)</em>,,,https://jlptsensei.com/learn-japanese-kanji/%e7%91%9e-zui-sui-mizu-shirushi-meaning-congratulations/
又,"Learn Japanese kanji: 【 ユウ / また、 また-、 また(の-) 】. Meaning: or again, furthermore, on the other hand.",<em>(No detailed table found)</em>,,,https://jlptsensei.com/learn-japanese-kanji/%e5%8f%88-yuu-mata-mata-matano-meaning-or-again-furthermore-on-the-other-hand/
慨,"rue, be sad, sigh, lament",<em>(No detailed table found)</em>,,,https://jlptsensei.com/learn-japanese-kanji/%e6%85%a8-gai-nageku-meaning-rue-be-sad-sigh-lament/
紡,spinning,<em>(No detailed table found)</em>,,,https://jlptsensei.com/learn-japanese-kanji/%e7%b4%a1-bou-tsumugu-meaning-spinning/
恨,"regret, bear a grudge, resentment, malice, hatred",<em>(No detailed table found)</em>,,,https://jlptsensei.com/learn-japanese-kanji/%e6%81%a8-kon-uramu-urameshii-meaning-regret-bear-a-grudge-resentment-malice-hatred/
肪,"obese, fat",<em>(No detailed table found)</em>,,,https://jlptsensei.com/learn-japanese-kanji/%e8%82%aa-bou-meaning-obese-fat/
扶,"aid, help, assist",<em>(No detailed table found)</em>,,,https://jlptsensei.com/learn-japanese-kanji/%e6%89%b6-fu-tasukeru-meaning-aid-help-assist/
戯,"frolic, play, sport",<em>(No detailed table found)</em>,,,https://jlptsensei.com/learn-japanese-kanji/%e6%88%af-gi-ge-tawamureru-zareru-jareru-meaning-frolic-play-sport/
伍,"five, five-man squad, file, line",<em>(No detailed table found)</em>,,,https://jlptsensei.com/learn-japanese-kanji/%e4%bc%8d-go-itsutsu-meaning-five-five-man-squad-file-line/
忌,"mourning, abhor, detestable, death anniversary",<em>(No detailed table found)</em>,,,https://jlptsensei.com/learn-japanese-kanji/%e5%bf%8c-ki-imu-imi-imawashii-meaning-mourning-abhor-detestable-death-anniversary/
濁,"voiced, uncleanness, wrong, nigori, impurity",<em>(No detailed table found)</em>,,,https://jlptsensei.com/learn-japanese-kanji/%e6%bf%81-daku-joku-nigoru-meaning-voiced-uncleanness-wrong-nigori-impurity/
奔,"run, bustle",<em>(No detailed table found)</em>,,,https://jlptsensei.com/learn-japanese-kanji/%e5%a5%94-hon-hashiru-meaning-run-bustle/
斗,"Learn Japanese kanji: 【 ト、 トウ 】. Meaning: Big Dipper, ten sho (vol), sake dipper, dots and cross radical (no. 68).",<em>(No detailed table found)</em>,,,https://jlptsensei.com/learn-japanese-kanji/%e6%96%97-to-tou-meaning-big-dipper-ten-sho-vol-sake-dipper-dots-and-cross-radical-no-68/
蘭,"orchid, Holland",<em>(No detailed table found)</em>,,,https://jlptsensei.com/learn-japanese-kanji/%e8%98%ad-ran-ra-meaning-orchid-holland/
蒲,"bullrush, flag, cattail",<em>(No detailed table found)</em>,,,https://jlptsensei.com/learn-japanese-kanji/%e8%92%b2-ho-bo-fu-bu-gama-kaba-kama-meaning-bullrush-flag-cattail/
迅,"Learn Japanese kanji: 【 ジン 】. Meaning: swift, fast.",<em>(No detailed table found)</em>,,,https://jlptsensei.com/learn-japanese-kanji/%e8%bf%85-jin-meaning-swift-fast/
肖,Learn Japanese kanji: 【 ショウ / あやか(る) 】. Meaning: resemblance.,<em>(No detailed table found)</em>,,,https://jlptsensei.com/learn-japanese-kanji/%e8%82%96-shou-ayakaru-meaning-resemblance/
鉢,"bowl, rice tub, pot, crown",<em>(No detailed table found)</em>,,,https://jlptsensei.com/learn-japanese-kanji/%e9%89%a2-hachi-hatsu-meaning-bowl-rice-tub-pot-crown/
朽,"decay, rot, remain in seclusion",<em>(No detailed table found)</em>,,,https://jlptsensei.com/learn-japanese-kanji/%e6%9c%bd-kyuu-kuchiru-meaning-decay-rot-remain-in-seclusion/
殻,"Learn Japanese kanji: 【 カク、 コク、 バイ / から、 がら 】. Meaning: husk, nut shell.",<em>(No detailed table found)</em>,,,https://jlptsensei.com/learn-japanese-kanji/%e6%ae%bb-kaku-koku-bai-kara-gara-meaning-husk-nut-shell/
享,"enjoy, receive, undergo, answer (phone), take, get, catch",<em>(No detailed table found)</em>,,,https://jlptsensei.com/learn-japanese-kanji/%e4%ba%ab-kyou-kou-ukeru-meaning-enjoy-receive-undergo-answer-phone-take-get-catch/
秦,"Manchu dynasty, name given to naturalized foreigners",<em>(No detailed table found)</em>,,,https://jlptsensei.com/learn-japanese-kanji/%e7%a7%a6-shin-hata-meaning-manchu-dynasty-name-given-to-naturalized-foreigners/
茅,miscanthus reed,<em>(No detailed table found)</em>,,,https://jlptsensei.com/learn-japanese-kanji/%e8%8c%85-bou-myou-kaya-chigaya-meaning-miscanthus-reed/
藩,"clan, enclosure",<em>(No detailed table found)</em>,,,https://jlptsensei.com/learn-japanese-kanji/%e8%97%a9-han-meaning-clan-enclosure/
沙,sand,<em>(No detailed table found)</em>,,,https://jlptsensei.com/learn-japanese-kanji/%e6%b2%99-sa-sha-suna-yonageru-meaning-sand/
輔,help,<em>(No detailed table found)</em>,,,https://jlptsensei.com/learn-japanese-kanji/%e8%bc%94-ho-fu-tasukeru-meaning-help/
媒,"mediator, go-between",<em>(No detailed table found)</em>,,,https://jlptsensei.com/learn-japanese-kanji/%e5%aa%92-bai-nakoudo-meaning-mediator-go-between/
鶏,chicken,<em>(No detailed table found)</em>,,,https://jlptsensei.com/learn-japanese-kanji/%e9%b6%8f-kei-niwatori-tori-meaning-chicken/
禅,"Zen, silent meditation",<em>(No detailed table found)</em>,,,https://jlptsensei.com/learn-japanese-kanji/%e7%a6%85-zen-sen-shizuka-yuzuru-meaning-zen-silent-meditation/
嘱,"entrust, request, send a message",<em>(No detailed table found)</em>,,,https://jlptsensei.com/learn-japanese-kanji/%e5%98%b1-shoku-shokusuru-tanomu-meaning-entrust-request-send-a-message/
胴,"trunk, torso, hull (ship), hub of wheel",<em>(No detailed table found)</em>,,,https://jlptsensei.com/learn-japanese-kanji/%e8%83%b4-dou-meaning-trunk-torso-hull-ship-hub-of-wheel/
粕,"scrap, waste",<em>(No detailed table found)</em>,,,https://jlptsensei.com/learn-japanese-kanji/%e7%b2%95-haku-kasu-meaning-scrap-waste/
冨,"enrich, wealthy, abundant",<em>(No detailed table found)</em>,,,https://jlptsensei.com/learn-japanese-kanji/%e5%86%a8-fu-fuu-tomu-tomi-meaning-enrich-wealthy-abundant/
迭,"transfer, alternation",<em>(No detailed table found)</em>,,,https://jlptsensei.com/learn-japanese-kanji/%e8%bf%ad-tetsu-meaning-transfer-alternation/
挿,"insert, put in, graft, wear (sword)",<em>(No detailed table found)</em>,,,https://jlptsensei.com/learn-japanese-kanji/%e6%8c%bf-sou-sasu-hasamu-meaning-insert-put-in-graft-wear-sword/
湘,"name of Chinese river, the Sagami river",<em>(No detailed table found)</em>,,,https://jlptsensei.com/learn-japanese-kanji/%e6%b9%98-shou-meaning-name-of-chinese-river-the-sagami-river/
嵐,"storm, tempest",<em>(No detailed table found)</em>,,,https://jlptsensei.com/learn-japanese-kanji/%e5%b5%90-ran-arashi-meaning-storm-tempest/
椎,"chinquapin, mallet, spine",<em>(No detailed table found)</em>,,,https://jlptsensei.com/learn-japanese-kanji/%e6%a4%8e-tsui-sui-tsuchi-utsu-meaning-chinquapin-mallet-spine/
灘,open sea,<em>(No detailed table found)</em>,,,https://jlptsensei.com/learn-japanese-kanji/%e7%81%98-tan-dan-nada-se-meaning-open-sea/
堰,"dam, prevent, stop up",<em>(No detailed table found)</em>,,,https://jlptsensei.com/learn-japanese-kanji/%e5%a0%b0-en-seki-seku-meaning-dam-prevent-stop-up/
獅,lion,<em>(No detailed table found)</em>,,,https://jlptsensei.com/learn-japanese-kanji/%e7%8d%85-shi-shishi-meaning-lion/
姜,"Chinese surname, ginger",<em>(No detailed table found)</em>,,,https://jlptsensei.com/learn-japanese-kanji/%e5%a7%9c-kyou-ga-kou-meaning-chinese-surname-ginger/
絹,silk,<em>(No detailed table found)</em>,,,https://jlptsensei.com/learn-japanese-kanji/%e7%b5%b9-ken-kinu-meaning-silk/
陪,"obeisance, follow, accompany, attend on",<em>(No detailed table found)</em>,,,https://jlptsensei.com/learn-japanese-kanji/%e9%99%aa-bai-meaning-obeisance-follow-accompany-attend-on/
剖,divide,<em>(No detailed table found)</em>,,,https://jlptsensei.com/learn-japanese-kanji/%e5%89%96-bou-meaning-divide/
譜,"musical score, music, note, staff, table, genealogy",<em>(No detailed table found)</em>,,,https://jlptsensei.com/learn-japanese-kanji/%e8%ad%9c-fu-meaning-musical-score-music-note-staff-table-genealogy/
郁,"cultural progress, perfume",<em>(No detailed table found)</em>,,,https://jlptsensei.com/learn-japanese-kanji/%e9%83%81-iku-meaning-cultural-progress-perfume/
悠,"permanence, distant, long time, leisure",<em>(No detailed table found)</em>,,,https://jlptsensei.com/learn-japanese-kanji/%e6%82%a0-yuu-meaning-permanence-distant-long-time-leisure/
淑,"Learn Japanese kanji: 【 シュク / しと(やか) 】. Meaning: graceful, gentle, pure.",<em>(No detailed table found)</em>,,,https://jlptsensei.com/learn-japanese-kanji/%e6%b7%91-shuku-shitoyaka-meaning-graceful-gentle-pure/
帆,sail,<em>(No detailed table found)</em>,,,https://jlptsensei.com/learn-japanese-kanji/%e5%b8%86-han-ho-meaning-sail/
暁,"daybreak, dawn, in the event",<em>(No detailed table found)</em>,,,https://jlptsensei.com/learn-japanese-kanji/%e6%9a%81-gyou-kyou-akatsuki-satoru-meaning-daybreak-dawn-in-the-event/
鷲,Learn Japanese kanji: 【 シュウ、 ジュ / わし 】. Meaning: eagle.,<em>(No detailed table found)</em>,,,https://jlptsensei.com/learn-japanese-kanji/%e9%b7%b2-shuu-ju-washi-meaning-eagle/
傑,"greatness, excellence",<em>(No detailed table found)</em>,,,https://jlptsensei.com/learn-japanese-kanji/%e5%82%91-ketsu-sugureru-meaning-greatness-excellence/
楠,camphor tree,<em>(No detailed table found)</em>,,,https://jlptsensei.com/learn-japanese-kanji/%e6%a5%a0-nan-dan-zen-nen-kusu-kusunoki-meaning-camphor-tree/
笛,"flute, clarinet, pipe, whistle, bagpipe, piccolo",<em>(No detailed table found)</em>,,,https://jlptsensei.com/learn-japanese-kanji/%e7%ac%9b-teki-fue-meaning-flute-clarinet-pipe-whistle-bagpipe-piccolo/
芥,"mustard, rape, dust, trash, rubbish",<em>(No detailed table found)</em>,,,https://jlptsensei.com/learn-japanese-kanji/%e8%8a%a5-kai-ke-karashi-gomi-akuta-meaning-mustard-rape-dust-trash-rubbish/
其,that,<em>(No detailed table found)</em>,,,https://jlptsensei.com/learn-japanese-kanji/%e5%85%b6-ki-gi-go-sore-sono-meaning-that/
玲,sound of jewels,<em>(No detailed table found)</em>,,,https://jlptsensei.com/learn-japanese-kanji/%e7%8e%b2-rei-meaning-sound-of-jewels/
奴,"Learn Japanese kanji: 【 ド / やつ、 やっこ 】. Meaning: guy, slave, manservant, fellow.",<em>(No detailed table found)</em>,,,https://jlptsensei.com/learn-japanese-kanji/%e5%a5%b4-do-yatsu-yakko-meaning-guy-slave-manservant-fellow/
錠,"lock, fetters, shackles",<em>(No detailed table found)</em>,,,https://jlptsensei.com/learn-japanese-kanji/%e9%8c%a0-jou-meaning-lock-fetters-shackles/
拳,fist,<em>(No detailed table found)</em>,,,https://jlptsensei.com/learn-japanese-kanji/%e6%8b%b3-ken-gen-kobushi-meaning-fist/
翔,"soar, fly",<em>(No detailed table found)</em>,,,https://jlptsensei.com/learn-japanese-kanji/%e7%bf%94-shou-kakeru-tobu-meaning-soar-fly/
遷,"transition, move, change",<em>(No detailed table found)</em>,,,https://jlptsensei.com/learn-japanese-kanji/%e9%81%b7-sen-utsuru-miyakogae-meaning-transition-move-change/
拙,"bungling, clumsy, unskillful",<em>(No detailed table found)</em>,,,https://jlptsensei.com/learn-japanese-kanji/%e6%8b%99-setsu-tsutanai-meaning-bungling-clumsy-unskillful/
侍,"waiter, samurai, wait upon, serve",<em>(No detailed table found)</em>,,,https://jlptsensei.com/learn-japanese-kanji/%e4%be%8d-ji-shi-samurai-haberu-meaning-waiter-samurai-wait-upon-serve/
尺,"shaku, Japanese foot, measure, scale, rule",<em>(No detailed table found)</em>,,,https://jlptsensei.com/learn-japanese-kanji/%e5%b0%ba-shaku-seki-sashi-meaning-shaku-japanese-foot-measure-scale-rule/
峠,"mountain peak, mountain pass, climax, crest, (kokuji)",<em>(No detailed table found)</em>,,,https://jlptsensei.com/learn-japanese-kanji/%e5%b3%a0-touge-meaning-mountain-peak-mountain-pass-climax-crest-kokuji/
篤,"fervent, kind, cordial, serious, deliberate",<em>(No detailed table found)</em>,,,https://jlptsensei.com/learn-japanese-kanji/%e7%af%a4-toku-atsui-meaning-fervent-kind-cordial-serious-deliberate/
肇,beginning,<em>(No detailed table found)</em>,,,https://jlptsensei.com/learn-japanese-kanji/%e8%82%87-chou-jou-tou-hajimeru-hajime-meaning-beginning/
渇,"thirst, dry up, parch",<em>(No detailed table found)</em>,,,https://jlptsensei.com/learn-japanese-kanji/%e6%b8%87-katsu-kawaku-meaning-thirst-dry-up-parch/
榎,"Learn Japanese kanji: 【 カ / えのき 】. Meaning: lotus tree, nettle tree, hackberry.",<em>(No detailed table found)</em>,,,https://jlptsensei.com/learn-japanese-kanji/%e6%a6%8e-ka-enoki-meaning-lotus-tree-nettle-tree-hackberry/
劉,"weapon of war, logging axe, kill en masse, peeling (paint off a wall, etc), sparse, faded",<em>(No detailed table found)</em>,,,https://jlptsensei.com/learn-japanese-kanji/%e5%8a%89-ryuu-ru-korosu-meaning-weapon-of-war-logging-axe-kill-en-masse-peeling-paint-off-a-wall-etc-sparse-faded/
幡,flag,<em>(No detailed table found)</em>,,,https://jlptsensei.com/learn-japanese-kanji/%e5%b9%a1-man-han-ban-hon-hata-meaning-flag/
諏,consult,<em>(No detailed table found)</em>,,,https://jlptsensei.com/learn-japanese-kanji/%e8%ab%8f-shu-su-sou-hakaru-meaning-consult/
叔,"uncle, youth",<em>(No detailed table found)</em>,,,https://jlptsensei.com/learn-japanese-kanji/%e5%8f%94-shuku-meaning-uncle-youth/
雌,"feminine, female",<em>(No detailed table found)</em>,,,https://jlptsensei.com/learn-japanese-kanji/%e9%9b%8c-shi-me-mesu-men-meaning-feminine-female/
亨,"pass through, go smoothly",<em>(No detailed table found)</em>,,,https://jlptsensei.com/learn-japanese-kanji/%e4%ba%a8-kou-kyou-hou-tooru-meaning-pass-through-go-smoothly/
堪,"withstand, endure, support, resist",<em>(No detailed table found)</em>,,,https://jlptsensei.com/learn-japanese-kanji/%e5%a0%aa-kan-tan-taeru-tamaru-koraeru-kotaeru-meaning-withstand-endure-support-resist/
叙,"confer, relate, narrate, describe",<em>(No detailed table found)</em>,,,https://jlptsensei.com/learn-japanese-kanji/%e5%8f%99-jo-tsuizu-tsuide-meaning-confer-relate-narrate-describe/
酢,"Learn Japanese kanji: 【 サク / す 】. Meaning: vinegar, sour, acid, tart.",<em>(No detailed table found)</em>,,,https://jlptsensei.com/learn-japanese-kanji/%e9%85%a2-saku-su-meaning-vinegar-sour-acid-tart/
吟,"versify, singing, recital",<em>(No detailed table found)</em>,,,https://jlptsensei.com/learn-japanese-kanji/%e5%90%9f-gin-meaning-versify-singing-recital/
逓,"relay, in turn, sending",<em>(No detailed table found)</em>,,,https://jlptsensei.com/learn-japanese-kanji/%e9%80%93-tei-kawaru-tagaini-meaning-relay-in-turn-sending/
痕,"mark, foot print",<em>(No detailed table found)</em>,,,https://jlptsensei.com/learn-japanese-kanji/%e7%97%95-kon-ato-meaning-mark-foot-print/
嶺,"peak, summit",<em>(No detailed table found)</em>,,,https://jlptsensei.com/learn-japanese-kanji/%e5%b6%ba-rei-ryou-mine-meaning-peak-summit/
袖,"sleeve, wing (building), extension, give cold shoulder",<em>(No detailed table found)</em>,,,https://jlptsensei.com/learn-japanese-kanji/%e8%a2%96-shuu-sode-meaning-sleeve-wing-building-extension-give-cold-shoulder/
甚,"tremendously, very, great, exceedingly",<em>(No detailed table found)</em>,,,https://jlptsensei.com/learn-japanese-kanji/%e7%94%9a-jin-hanahada-hanahadashii-meaning-tremendously-very-great-exceedingly/
喬,"high, boasting",<em>(No detailed table found)</em>,,,https://jlptsensei.com/learn-japanese-kanji/%e5%96%ac-kyou-takai-meaning-high-boasting/
崔,"cliff, bluff, precipice",<em>(No detailed table found)</em>,,,https://jlptsensei.com/learn-japanese-kanji/%e5%b4%94-gai-sai-sui-gake-meaning-cliff-bluff-precipice/
妖,"attractive, bewitching, calamity",<em>(No detailed table found)</em>,,,https://jlptsensei.com/learn-japanese-kanji/%e5%a6%96-you-ayashii-namameku-wazawai-meaning-attractive-bewitching-calamity/
琵,"Learn Japanese kanji: 【 ビ、 ヒ 】. Meaning: glissando on strings, lute.",<em>(No detailed table found)</em>,,,https://jlptsensei.com/learn-japanese-kanji/%e7%90%b5-bi-hi-meaning-glissando-on-strings-lute/
琶,lute,<em>(No detailed table found)</em>,,,https://jlptsensei.com/learn-japanese-kanji/%e7%90%b6-ha-be-wa-meaning-lute/
聯,"party, gang, clique",<em>(No detailed table found)</em>,,,https://jlptsensei.com/learn-japanese-kanji/%e8%81%af-ren-tsuranaru-tsuraneru-meaning-party-gang-clique/
蘇,"be resuscitated, revived, perilla, shiso",<em>(No detailed table found)</em>,,,https://jlptsensei.com/learn-japanese-kanji/%e8%98%87-so-su-yomigaeru-meaning-be-resuscitated-revived-perilla-shiso/
闇,"get dark, gloom, disorder",<em>(No detailed table found)</em>,,,https://jlptsensei.com/learn-japanese-kanji/%e9%97%87-an-on-yami-kurai-meaning-get-dark-gloom-disorder/
崇,"Learn Japanese kanji: 【 スウ / あが(める) 】. Meaning: adore, respect, revere, worship.",<em>(No detailed table found)</em>,,,https://jlptsensei.com/learn-japanese-kanji/%e5%b4%87-suu-agameru-meaning-adore-respect-revere-worship/
漆,"lacquer, varnish, seven",<em>(No detailed table found)</em>,,,https://jlptsensei.com/learn-japanese-kanji/%e6%bc%86-shitsu-urushi-meaning-lacquer-varnish-seven/
岬,"headland, cape, spit, promontory",<em>(No detailed table found)</em>,,,https://jlptsensei.com/learn-japanese-kanji/%e5%b2%ac-kou-misaki-meaning-headland-cape-spit-promontory/
癖,"mannerism, habit, vice, trait, fault, kink",<em>(No detailed table found)</em>,,,https://jlptsensei.com/learn-japanese-kanji/%e7%99%96-heki-kuse-kuseni-meaning-mannerism-habit-vice-trait-fault-kink/
愉,"Learn Japanese kanji: 【 ユ / たの(しい)、 たの(しむ) 】. Meaning: pleasure, happy, rejoice.",<em>(No detailed table found)</em>,,,https://jlptsensei.com/learn-japanese-kanji/%e6%84%89-yu-tanoshii-tanoshimu-meaning-pleasure-happy-rejoice/
寅,"sign of the tiger, 3-5AM, third sign of Chinese zodiac",<em>(No detailed table found)</em>,,,https://jlptsensei.com/learn-japanese-kanji/%e5%af%85-in-tora-meaning-sign-of-the-tiger-3-5am-third-sign-of-chinese-zodiac/
捉,"catch, capture",<em>(No detailed table found)</em>,,,https://jlptsensei.com/learn-japanese-kanji/%e6%8d%89-soku-saku-toraeru-meaning-catch-capture/
礁,"Learn Japanese kanji: 【 ショウ 】. Meaning: reef, sunken rock.",<em>(No detailed table found)</em>,,,https://jlptsensei.com/learn-japanese-kanji/%e7%a4%81-shou-meaning-reef-sunken-rock/
乃,"from, possessive particle, whereupon, accordingly",<em>(No detailed table found)</em>,,,https://jlptsensei.com/learn-japanese-kanji/%e4%b9%83-nai-dai-no-ai-no-sunawachi-nanji-meaning-from-possessive-particle-whereupon-accordingly/
洲,"continent, sandbar, island, country",<em>(No detailed table found)</em>,,,https://jlptsensei.com/learn-japanese-kanji/%e6%b4%b2-shuu-su-shima-meaning-continent-sandbar-island-country/
屯,"barracks, police station, camp, ton",<em>(No detailed table found)</em>,,,https://jlptsensei.com/learn-japanese-kanji/%e5%b1%af-ton-tamuro-meaning-barracks-police-station-camp-ton/
樽,"barrel, cask, keg",<em>(No detailed table found)</em>,,,https://jlptsensei.com/learn-japanese-kanji/%e6%a8%bd-son-taru-meaning-barrel-cask-keg/
樺,"birch, dark red",<em>(No detailed table found)</em>,,,https://jlptsensei.com/learn-japanese-kanji/%e6%a8%ba-ka-kaba-kanba-meaning-birch-dark-red/
槙,"twig, ornamental evergreen",<em>(No detailed table found)</em>,,,https://jlptsensei.com/learn-japanese-kanji/%e6%a7%99-ten-shin-maki-kozue-meaning-twig-ornamental-evergreen/
薩,"salvation, Buddha",<em>(No detailed table found)</em>,,,https://jlptsensei.com/learn-japanese-kanji/%e8%96%a9-satsu-sachi-meaning-salvation-buddha/
姻,"matrimony, marry",<em>(No detailed table found)</em>,,,https://jlptsensei.com/learn-japanese-kanji/%e5%a7%bb-in-meaning-matrimony-marry/
巌,"Learn Japanese kanji: 【 ガン / いわ、 いわお、 けわ(しい) 】. Meaning: rock, crag, boulder.",<em>(No detailed table found)</em>,,,https://jlptsensei.com/learn-japanese-kanji/%e5%b7%8c-gan-iwa-iwao-kewashii-meaning-rock-crag-boulder/
淀,"pool, eddy",<em>(No detailed table found)</em>,,,https://jlptsensei.com/learn-japanese-kanji/%e6%b7%80-ten-den-yodomu-meaning-pool-eddy/
麹,"malt, yeast",<em>(No detailed table found)</em>,,,https://jlptsensei.com/learn-japanese-kanji/%e9%ba%b9-kiku-kouji-meaning-malt-yeast/
賭,"gamble, wager, bet",<em>(No detailed table found)</em>,,,https://jlptsensei.com/learn-japanese-kanji/%e8%b3%ad-to-kakeru-kake-meaning-gamble-wager-bet/
擬,"mimic, aim (a gun) at, nominate, imitate",<em>(No detailed table found)</em>,,,https://jlptsensei.com/learn-japanese-kanji/%e6%93%ac-gi-magai-modoki-meaning-mimic-aim-a-gun-at-nominate-imitate/
塀,"Learn Japanese kanji: 【 ヘイ、 ベイ 】. Meaning: fence, wall, (kokuji).",<em>(No detailed table found)</em>,,,https://jlptsensei.com/learn-japanese-kanji/%e5%a1%80-hei-bei-meaning-fence-wall-kokuji/
唇,lips,<em>(No detailed table found)</em>,,,https://jlptsensei.com/learn-japanese-kanji/%e5%94%87-shin-kuchibiru-meaning-lips/
睦,"intimate, friendly, harmonious",<em>(No detailed table found)</em>,,,https://jlptsensei.com/learn-japanese-kanji/%e7%9d%a6-boku-moku-mutsumajii-mutsumu-mutsubu-meaning-intimate-friendly-harmonious/
閑,Learn Japanese kanji: 【 カン 】. Meaning: leisure.,<em>(No detailed table found)</em>,,,https://jlptsensei.com/learn-japanese-kanji/%e9%96%91-kan-meaning-leisure/
胡,"barbarian, foreign",<em>(No detailed table found)</em>,,,https://jlptsensei.com/learn-japanese-kanji/%e8%83%a1-u-ko-go-nanzo-meaning-barbarian-foreign/
幽,"seclude, confine to a room, deep, profound, secluded, faint, dark, tranquil, calm",<em>(No detailed table found)</em>,,,https://jlptsensei.com/learn-japanese-kanji/%e5%b9%bd-yuu-fukai-kasuka-kurai-shiroi-meaning-seclude-confine-to-a-room-deep-profound-secluded-faint-dark-tranquil-calm/
峻,"high, steep",<em>(No detailed table found)</em>,,,https://jlptsensei.com/learn-japanese-kanji/%e5%b3%bb-shun-kewashii-takai-meaning-high-steep/
曹,"office, official, comrade, fellow",<em>(No detailed table found)</em>,,,https://jlptsensei.com/learn-japanese-kanji/%e6%9b%b9-sou-zou-meaning-office-official-comrade-fellow/
哨,"scout, sentinel",<em>(No detailed table found)</em>,,,https://jlptsensei.com/learn-japanese-kanji/%e5%93%a8-shou-mihari-meaning-scout-sentinel/
詠,"recitation, poem, song, composing",<em>(No detailed table found)</em>,,,https://jlptsensei.com/learn-japanese-kanji/%e8%a9%a0-ei-yomu-utau-meaning-recitation-poem-song-composing/
炒,"Learn Japanese kanji: 【 ソウ、 ショウ / い(る)、 いた(める) 】. Meaning: broil, parch, roast, fry.",<em>(No detailed table found)</em>,,,https://jlptsensei.com/learn-japanese-kanji/%e7%82%92-sou-shou-iru-itameru-meaning-broil-parch-roast-fry/
屏,"wall, fence",<em>(No detailed table found)</em>,,,https://jlptsensei.com/learn-japanese-kanji/%e5%b1%8f-hei-byou-oou-shirizoku-byoubu-meaning-wall-fence/
卑,"lowly, base, vile, vulgar, despise",<em>(No detailed table found)</em>,,,https://jlptsensei.com/learn-japanese-kanji/%e5%8d%91-hi-iyashii-meaning-lowly-base-vile-vulgar-despise/
侮,"scorn, despise, make light of, contempt",<em>(No detailed table found)</em>,,,https://jlptsensei.com/learn-japanese-kanji/%e4%be%ae-bu-anadoru-meaning-scorn-despise-make-light-of-contempt/
鋳,"casting, mint",<em>(No detailed table found)</em>,,,https://jlptsensei.com/learn-japanese-kanji/%e9%8b%b3-chuu-i-shu-shuu-iru-meaning-casting-mint/
抹,"rub, paint, erase",<em>(No detailed table found)</em>,,,https://jlptsensei.com/learn-japanese-kanji/%e6%8a%b9-matsu-meaning-rub-paint-erase/
尉,"military officer, jailer, old man, rank",<em>(No detailed table found)</em>,,,https://jlptsensei.com/learn-japanese-kanji/%e5%b0%89-i-jou-meaning-military-officer-jailer-old-man-rank/
槻,Zelkova tree,<em>(No detailed table found)</em>,,,https://jlptsensei.com/learn-japanese-kanji/%e6%a7%bb-ki-tsuki-meaning-zelkova-tree/
隷,"slave, servant, prisoner, criminal, follower",<em>(No detailed table found)</em>,,,https://jlptsensei.com/learn-japanese-kanji/%e9%9a%b7-rei-shitagau-shimobe-meaning-slave-servant-prisoner-criminal-follower/
禍,"calamity, misfortune, evil, curse",<em>(No detailed table found)</em>,,,https://jlptsensei.com/learn-japanese-kanji/%e7%a6%8d-ka-kazawai-meaning-calamity-misfortune-evil-curse/
蝶,butterfly,<em>(No detailed table found)</em>,,,https://jlptsensei.com/learn-japanese-kanji/%e8%9d%b6-chou-meaning-butterfly/
酪,"Learn Japanese kanji: 【 ラク 】. Meaning: dairy products, whey, broth, fruit juice.",<em>(No detailed table found)</em>,,,https://jlptsensei.com/learn-japanese-kanji/%e9%85%aa-raku-meaning-dairy-products-whey-broth-fruit-juice/
茎,"Learn Japanese kanji: 【 ケイ、 キョウ / くき 】. Meaning: stalk, stem.",<em>(No detailed table found)</em>,,,https://jlptsensei.com/learn-japanese-kanji/%e8%8c%8e-kei-kyou-kuki-meaning-stalk-stem/
汎,Learn Japanese kanji: 【 ハン、 ブ、 フウ、 ホウ、 ホン / ただよ(う)、 ひろ(い) 】. Meaning: pan-.,<em>(No detailed table found)</em>,,,https://jlptsensei.com/learn-japanese-kanji/%e6%b1%8e-han-bu-fuu-hou-hon-tadayou-hiroi-meaning-pan/
頃,"time, about, toward",<em>(No detailed table found)</em>,,,https://jlptsensei.com/learn-japanese-kanji/%e9%a0%83-kei-kyou-koro-goro-shibaraku-meaning-time-about-toward/
帥,"commander, leading troops, governor",<em>(No detailed table found)</em>,,,https://jlptsensei.com/learn-japanese-kanji/%e5%b8%a5-sui-meaning-commander-leading-troops-governor/
梁,"weir, fish trap, beam, girder",<em>(No detailed table found)</em>,,,https://jlptsensei.com/learn-japanese-kanji/%e6%a2%81-ryou-hari-utsubari-uchibari-yana-hashi-meaning-weir-fish-trap-beam-girder/
逝,"departed, die",<em>(No detailed table found)</em>,,,https://jlptsensei.com/learn-japanese-kanji/%e9%80%9d-sei-yuku-iku-meaning-departed-die/
汽,"vapor, steam",<em>(No detailed table found)</em>,,,https://jlptsensei.com/learn-japanese-kanji/%e6%b1%bd-ki-meaning-vapor-steam/
謎,"riddle, puzzle, enigma, hint, tip",<em>(No detailed table found)</em>,,,https://jlptsensei.com/learn-japanese-kanji/%e8%ac%8e-mei-bei-nazo-meaning-riddle-puzzle-enigma-hint-tip/
琢,polish,<em>(No detailed table found)</em>,,,https://jlptsensei.com/learn-japanese-kanji/%e7%90%a2-taku-migaku-meaning-polish/
箕,Learn Japanese kanji: 【 キ / み 】. Meaning: winnowing.,<em>(No detailed table found)</em>,,,https://jlptsensei.com/learn-japanese-kanji/%e7%ae%95-ki-mi-meaning-winnowing/
匿,"hide, shelter, shield",<em>(No detailed table found)</em>,,,https://jlptsensei.com/learn-japanese-kanji/%e5%8c%bf-toku-kakumau-meaning-hide-shelter-shield/
爪,"claw, nail, talon",<em>(No detailed table found)</em>,,,https://jlptsensei.com/learn-japanese-kanji/%e7%88%aa-sou-tsume-tsuma-meaning-claw-nail-talon/
芭,banana,<em>(No detailed table found)</em>,,,https://jlptsensei.com/learn-japanese-kanji/%e8%8a%ad-ba-ha-meaning-banana/
逗,stop,<em>(No detailed table found)</em>,,,https://jlptsensei.com/learn-japanese-kanji/%e9%80%97-tou-zu-todomaru-meaning-stop/
苫,rush matting,<em>(No detailed table found)</em>,,,https://jlptsensei.com/learn-japanese-kanji/%e8%8b%ab-sen-toma-meaning-rush-matting/
鍵,Learn Japanese kanji: 【 ケン / かぎ 】. Meaning: key.,<em>(No detailed table found)</em>,,,https://jlptsensei.com/learn-japanese-kanji/%e9%8d%b5-ken-kagi-meaning-key/
襟,"collar, neck, lapel, one's inner feelings",<em>(No detailed table found)</em>,,,https://jlptsensei.com/learn-japanese-kanji/%e8%a5%9f-kin-eri-meaning-collar-neck-lapel-ones-inner-feelings/
蛍,"lightning-bug, firefly",<em>(No detailed table found)</em>,,,https://jlptsensei.com/learn-japanese-kanji/%e8%9b%8d-kei-hotaru-meaning-lightning-bug-firefly/
楢,Learn Japanese kanji: 【 シュウ、 ユウ / なら 】. Meaning: oak.,<em>(No detailed table found)</em>,,,https://jlptsensei.com/learn-japanese-kanji/%e6%a5%a2-shuu-yuu-nara-meaning-oak/
蕉,"Learn Japanese kanji: 【 ショウ 】. Meaning: banana, plantain.",<em>(No detailed table found)</em>,,,https://jlptsensei.com/learn-japanese-kanji/%e8%95%89-shou-meaning-banana-plantain/
兜,"helmet, head piece",<em>(No detailed table found)</em>,,,https://jlptsensei.com/learn-japanese-kanji/%e5%85%9c-tou-to-kabuto-meaning-helmet-head-piece/
寡,"widow, minority, few",<em>(No detailed table found)</em>,,,https://jlptsensei.com/learn-japanese-kanji/%e5%af%a1-ka-meaning-widow-minority-few/
琉,"precious stone, gem, lapis lazuli",<em>(No detailed table found)</em>,,,https://jlptsensei.com/learn-japanese-kanji/%e7%90%89-ryuu-ru-meaning-precious-stone-gem-lapis-lazuli/
痢,diarrhea,<em>(No detailed table found)</em>,,,https://jlptsensei.com/learn-japanese-kanji/%e7%97%a2-ri-meaning-diarrhea/
庸,"commonplace, ordinary, employment",<em>(No detailed table found)</em>,,,https://jlptsensei.com/learn-japanese-kanji/%e5%ba%b8-you-meaning-commonplace-ordinary-employment/
朋,"companion, friend",<em>(No detailed table found)</em>,,,https://jlptsensei.com/learn-japanese-kanji/%e6%9c%8b-hou-tomo-meaning-companion-friend/
坑,"pit, hole",<em>(No detailed table found)</em>,,,https://jlptsensei.com/learn-japanese-kanji/%e5%9d%91-kou-meaning-pit-hole/
姑,mother-in-law,<em>(No detailed table found)</em>,,,https://jlptsensei.com/learn-japanese-kanji/%e5%a7%91-ko-shuutome-shuuto-oba-shibaraku-meaning-mother-in-law/
烏,"crow, raven",<em>(No detailed table found)</em>,,,https://jlptsensei.com/learn-japanese-kanji/%e7%83%8f-u-o-karasu-izukunzo-nanzo-meaning-crow-raven/
藍,Learn Japanese kanji: 【 ラン / あい 】. Meaning: indigo.,<em>(No detailed table found)</em>,,,https://jlptsensei.com/learn-japanese-kanji/%e8%97%8d-ran-ai-meaning-indigo/
僑,"expatriate, person living abroad, temporary home",<em>(No detailed table found)</em>,,,https://jlptsensei.com/learn-japanese-kanji/%e5%83%91-kyou-meaning-expatriate-person-living-abroad-temporary-home/
賊,"burglar, rebel, traitor, robber",<em>(No detailed table found)</em>,,,https://jlptsensei.com/learn-japanese-kanji/%e8%b3%8a-zoku-meaning-burglar-rebel-traitor-robber/
搾,squeeze,<em>(No detailed table found)</em>,,,https://jlptsensei.com/learn-japanese-kanji/%e6%90%be-saku-shiboru-meaning-squeeze/
奄,"cover, suffocate, obstruct",<em>(No detailed table found)</em>,,,https://jlptsensei.com/learn-japanese-kanji/%e5%a5%84-en-oou-tachimachi-meaning-cover-suffocate-obstruct/
臼,Learn Japanese kanji: 【 キュウ、 グ / うす、 うすづ(く) 】. Meaning: mortar.,<em>(No detailed table found)</em>,,,https://jlptsensei.com/learn-japanese-kanji/%e8%87%bc-kyuu-gu-usu-usudzuku-meaning-mortar/
畔,"paddy ridge, levee",<em>(No detailed table found)</em>,,,https://jlptsensei.com/learn-japanese-kanji/%e7%95%94-han-aze-kuro-hotori-meaning-paddy-ridge-levee/
遼,Learn Japanese kanji: 【 リョウ 】. Meaning: distant.,<em>(No detailed table found)</em>,,,https://jlptsensei.com/learn-japanese-kanji/%e9%81%bc-ryou-meaning-distant/
唄,"song, ballad",<em>(No detailed table found)</em>,,,https://jlptsensei.com/learn-japanese-kanji/%e5%94%84-bai-uta-utau-meaning-song-ballad/
孔,"cavity, hole, slit, very, great, exceedingly",<em>(No detailed table found)</em>,,,https://jlptsensei.com/learn-japanese-kanji/%e5%ad%94-kou-ku-ana-meaning-cavity-hole-slit-very-great-exceedingly/
橘,mandarin orange,<em>(No detailed table found)</em>,,,https://jlptsensei.com/learn-japanese-kanji/%e6%a9%98-kitsu-tachibana-meaning-mandarin-orange/
漱,"Learn Japanese kanji: 【 ソウ、 シュウ、 ス / くちすす(ぐ)、 くちそそ(ぐ)、 うがい、 すす(ぐ) 】. Meaning: gargle, rinse mouth.",<em>(No detailed table found)</em>,,,https://jlptsensei.com/learn-japanese-kanji/%e6%bc%b1-sou-shuu-su-kuchisusugu-kuchisosogu-ugai-susugu-meaning-gargle-rinse-mouth/
呂,"spine, backbone",<em>(No detailed table found)</em>,,,https://jlptsensei.com/learn-japanese-kanji/%e5%91%82-ro-ryo-sebone-meaning-spine-backbone/
桧,Japanese cypress,<em>(No detailed table found)</em>,,,https://jlptsensei.com/learn-japanese-kanji/%e6%a1%a7-kai-hinoki-hi-meaning-japanese-cypress/
拷,"Learn Japanese kanji: 【 ゴウ 】. Meaning: torture, beat.",<em>(No detailed table found)</em>,,,https://jlptsensei.com/learn-japanese-kanji/%e6%8b%b7-gou-meaning-torture-beat/
宋,"dwell, Sung dynasty",<em>(No detailed table found)</em>,,,https://jlptsensei.com/learn-japanese-kanji/%e5%ae%8b-sou-meaning-dwell-sung-dynasty/
嬢,"lass, girl, Miss, daughter",<em>(No detailed table found)</em>,,,https://jlptsensei.com/learn-japanese-kanji/%e5%ac%a2-jou-musume-meaning-lass-girl-miss-daughter/
苑,"garden, farm, park",<em>(No detailed table found)</em>,,,https://jlptsensei.com/learn-japanese-kanji/%e8%8b%91-en-on-sono-utsu-meaning-garden-farm-park/
巽,Learn Japanese kanji: 【 ソン / たつみ 】. Meaning: southeast.,<em>(No detailed table found)</em>,,,https://jlptsensei.com/learn-japanese-kanji/%e5%b7%bd-son-tatsumi-meaning-southeast/
杜,"woods, grove",<em>(No detailed table found)</em>,,,https://jlptsensei.com/learn-japanese-kanji/%e6%9d%9c-to-tou-zu-mori-fusagu-yamanashi-meaning-woods-grove/
渓,"mountain stream, valley",<em>(No detailed table found)</em>,,,https://jlptsensei.com/learn-japanese-kanji/%e6%b8%93-kei-tani-tanigawa-meaning-mountain-stream-valley/
翁,venerable old man,<em>(No detailed table found)</em>,,,https://jlptsensei.com/learn-japanese-kanji/%e7%bf%81-ou-okina-meaning-venerable-old-man/
藝,"art, craft, performance, acting, trick, stunt",<em>(No detailed table found)</em>,,,https://jlptsensei.com/learn-japanese-kanji/%e8%97%9d-gei-un-ueru-nori-waza-meaning-art-craft-performance-acting-trick-stunt/
廉,"bargain, reason, charge, suspicion, point, account, purity",<em>(No detailed table found)</em>,,,https://jlptsensei.com/learn-japanese-kanji/%e5%bb%89-ren-meaning-bargain-reason-charge-suspicion-point-account-purity/
牙,"tusk, fang, tusk radical (no. 92)",<em>(No detailed table found)</em>,,,https://jlptsensei.com/learn-japanese-kanji/%e7%89%99-ga-ge-kiba-ha-meaning-tusk-fang-tusk-radical-no-92/
謹,"discreet, reverently, humbly",<em>(No detailed table found)</em>,,,https://jlptsensei.com/learn-japanese-kanji/%e8%ac%b9-kin-tsutsushimu-meaning-discreet-reverently-humbly/
瞳,pupil (of eye),<em>(No detailed table found)</em>,,,https://jlptsensei.com/learn-japanese-kanji/%e7%9e%b3-dou-tou-hitomi-meaning-pupil-of-eye/
湧,"Learn Japanese kanji: 【 ユウ、 ヨウ、 ユ / わ(く) 】. Meaning: boil, ferment, seethe, uproar, breed.",<em>(No detailed table found)</em>,,,https://jlptsensei.com/learn-japanese-kanji/%e6%b9%a7-yuu-you-yu-waku-meaning-boil-ferment-seethe-uproar-breed/
欣,"take pleasure in, rejoice",<em>(No detailed table found)</em>,,,https://jlptsensei.com/learn-japanese-kanji/%e6%ac%a3-kin-gon-kon-yorokobu-meaning-take-pleasure-in-rejoice/
窯,"kiln, oven, furnace",<em>(No detailed table found)</em>,,,https://jlptsensei.com/learn-japanese-kanji/%e7%aa%af-you-kama-meaning-kiln-oven-furnace/
褒,"praise, extol",<em>(No detailed table found)</em>,,,https://jlptsensei.com/learn-japanese-kanji/%e8%a4%92-hou-homeru-meaning-praise-extol/
醜,"ugly, unclean, shame, bad looking",<em>(No detailed table found)</em>,,,https://jlptsensei.com/learn-japanese-kanji/%e9%86%9c-shuu-minikui-shiko-meaning-ugly-unclean-shame-bad-looking/
魏,"high, large, Kingdom of Wei",<em>(No detailed table found)</em>,,,https://jlptsensei.com/learn-japanese-kanji/%e9%ad%8f-gi-takai-meaning-high-large-kingdom-of-wei/
篇,"volume, chapter, book, editing, compilation",<em>(No detailed table found)</em>,,,https://jlptsensei.com/learn-japanese-kanji/%e7%af%87-hen-meaning-volume-chapter-book-editing-compilation/
升,"measuring box, 1.8 liter",<em>(No detailed table found)</em>,,,https://jlptsensei.com/learn-japanese-kanji/%e5%8d%87-shou-masu-meaning-measuring-box-1-8-liter/
此,"this, current, next, coming, last, past",<em>(No detailed table found)</em>,,,https://jlptsensei.com/learn-japanese-kanji/%e6%ad%a4-shi-kore-kono-koko-meaning-this-current-next-coming-last-past/
峯,"peak, summit",<em>(No detailed table found)</em>,,,https://jlptsensei.com/learn-japanese-kanji/%e5%b3%af-hou-mine-ne-meaning-peak-summit/
殉,"martyrdom, follow by resigning",<em>(No detailed table found)</em>,,,https://jlptsensei.com/learn-japanese-kanji/%e6%ae%89-jun-meaning-martyrdom-follow-by-resigning/
煩,"anxiety, trouble, worry, pain, ill, annoy, nuisance, irksome",<em>(No detailed table found)</em>,,,https://jlptsensei.com/learn-japanese-kanji/%e7%85%a9-han-bon-wazurau-urusagaru-meaning-anxiety-trouble-worry-pain-ill/
巴,comma-design,<em>(No detailed table found)</em>,,,https://jlptsensei.com/learn-japanese-kanji/%e5%b7%b4-ha-tomoe-uzumaki-meaning-comma-design/
禎,"happiness, blessed, good fortune, auspicious",<em>(No detailed table found)</em>,,,https://jlptsensei.com/learn-japanese-kanji/%e7%a6%8e-tei-saiwai-meaning-happiness-blessed-good-fortune-auspicious/
枕,Learn Japanese kanji: 【 チン、 シン / まくら 】. Meaning: pillow.,<em>(No detailed table found)</em>,,,https://jlptsensei.com/learn-japanese-kanji/%e6%9e%95-chin-shin-makura-meaning-pillow/
劾,"censure, criminal investigation",<em>(No detailed table found)</em>,,,https://jlptsensei.com/learn-japanese-kanji/%e5%8a%be-gai-meaning-censure-criminal-investigation/
菩,"kind of grass, sacred tree",<em>(No detailed table found)</em>,,,https://jlptsensei.com/learn-japanese-kanji/%e8%8f%a9-bo-meaning-kind-of-grass-sacred-tree/
堕,"degenerate, descend to, lapse into",<em>(No detailed table found)</em>,,,https://jlptsensei.com/learn-japanese-kanji/%e5%a0%95-da-ochiru-kuzusu-meaning-degenerate-descend-to-lapse-into/
丼,"bowl, bowl of food",<em>(No detailed table found)</em>,,,https://jlptsensei.com/learn-japanese-kanji/%e4%b8%bc-ton-tan-shou-sei-donburi-meaning-bowl-bowl-of-food/
租,"tariff, crop tax, borrowing",<em>(No detailed table found)</em>,,,https://jlptsensei.com/learn-japanese-kanji/%e7%a7%9f-so-meaning-tariff-crop-tax-borrowing/
檜,Japanese cypress,<em>(No detailed table found)</em>,,,https://jlptsensei.com/learn-japanese-kanji/%e6%aa%9c-kai-hinoki-hi-meaning-japanese-cypress/
稜,"angle, edge, corner, power, majesty",<em>(No detailed table found)</em>,,,https://jlptsensei.com/learn-japanese-kanji/%e7%a8%9c-ryou-rou-itsu-kado-meaning-angle-edge-corner-power-majesty/
牟,"pupil (eye), moo (cow sound)",<em>(No detailed table found)</em>,,,https://jlptsensei.com/learn-japanese-kanji/%e7%89%9f-bou-mu-meaning-pupil-eye-moo-cow-sound/
桟,"scaffold, cleat, frame, jetty, bolt (door)",<em>(No detailed table found)</em>,,,https://jlptsensei.com/learn-japanese-kanji/%e6%a1%9f-san-sen-kakehashi-meaning-scaffold-cleat-frame-jetty-bolt-door/
榊,"sacred Shinto tree, (kokuji)",<em>(No detailed table found)</em>,,,https://jlptsensei.com/learn-japanese-kanji/%e6%a6%8a-sakaki-meaning-sacred-shinto-tree-kokuji/
錫,"copper, tin",<em>(No detailed table found)</em>,,,https://jlptsensei.com/learn-japanese-kanji/%e9%8c%ab-seki-shaku-suzu-tamau-meaning-copper-tin/
荏,"bean, perilla, herb, soft, pliable",<em>(No detailed table found)</em>,,,https://jlptsensei.com/learn-japanese-kanji/%e8%8d%8f-jin-nin-meaning-bean-perilla-herb-soft-pliable/
惧,"fear, be afraid of, dread",<em>(No detailed table found)</em>,,,https://jlptsensei.com/learn-japanese-kanji/%e6%83%a7-ku-gu-osoreru-meaning-fear-be-afraid-of-dread/
倭,"Yamato, ancient Japan",<em>(No detailed table found)</em>,,,https://jlptsensei.com/learn-japanese-kanji/%e5%80%ad-wa-i-yamato-shitagau-meaning-yamato-ancient-japan/
婿,"bridegroom, son-in-law",<em>(No detailed table found)</em>,,,https://jlptsensei.com/learn-japanese-kanji/%e5%a9%bf-sei-muko-meaning-bridegroom-son-in-law/
慕,"pining, yearn for, love dearly, adore",<em>(No detailed table found)</em>,,,https://jlptsensei.com/learn-japanese-kanji/%e6%85%95-bo-shitau-meaning-pining-yearn-for-love-dearly-adore/
廟,"mausoleum, shrine, palace",<em>(No detailed table found)</em>,,,https://jlptsensei.com/learn-japanese-kanji/%e5%bb%9f-byou-myou-tamaya-mitamaya-yashiro-meaning-mausoleum-shrine-palace/
銚,sake bottle,<em>(No detailed table found)</em>,,,https://jlptsensei.com/learn-japanese-kanji/%e9%8a%9a-chou-you-nabe-meaning-sake-bottle/
斐,"beautiful, patterned",<em>(No detailed table found)</em>,,,https://jlptsensei.com/learn-japanese-kanji/%e6%96%90-hi-i-meaning-beautiful-patterned/
罷,"quit, stop, leave, withdraw, go",<em>(No detailed table found)</em>,,,https://jlptsensei.com/learn-japanese-kanji/%e7%bd%b7-hi-makari-yameru-meaning-quit-stop-leave-withdraw-go/
矯,"rectify, straighten, correct, reform, cure, control, pretend, falsify",<em>(No detailed table found)</em>,,,https://jlptsensei.com/learn-japanese-kanji/%e7%9f%af-kyou-tameru-meaning-rectify-straighten-correct-reform-cure-control-pretend-falsify/
某,"so-and-so, one, a certain, that person",<em>(No detailed table found)</em>,,,https://jlptsensei.com/learn-japanese-kanji/%e6%9f%90-bou-soregashi-nanigashi-meaning-so-and-so-one-a-certain-that-person/
囚,"captured, criminal, arrest, catch",<em>(No detailed table found)</em>,,,https://jlptsensei.com/learn-japanese-kanji/%e5%9b%9a-shuu-torawareru-meaning-captured-criminal-arrest-catch/
魁,charging ahead of others,<em>(No detailed table found)</em>,,,https://jlptsensei.com/learn-japanese-kanji/%e9%ad%81-kai-sakigake-kashira-meaning-charging-ahead-of-others/
薮,"thicket, bush, underbrush, grove",<em>(No detailed table found)</em>,,,https://jlptsensei.com/learn-japanese-kanji/%e8%96%ae-sou-yabu-meaning-thicket-bush-underbrush-grove/
虹,rainbow,<em>(No detailed table found)</em>,,,https://jlptsensei.com/learn-japanese-kanji/%e8%99%b9-kou-niji-meaning-rainbow/
鴻,"large bird, wild goose, large, great, powerful, prosperous",<em>(No detailed table found)</em>,,,https://jlptsensei.com/learn-japanese-kanji/%e9%b4%bb-kou-gou-ootori-hishikui-oogari-meaning-large-bird-wild-goose-large-great-powerful-prosperous/
泌,"ooze, flow, soak in, penetrate, secrete",<em>(No detailed table found)</em>,,,https://jlptsensei.com/learn-japanese-kanji/%e6%b3%8c-hitsu-hi-meaning-ooze-flow-soak-in-penetrate-secrete/
於,"at, in, on, as for",<em>(No detailed table found)</em>,,,https://jlptsensei.com/learn-japanese-kanji/%e6%96%bc-o-yo-oite-okeru-aa-yori-meaning-at-in-on-as-for/
赳,strong and brave,<em>(No detailed table found)</em>,,,https://jlptsensei.com/learn-japanese-kanji/%e8%b5%b3-kyuu-meaning-strong-and-brave/
漸,"steadily, gradually advancing, finally, barely",<em>(No detailed table found)</em>,,,https://jlptsensei.com/learn-japanese-kanji/%e6%bc%b8-zen-youyaku-yaya-youyou-susumu-meaning-steadily-gradually-advancing-finally-barely/
逢,"meeting, tryst, date, rendezvous",<em>(No detailed table found)</em>,,,https://jlptsensei.com/learn-japanese-kanji/%e9%80%a2-hou-au-mukaeru-meaning-meeting-tryst-date-rendezvous/
凧,"kite, (kokuji)",<em>(No detailed table found)</em>,,,https://jlptsensei.com/learn-japanese-kanji/%e5%87%a7-ikanobori-tako-meaning-kite-kokuji/
鵜,Learn Japanese kanji: 【 テイ、 ダイ / う 】. Meaning: cormorant.,<em>(No detailed table found)</em>,,,https://jlptsensei.com/learn-japanese-kanji/%e9%b5%9c-tei-dai-u-meaning-cormorant/
庵,"hermitage, retreat",<em>(No detailed table found)</em>,,,https://jlptsensei.com/learn-japanese-kanji/%e5%ba%b5-an-iori-io-meaning-hermitage-retreat/
膳,"Learn Japanese kanji: 【 ゼン、 セン / かしわ、 すす(める)、 そな(える) 】. Meaning: small low table, tray.",<em>(No detailed table found)</em>,,,https://jlptsensei.com/learn-japanese-kanji/%e8%86%b3-zen-sen-kashiwa-susumeru-sonaeru-meaning-small-low-table-tray/
蚊,mosquito,<em>(No detailed table found)</em>,,,https://jlptsensei.com/learn-japanese-kanji/%e8%9a%8a-bun-ka-meaning-mosquito/
葵,hollyhock,<em>(No detailed table found)</em>,,,https://jlptsensei.com/learn-japanese-kanji/%e8%91%b5-ki-aoi-meaning-hollyhock/
厄,"unlucky, misfortune, bad luck, disaster",<em>(No detailed table found)</em>,,,https://jlptsensei.com/learn-japanese-kanji/yaku-meaning-unlucky-misfortune-bad-luck-disaster/
藻,"Learn Japanese kanji: 【 ソウ / も 】. Meaning: seaweed, duckweed.",<em>(No detailed table found)</em>,,,https://jlptsensei.com/learn-japanese-kanji/%e8%97%bb-sou-mo-meaning-seaweed-duckweed/
萬,"ten thousand, 10,000",<em>(No detailed table found)</em>,,,https://jlptsensei.com/learn-japanese-kanji/%e8%90%ac-man-ban-yorozu-meaning-ten-thousand-10000/
禄,"Learn Japanese kanji: 【 ロク / さいわ(い)、 ふち 】. Meaning: fief, allowance, pension, grant, happiness.",<em>(No detailed table found)</em>,,,https://jlptsensei.com/learn-japanese-kanji/%e7%a6%84-roku-saiwai-fuchi-meaning-fief-allowance-pension-grant-happiness/
孟,"chief, beginning",<em>(No detailed table found)</em>,,,https://jlptsensei.com/learn-japanese-kanji/%e5%ad%9f-mou-bou-myou-kashira-meaning-chief-beginning/
鴈,Learn Japanese kanji: 【 ガン / かり、 かりがね 】. Meaning: wild goose.,<em>(No detailed table found)</em>,,,https://jlptsensei.com/learn-japanese-kanji/%e9%b4%88-gan-kari-karigane-meaning-wild-goose/
狼,Learn Japanese kanji: 【 ロウ / おおかみ 】. Meaning: wolf.,<em>(No detailed table found)</em>,,,https://jlptsensei.com/learn-japanese-kanji/%e7%8b%bc-rou-ookami-meaning-wolf/
嫡,"legitimate wife, direct descent (non-bastard)",<em>(No detailed table found)</em>,,,https://jlptsensei.com/learn-japanese-kanji/%e5%ab%a1-chaku-teki-meaning-legitimate-wife-direct-descent-non-bastard/
呪,"spell, curse, charm, malediction",<em>(No detailed table found)</em>,,,https://jlptsensei.com/learn-japanese-kanji/%e5%91%aa-ju-shu-shuu-zu-majinau-noroi-meaning-spell-curse-charm-malediction/
斬,"Learn Japanese kanji: 【 ザン、 サン、 セン、 ゼン / き(る) 】. Meaning: beheading, kill, murder.",<em>(No detailed table found)</em>,,,https://jlptsensei.com/learn-japanese-kanji/%e6%96%ac-zan-san-sen-zen-kiru-meaning-beheading-kill-murder/
尖,"Learn Japanese kanji: 【 セン / とが(る)、 さき、 するど(い) 】. Meaning: be pointed, sharp, taper, displeased, angry, edgy.",<em>(No detailed table found)</em>,,,https://jlptsensei.com/learn-japanese-kanji/%e5%b0%96-sen-togaru-saki-sarudoi-meaning-be-pointed-sharp-taper-displeased-angry-edgy/
翫,"take pleasure in, play instrument",<em>(No detailed table found)</em>,,,https://jlptsensei.com/learn-japanese-kanji/%e7%bf%ab-gan-moteasobu-meaning-take-pleasure-in-play-instrument/
嶽,peak,<em>(No detailed table found)</em>,,,https://jlptsensei.com/learn-japanese-kanji/%e5%b6%bd-gaku-take-meaning-peak/
尭,"high, far",<em>(No detailed table found)</em>,,,https://jlptsensei.com/learn-japanese-kanji/%e5%b0%ad-gyou-takai-meaning-high-far/
怨,"grudge, show resentment, be jealous",<em>(No detailed table found)</em>,,,https://jlptsensei.com/learn-japanese-kanji/%e6%80%a8-en-on-un-uramu-meaning-grudge-show-resentment-be-jealous/
卿,"you, lord, secretary, state minister",<em>(No detailed table found)</em>,,,https://jlptsensei.com/learn-japanese-kanji/%e5%8d%bf-kei-kyou-kimi-meaning-you-lord-secretary-state-minister/
串,"spit, skewer",<em>(No detailed table found)</em>,,,https://jlptsensei.com/learn-japanese-kanji/%e4%b8%b2-kan-ken-sen-kushi-tsuranuku-meaning-spit-skewer/
已,"stop, halt, previously, already, long ago",<em>(No detailed table found)</em>,,,https://jlptsensei.com/learn-japanese-kanji/%e5%b7%b2-i-yamu-sudeni-nomi-hanahada-meaning-stop-halt-previously-already-long-ago/
嚇,"menacing, dignity, majesty, threaten",<em>(No detailed table found)</em>,,,https://jlptsensei.com/learn-japanese-kanji/%e5%9a%87-kaku-odosu-meaning-menacing-dignity-majesty-threaten/
巳,"sign of the snake or serpent, 9-11AM, sixth sign of Chinese zodiac",<em>(No detailed table found)</em>,,,https://jlptsensei.com/learn-japanese-kanji/%e5%b7%b3-shi-mi-meaning-sign-of-the-snake-or-serpent-9-11am-sixth-sign-of-chinese-zodiac/
凸,"convex, beetle brow, uneven",<em>(No detailed table found)</em>,,,https://jlptsensei.com/learn-japanese-kanji/%e5%87%b8-totsu-deko-meaning-convex-beetle-brow-uneven/
暢,stretch,<em>(No detailed table found)</em>,,,https://jlptsensei.com/learn-japanese-kanji/%e6%9a%a2-chou-nobiru-meaning-stretch/
腫,"tumor, swelling",<em>(No detailed table found)</em>,,,https://jlptsensei.com/learn-japanese-kanji/%e8%85%ab-shu-shou-hareru-hare-harasu-haremono-meaning-tumor-swelling/
粟,millet,<em>(No detailed table found)</em>,,,https://jlptsensei.com/learn-japanese-kanji/%e7%b2%9f-zoku-shoku-soku-awa-momi-meaning-millet/
燕,swallow (bird),<em>(No detailed table found)</em>,,,https://jlptsensei.com/learn-japanese-kanji/%e7%87%95-en-tsubame-tsubakura-tsubakuro-meaning-swallow-bird/
韻,"rhyme, elegance, tone",<em>(No detailed table found)</em>,,,https://jlptsensei.com/learn-japanese-kanji/%e9%9f%bb-in-meaning-rhyme-elegance-tone/
綴,"compose, spell, write, bind (books)",<em>(No detailed table found)</em>,,,https://jlptsensei.com/learn-japanese-kanji/%e7%b6%b4-tei-tetsu-techi-getsu-tojiru-tsudzuru-tsudzuri-sumiyaka-meaning-compose-spell-write-bind-books/
埴,clay,<em>(No detailed table found)</em>,,,https://jlptsensei.com/learn-japanese-kanji/%e5%9f%b4-shoku-hani-hena-meaning-clay/
霜,frost,<em>(No detailed table found)</em>,,,https://jlptsensei.com/learn-japanese-kanji/%e9%9c%9c-sou-shimo-meaning-frost/
餅,mochi rice cake,<em>(No detailed table found)</em>,,,https://jlptsensei.com/learn-japanese-kanji/%e9%a4%85-hei-hyou-mochi-mochii-meaning-mochi-rice-cake/
魯,"foolish, Russia",<em>(No detailed table found)</em>,,,https://jlptsensei.com/learn-japanese-kanji/%e9%ad%af-ro-oroka-meaning-foolish-russia/
硝,"nitrate, saltpeter",<em>(No detailed table found)</em>,,,https://jlptsensei.com/learn-japanese-kanji/%e7%a1%9d-shou-meaning-nitrate-saltpeter/
牡,male,<em>(No detailed table found)</em>,,,https://jlptsensei.com/learn-japanese-kanji/%e7%89%a1-bo-bou-osu-o-on-meaning-male/
箸,chopsticks,<em>(No detailed table found)</em>,,,https://jlptsensei.com/learn-japanese-kanji/%e7%ae%b8-cho-chaku-hashi-meaning-chopsticks/
勅,Learn Japanese kanji: 【 チョク / いまし(める)、 みことのり 】. Meaning: imperial order.,<em>(No detailed table found)</em>,,,https://jlptsensei.com/learn-japanese-kanji/%e5%8b%85-choku-imashimeru-mikotonori-meaning-imperial-order/
芹,parsley,<em>(No detailed table found)</em>,,,https://jlptsensei.com/learn-japanese-kanji/%e8%8a%b9-kin-seri-meaning-parsley/
杏,apricot,<em>(No detailed table found)</em>,,,https://jlptsensei.com/learn-japanese-kanji/%e6%9d%8f-kyou-an-kou-anzu-meaning-apricot/
迦,Learn Japanese kanji: 【 カ、 ケ 】. Meaning: (used phonetically).,<em>(No detailed table found)</em>,,,https://jlptsensei.com/learn-japanese-kanji/%e8%bf%a6-ka-ke-meaning-used-phonetically/
棺,"Learn Japanese kanji: 【 カン 】. Meaning: coffin, casket.",<em>(No detailed table found)</em>,,,https://jlptsensei.com/learn-japanese-kanji/%e6%a3%ba-kan-meaning-coffin-casket/
儒,Confucian,<em>(No detailed table found)</em>,,,https://jlptsensei.com/learn-japanese-kanji/%e5%84%92-ju-meaning-confucian/
鳳,male mythical bird,<em>(No detailed table found)</em>,,,https://jlptsensei.com/learn-japanese-kanji/%e9%b3%b3-hou-fuu-meaning-male-mythical-bird/
馨,"fragrant, balmy, favourable",<em>(No detailed table found)</em>,,,https://jlptsensei.com/learn-japanese-kanji/%e9%a6%a8-kei-kyou-kaoru-kaori-meaning-fragrant-balmy-favourable/
斑,"spot, blemish, speck, patches",<em>(No detailed table found)</em>,,,https://jlptsensei.com/learn-japanese-kanji/%e6%96%91-han-fu-madara-meaning-spot-blemish-speck-patches/
蔭,"shade, shadow, backing assistance",<em>(No detailed table found)</em>,,,https://jlptsensei.com/learn-japanese-kanji/%e8%94%ad-in-on-kage-meaning-shade-shadow-backing-assistance/
焉,"how, why, then",<em>(No detailed table found)</em>,,,https://jlptsensei.com/learn-japanese-kanji/%e7%84%89-en-izukunzo-kokoni-kore-meaning-how-why-then/
慧,wise,<em>(No detailed table found)</em>,,,https://jlptsensei.com/learn-japanese-kanji/%e6%85%a7-kei-e-satoi-meaning-wise/
祇,"national or local god, peaceful, great",<em>(No detailed table found)</em>,,,https://jlptsensei.com/learn-japanese-kanji/%e7%a5%87-gi-ki-shi-kunitsukami-tada-masani-meaning-national-or-local-god-peaceful-great/
摯,"gift, seriousness",<em>(No detailed table found)</em>,,,https://jlptsensei.com/learn-japanese-kanji/%e6%91%af-shi-itaru-tsukamu-nie-meaning-gift-seriousness/
愁,"distress, grieve, lament, be anxious",<em>(No detailed table found)</em>,,,https://jlptsensei.com/learn-japanese-kanji/%e6%84%81-shuu-ureeru-urei-meaning-distress-grieve-lament-be-anxious/
鷺,heron,<em>(No detailed table found)</em>,,,https://jlptsensei.com/learn-japanese-kanji/%e9%b7%ba-ro-sagi-meaning-heron/
楼,"watchtower, lookout, high building",<em>(No detailed table found)</em>,,,https://jlptsensei.com/learn-japanese-kanji/%e6%a5%bc-rou-takadono-meaning-watchtower-lookout-high-building/
彬,"refined, gentle",<em>(No detailed table found)</em>,,,https://jlptsensei.com/learn-japanese-kanji/%e5%bd%ac-hin-fun-uruwashii-akiraka-meaning-refined-gentle/
袴,Learn Japanese kanji: 【 コ、 ク / はかま、 ずぼん 】. Meaning: men’s formal divided skirt.,<em>(No detailed table found)</em>,,,https://jlptsensei.com/learn-japanese-kanji/%e8%a2%b4-ko-ku-hakama-zubon-meaning-mens-formal-divided-skirt/
匡,"correct, save, assist",<em>(No detailed table found)</em>,,,https://jlptsensei.com/learn-japanese-kanji/%e5%8c%a1-kyou-ou-sukuu-tadasu-meaning-correct-save-assist/
眉,eyebrow,<em>(No detailed table found)</em>,,,https://jlptsensei.com/learn-japanese-kanji/%e7%9c%89-bi-mi-mayu-meaning-eyebrow/
苅,cutting (grass),<em>(No detailed table found)</em>,,,https://jlptsensei.com/learn-japanese-kanji/%e8%8b%85-gai-kai-karu-meaning-cutting-grass/
讃,"praise, title on a picture",<em>(No detailed table found)</em>,,,https://jlptsensei.com/learn-japanese-kanji/%e8%ae%83-san-homeru-tataeru-meaning-praise-title-on-a-picture/
尹,Learn Japanese kanji: 【 イン / おさ、 ただ(す) 】. Meaning: an official rank.,<em>(No detailed table found)</em>,,,https://jlptsensei.com/learn-japanese-kanji/%e5%b0%b9-in-osa-tadasu-meaning-an-official-rank/
欽,"respect, revere, long for",<em>(No detailed table found)</em>,,,https://jlptsensei.com/learn-japanese-kanji/%e6%ac%bd-kin-kon-tsutsushimu-meaning-respect-revere-long-for/
薪,"fuel, firewood, kindling",<em>(No detailed table found)</em>,,,https://jlptsensei.com/learn-japanese-kanji/%e8%96%aa-shin-takigi-maki-meaning-fuel-firewood-kindling/
湛,"fill, wear (a smile), clear, pure, dense, deep",<em>(No detailed table found)</em>,,,https://jlptsensei.com/learn-japanese-kanji/%e6%b9%9b-tan-chin-jin-sen-shizumu-tataeru-meaning-fill-wear-a-smile-clear-pure-dense-deep/
堆,piled high,<em>(No detailed table found)</em>,,,https://jlptsensei.com/learn-japanese-kanji/%e5%a0%86-tai-tsui-uzutakai-meaning-piled-high/
狐,fox,<em>(No detailed table found)</em>,,,https://jlptsensei.com/learn-japanese-kanji/%e7%8b%90-ko-kitsune-meaning-fox/
褐,"brown, woollen kimono",<em>(No detailed table found)</em>,,,https://jlptsensei.com/learn-japanese-kanji/%e8%a4%90-katsu-meaning-brown-woollen-kimono/
鴎,seagull,<em>(No detailed table found)</em>,,,https://jlptsensei.com/learn-japanese-kanji/%e9%b4%8e-ou-kamome-meaning-seagull/
瀋,"juice, broth",<em>(No detailed table found)</em>,,,https://jlptsensei.com/learn-japanese-kanji/%e7%80%8b-shin-meaning-juice-broth/
挺,"bravely volunteer, counter for guns, inksticks, palanquins",<em>(No detailed table found)</em>,,,https://jlptsensei.com/learn-japanese-kanji/%e6%8c%ba-chou-tei-nuku-meaning-bravely-volunteer-counter-for-guns-inksticks-palanquins-rickshaws/
賜,"grant, gift, boon, results",<em>(No detailed table found)</em>,,,https://jlptsensei.com/learn-japanese-kanji/%e8%b3%9c-shi-tamawaru-tamau-tamou-meaning-grant-gift-boon-results/
嵯,"steep, craggy, rugged",<em>(No detailed table found)</em>,,,https://jlptsensei.com/learn-japanese-kanji/%e5%b5%af-sa-shi-meaning-steep-craggy-rugged/
雁,wild goose,<em>(No detailed table found)</em>,,,https://jlptsensei.com/learn-japanese-kanji/%e9%9b%81-gan-kari-karigane-meaning-wild-goose/
佃,cultivated rice field,<em>(No detailed table found)</em>,,,https://jlptsensei.com/learn-japanese-kanji/%e4%bd%83-ten-den-tsukuda-meaning-cultivated-rice-field/
綜,"rule, synthesize",<em>(No detailed table found)</em>,,,https://jlptsensei.com/learn-japanese-kanji/%e7%b6%9c-sou-osameru-suberu-meaning-rule-synthesize/
繕,"darning, repair, mend, trim, tidy up, adjust",<em>(No detailed table found)</em>,,,https://jlptsensei.com/learn-japanese-kanji/%e7%b9%95-zen-tsukurou-meaning-darning-repair-mend-trim-tidy-up-adjust/
狛,"archaic part of Korea, lion-dog shrine guards",<em>(No detailed table found)</em>,,,https://jlptsensei.com/learn-japanese-kanji/%e7%8b%9b-haku-koma-meaning-archaic-part-of-korea-lion-dog-shrine-guards/
壷,"jar, pot, hinge knuckle, one's aim",<em>(No detailed table found)</em>,,,https://jlptsensei.com/learn-japanese-kanji/%e5%a3%b7-ko-tsubo-meaning-jar-pot-hinge-knuckle-ones-aim/
橿,oak,<em>(No detailed table found)</em>,,,https://jlptsensei.com/learn-japanese-kanji/%e6%a9%bf-kyou-kashi-mochinoki-meaning-oak/
栓,"plug, bolt, cork, bung, stopper",<em>(No detailed table found)</em>,,,https://jlptsensei.com/learn-japanese-kanji/%e6%a0%93-sen-meaning-plug-bolt-cork-bung-stopper/
翠,"green, kingfisher",<em>(No detailed table found)</em>,,,https://jlptsensei.com/learn-japanese-kanji/%e7%bf%a0-sui-kawasemi-midori-meaning-green-kingfisher/
鮎,"freshwater trout, smelt",<em>(No detailed table found)</em>,,,https://jlptsensei.com/learn-japanese-kanji/%e9%ae%8e-den-nen-ayu-namazu-meaning-freshwater-trout-smelt/
芯,wick,<em>(No detailed table found)</em>,,,https://jlptsensei.com/learn-japanese-kanji/%e8%8a%af-shin-meaning-wick/
蜜,"honey, nectar, molasses",<em>(No detailed table found)</em>,,,https://jlptsensei.com/learn-japanese-kanji/%e8%9c%9c-mitsu-bitsu-meaning-honey-nectar-molasses/
播,"Learn Japanese kanji: 【 ハ、 バン、 ハン / ま(く) 】. Meaning: plant, sow.",<em>(No detailed table found)</em>,,,https://jlptsensei.com/learn-japanese-kanji/%e6%92%ad-ha-ban-han-maku-meaning-plant-sow/
榛,"hazelnut, filbert",<em>(No detailed table found)</em>,,,https://jlptsensei.com/learn-japanese-kanji/%e6%a6%9b-shin-han-hashibami-hari-meaning-hazelnut-filbert/
凹,"concave, hollow, sunken",<em>(No detailed table found)</em>,,,https://jlptsensei.com/learn-japanese-kanji/%e5%87%b9-ou-kubomu-hekomu-boko-meaning-concave-hollow-sunken/
艶,"glossy, luster, glaze, polish, charm, colorful, captivating",<em>(No detailed table found)</em>,,,https://jlptsensei.com/learn-japanese-kanji/%e8%89%b6-en-tsuya-namamekashii-adeyaka-tsuyameku-meaning-glossy-luster-glaze-polish-charm-colorful-captivating/
帖,"Learn Japanese kanji: 【 チョウ、 ジョウ / かきもの 】. Meaning: quire (of paper), bundle of seaweed, counter for screens, notebook.",<em>(No detailed table found)</em>,,,https://jlptsensei.com/learn-japanese-kanji/%e5%b8%96-chou-jou-kakimono-meaning-quire-of-paper-bundle-of-seaweed-counter-for-screens-notebook/
桶,"tub, bucket",<em>(No detailed table found)</em>,,,https://jlptsensei.com/learn-japanese-kanji/%e6%a1%b6-you-tou-oke-meaning-tub-bucket/
惣,all,<em>(No detailed table found)</em>,,,https://jlptsensei.com/learn-japanese-kanji/%e6%83%a3-sou-subete-meaning-all/
股,"thigh, crotch",<em>(No detailed table found)</em>,,,https://jlptsensei.com/learn-japanese-kanji/%e8%82%a1-ko-mata-momo-meaning-thigh-crotch/
匂,"fragrant, stink, glow, insinuate, (kokuji)",<em>(No detailed table found)</em>,,,https://jlptsensei.com/learn-japanese-kanji/%e5%8c%82-niou-nioi-niowaseru-meaning-fragrant-stink-glow-insinuate-kokuji/
鞍,saddle,<em>(No detailed table found)</em>,,,https://jlptsensei.com/learn-japanese-kanji/%e9%9e%8d-an-kura-meaning-saddle/
蔦,"Learn Japanese kanji: 【 チョウ / つた 】. Meaning: vine, ivy.",<em>(No detailed table found)</em>,,,https://jlptsensei.com/learn-japanese-kanji/%e8%94%a6-chou-tsuta-meaning-vine-ivy/
玩,"play, take pleasure in, trifle with, make sport of",<em>(No detailed table found)</em>,,,https://jlptsensei.com/learn-japanese-kanji/%e7%8e%a9-gan-mochiasobu-moteasobu-meaning-play-take-pleasure-in-trifle-with-make-sport-of/
萱,miscanthus reed,<em>(No detailed table found)</em>,,,https://jlptsensei.com/learn-japanese-kanji/%e8%90%b1-ken-kaya-kanzou-meaning-miscanthus-reed/
梯,"ladder, stairs, insatiable drinking",<em>(No detailed table found)</em>,,,https://jlptsensei.com/learn-japanese-kanji/%e6%a2%af-tei-tai-hashigo-meaning-ladder-stairs-insatiable-drinking/
雫,"drop, trickle, dripping, (kokuji)",<em>(No detailed table found)</em>,,,https://jlptsensei.com/learn-japanese-kanji/%e9%9b%ab-da-shizuku-meaning-drop-trickle-dripping-kokuji/
絆,"bonds, fetters",<em>(No detailed table found)</em>,,,https://jlptsensei.com/learn-japanese-kanji/%e7%b5%86-han-kizuna-hodasu-tsunagu-meaning-bonds-fetters/
錬,"tempering, refine, drill, train, polish",<em>(No detailed table found)</em>,,,https://jlptsensei.com/learn-japanese-kanji/%e9%8c%ac-ren-neru-meaning-tempering-refine-drill-train-polish/
湊,"port, harbor",<em>(No detailed table found)</em>,,,https://jlptsensei.com/learn-japanese-kanji/%e6%b9%8a-sou-minato-atsumaru-meaning-port-harbor/
蜂,"Learn Japanese kanji: 【 ホウ / はち 】. Meaning: bee, wasp, hornet.",<em>(No detailed table found)</em>,,,https://jlptsensei.com/learn-japanese-kanji/%e8%9c%82-hou-hachi-meaning-bee-wasp-hornet/
隼,falcon,<em>(No detailed table found)</em>,,,https://jlptsensei.com/learn-japanese-kanji/%e9%9a%bc-shun-jun-hayabusa-meaning-falcon/
舵,"Learn Japanese kanji: 【 ダ、 タ / かじ 】. Meaning: rudder, helm, wheel.",<em>(No detailed table found)</em>,,,https://jlptsensei.com/learn-japanese-kanji/%e8%88%b5-da-ta-kaji-meaning-rudder-helm-wheel/
渚,"strand, beach, shore",<em>(No detailed table found)</em>,,,https://jlptsensei.com/learn-japanese-kanji/%e6%b8%9a-sho-nagisa-meaning-strand-beach-shore/
珂,jewel,<em>(No detailed table found)</em>,,,https://jlptsensei.com/learn-japanese-kanji/%e7%8f%82-ka-meaning-jewel/
煥,shine,<em>(No detailed table found)</em>,,,https://jlptsensei.com/learn-japanese-kanji/%e7%85%a5-kan-akiraka-meaning-shine/
衷,"inmost, heart, mind, inside",<em>(No detailed table found)</em>,,,https://jlptsensei.com/learn-japanese-kanji/%e8%a1%b7-chuu-meaning-inmost-heart-mind-inside/
逐,"pursue, drive away, chase, accomplish, attain, commit",<em>(No detailed table found)</em>,,,https://jlptsensei.com/learn-japanese-kanji/%e9%80%90-chiku-meaning-pursue-drive-away-chase-accomplish-attain-commit/
斥,"reject, retreat, recede, withdraw, repel, repulse",<em>(No detailed table found)</em>,,,https://jlptsensei.com/learn-japanese-kanji/%e6%96%a5-seki-shirizokeru-meaning-reject-retreat-recede-withdraw-repel-repulse/
稀,"rare, phenomenal, dilute (acid)",<em>(No detailed table found)</em>,,,https://jlptsensei.com/learn-japanese-kanji/%e7%a8%80-ki-ke-mare-mabara-meaning-rare-phenomenal-dilute-acid/
癌,"cancer, cancerous evil",<em>(No detailed table found)</em>,,,https://jlptsensei.com/learn-japanese-kanji/%e7%99%8c-gan-meaning-cancer-cancerous-evil/
峨,Learn Japanese kanji: 【 ガ / けわ(しい) 】. Meaning: high mountain.,<em>(No detailed table found)</em>,,,https://jlptsensei.com/learn-japanese-kanji/%e5%b3%a8-ga-kewashii-meaning-high-mountain/
嘘,"lie, falsehood",<em>(No detailed table found)</em>,,,https://jlptsensei.com/learn-japanese-kanji/%e5%98%98-kyo-ko-uso-fuku-meaning-lie-falsehood/
旛,flag,<em>(No detailed table found)</em>,,,https://jlptsensei.com/learn-japanese-kanji/%e6%97%9b-hen-han-hata-meaning-flag/
篭,"Learn Japanese kanji: 【 ロウ、 ル / かご、 こ(める)、 こも(る)、 こ(む) 】. Meaning: seclude oneself, cage, coop, implied.",<em>(No detailed table found)</em>,,,https://jlptsensei.com/learn-japanese-kanji/%e7%af%ad-rou-ru-kago-komeru-komoru-komu-meaning-seclude-oneself-cage-coop-implied/
芙,"lotus, Mt Fuji",<em>(No detailed table found)</em>,,,https://jlptsensei.com/learn-japanese-kanji/%e8%8a%99-fu-meaning-lotus-mt-fuji/
詔,imperial edict,<em>(No detailed table found)</em>,,,https://jlptsensei.com/learn-japanese-kanji/%e8%a9%94-shou-mikotonori-meaning-imperial-edict/
皐,"swamp, shore, fifth month",<em>(No detailed table found)</em>,,,https://jlptsensei.com/learn-japanese-kanji/%e7%9a%90-kou-satsuki-meaning-swamp-shore-fifth-month/
雛,"Learn Japanese kanji: 【 スウ、 ス、 ジュ / ひな、 ひよこ 】. Meaning: chick, squab, duckling, doll.",<em>(No detailed table found)</em>,,,https://jlptsensei.com/learn-japanese-kanji/%e9%9b%9b-suu-su-ju-hina-hiyoko-meaning-chick-squab-duckling-doll/
娼,prostitute,<em>(No detailed table found)</em>,,,https://jlptsensei.com/learn-japanese-kanji/%e5%a8%bc-shou-asobime-meaning-prostitute/
篆,seal-style characters,<em>(No detailed table found)</em>,,,https://jlptsensei.com/learn-japanese-kanji/%e7%af%86-ten-meaning-seal-style-characters/
鮫,shark,<em>(No detailed table found)</em>,,,https://jlptsensei.com/learn-japanese-kanji/%e9%ae%ab-kou-same-mizuchi-meaning-shark/
椅,chair,<em>(No detailed table found)</em>,,,https://jlptsensei.com/learn-japanese-kanji/%e6%a4%85-i-meaning-chair/
惟,"consider, reflect, think",<em>(No detailed table found)</em>,,,https://jlptsensei.com/learn-japanese-kanji/%e6%83%9f-i-yui-omonmiru-kore-omouni-meaning-consider-reflect-think/
牌,"label, signboard, medal, mahjong tiles",<em>(No detailed table found)</em>,,,https://jlptsensei.com/learn-japanese-kanji/%e7%89%8c-hai-pai-fuda-meaning-label-signboard-medal-mahjong-tiles/
宕,Learn Japanese kanji: 【 トウ / すぎる 】. Meaning: cave.,<em>(No detailed table found)</em>,,,https://jlptsensei.com/learn-japanese-kanji/%e5%ae%95-tou-sugiru-meaning-cave/
喧,"noisy, boisterous",<em>(No detailed table found)</em>,,,https://jlptsensei.com/learn-japanese-kanji/%e5%96%a7-ken-yakamashii-kamabisushii-meaning-noisy-boisterous/
佑,"help, assist",<em>(No detailed table found)</em>,,,https://jlptsensei.com/learn-japanese-kanji/%e4%bd%91-yuu-u-tasukeru-meaning-help-assist/
蒋,reed,<em>(No detailed table found)</em>,,,https://jlptsensei.com/learn-japanese-kanji/%e8%92%8b-shou-sou-makomo-hagemasu-meaning-reed/
樟,camphor,<em>(No detailed table found)</em>,,,https://jlptsensei.com/learn-japanese-kanji/%e6%a8%9f-shou-kusu-meaning-camphor/
耀,"Learn Japanese kanji: 【 ヨウ / かがや(く)、 ひかり 】. Meaning: shine, sparkle, gleam, twinkle.",<em>(No detailed table found)</em>,,,https://jlptsensei.com/learn-japanese-kanji/%e8%80%80-you-kagayaku-hikari-meaning-shine-sparkle-gleam-twinkle/
黛,blackened eyebrows,<em>(No detailed table found)</em>,,,https://jlptsensei.com/learn-japanese-kanji/%e9%bb%9b-tai-mayuzumi-meaning-blackened-eyebrows/
叱,"scold, reprove",<em>(No detailed table found)</em>,,,https://jlptsensei.com/learn-japanese-kanji/%e5%8f%b1-shitsu-shichi-ka-shikaru-meaning-scold-reprove/
櫛,Learn Japanese kanji: 【 シツ / くし、 くしけず(る) 】. Meaning: comb.,<em>(No detailed table found)</em>,,,https://jlptsensei.com/learn-japanese-kanji/%e6%ab%9b-shitsu-kushi-kushikezuru-meaning-comb/
渥,"kindness, moisten",<em>(No detailed table found)</em>,,,https://jlptsensei.com/learn-japanese-kanji/%e6%b8%a5-aku-atsui-uruou-meaning-kindness-moisten/
挨,"approach, draw near, push open",<em>(No detailed table found)</em>,,,https://jlptsensei.com/learn-japanese-kanji/%e6%8c%a8-ai-hiraku-meaning-approach-draw-near-push-open/
憧,"yearn after, long for, aspire to, admire, adore",<em>(No detailed table found)</em>,,,https://jlptsensei.com/learn-japanese-kanji/%e6%86%a7-shou-tou-dou-akogareru-meaning-yearn-after-long-for-aspire-to-admire-adore/
濡,"Learn Japanese kanji: 【 ジュ、 ニュ / ぬれ(る)、 うるお(い) 】. Meaning: get wet, damp, make love.",<em>(No detailed table found)</em>,,,https://jlptsensei.com/learn-japanese-kanji/%e6%bf%a1-ju-nyu-nureru-uruoi-meaning-get-wet-damp-make-love/
槍,"spear, lance, javelin",<em>(No detailed table found)</em>,,,https://jlptsensei.com/learn-japanese-kanji/%e6%a7%8d-sou-shou-yari-meaning-spear-lance-javelin/
宵,"wee hours, evening, early night",<em>(No detailed table found)</em>,,,https://jlptsensei.com/learn-japanese-kanji/%e5%ae%b5-shou-yoi-meaning-wee-hours-evening-early-night/
襄,"rise, raise",<em>(No detailed table found)</em>,,,https://jlptsensei.com/learn-japanese-kanji/%e8%a5%84-jou-shou-harau-meaning-rise-raise/
妄,"delusion, unnecessarily, without authority, reckless",<em>(No detailed table found)</em>,,,https://jlptsensei.com/learn-japanese-kanji/%e5%a6%84-mou-bou-midarini-meaning-delusion-unnecessarily-without-authority-reckless/
惇,"sincere, kind, considerate",<em>(No detailed table found)</em>,,,https://jlptsensei.com/learn-japanese-kanji/%e6%83%87-shun-jun-ton-atsui-meaning-sincere-kind-considerate/
蛋,"barbarian, egg",<em>(No detailed table found)</em>,,,https://jlptsensei.com/learn-japanese-kanji/%e8%9b%8b-tan-meaning-barbarian-egg/
脩,dried meat,<em>(No detailed table found)</em>,,,https://jlptsensei.com/learn-japanese-kanji/%e8%84%a9-shuu-osameru-nagai-hojishi-meaning-dried-meat/
笘,"whip, cane, wooden writing slate",<em>(No detailed table found)</em>,,,https://jlptsensei.com/learn-japanese-kanji/%e7%ac%98-sen-chou-meaning-whip-cane-wooden-writing-slate/
宍,"muscles, meat",<em>(No detailed table found)</em>,,,https://jlptsensei.com/learn-japanese-kanji/%e5%ae%8d-niku-jiku-shishi-meaning-muscles-meat/
甫,"Learn Japanese kanji: 【 ホ、 フ / はじ(めて) 】. Meaning: for the first time, not until.",<em>(No detailed table found)</em>,,,https://jlptsensei.com/learn-japanese-kanji/%e7%94%ab-ho-fu-hajimete-meaning-for-the-first-time-not-until/
酌,"bar-tending, serving sake, the host, draw (water), ladle, scoop, pump",<em>(No detailed table found)</em>,,,https://jlptsensei.com/learn-japanese-kanji/%e9%85%8c-shaku-kumu-meaning-bar-tending-serving-sake-the-host-draw-water-ladle-scoop-pump/
蚕,silkworm,<em>(No detailed table found)</em>,,,https://jlptsensei.com/learn-japanese-kanji/%e8%9a%95-san-ten-kaiko-ko-meaning-silkworm/
壕,"trench, dugout, air raid shelter",<em>(No detailed table found)</em>,,,https://jlptsensei.com/learn-japanese-kanji/%e5%a3%95-kou-gou-hori-meaning-trench-dugout-air-raid-shelter/
嬉,"glad, pleased, rejoice",<em>(No detailed table found)</em>,,,https://jlptsensei.com/learn-japanese-kanji/%e5%ac%89-ki-ureshii-tanoshimu-meaning-glad-pleased-rejoice/
囃,"play (music), accompany, beat time, banter, jeer, applaud",<em>(No detailed table found)</em>,,,https://jlptsensei.com/learn-japanese-kanji/%e5%9b%83-satsu-sou-hayasu-hayashi-meaning-play-music-accompany-beat-time-banter-jeer-applaud/
蒼,"blue, pale",<em>(No detailed table found)</em>,,,https://jlptsensei.com/learn-japanese-kanji/%e8%92%bc-sou-aoi-meaning-blue-pale/
餌,"food, bait, prey, tempting profit",<em>(No detailed table found)</em>,,,https://jlptsensei.com/learn-japanese-kanji/%e9%a4%8c-ji-ni-e-eba-esa-mochi-meaning-food-bait-prey-tempting-profit/
簗,"weir, fish trap, (kokuji)",<em>(No detailed table found)</em>,,,https://jlptsensei.com/learn-japanese-kanji/%e7%b0%97-ryou-yana-meaning-weir-fish-trap-kokuji/
峙,"tower, soar",<em>(No detailed table found)</em>,,,https://jlptsensei.com/learn-japanese-kanji/%e5%b3%99-ji-sobadatsu-meaning-tower-soar/
粥,rice gruel,<em>(No detailed table found)</em>,,,https://jlptsensei.com/learn-japanese-kanji/%e7%b2%a5-iku-shuku-juku-kayu-kai-hisagu-meaning-rice-gruel/
舘,"mansion, large building, palace",<em>(No detailed table found)</em>,,,https://jlptsensei.com/learn-japanese-kanji/%e8%88%98-kan-yakata-tate-meaning-mansion-large-building-palace/
銕,"iron, strong, solid, firm",<em>(No detailed table found)</em>,,,https://jlptsensei.com/learn-japanese-kanji/%e9%8a%95-tetsu-kurogane-meaning-iron-strong-solid-firm/
鄒,Learn Japanese kanji: 【 スウ、 シュ、 シュウ 】. Meaning: place name.,<em>(No detailed table found)</em>,,,https://jlptsensei.com/learn-japanese-kanji/%e9%84%92-suu-shu-shuu-meaning-place-name/
蜷,an edible river snail,<em>(No detailed table found)</em>,,,https://jlptsensei.com/learn-japanese-kanji/%e8%9c%b7-ken-nina-meaning-an-edible-river-snail/
暉,"shine, light",<em>(No detailed table found)</em>,,,https://jlptsensei.com/learn-japanese-kanji/%e6%9a%89-ki-kagayaku-meaning-shine-light/
捧,"lift up, give, offer, consecrate, sacrifice, dedicate",<em>(No detailed table found)</em>,,,https://jlptsensei.com/learn-japanese-kanji/%e6%8d%a7-hou-sasageru-meaning-lift-up-give-offer-consecrate-sacrifice-dedicate/
頒,"distribute, disseminate, partition, understand",<em>(No detailed table found)</em>,,,https://jlptsensei.com/learn-japanese-kanji/%e9%a0%92-han-wakatsu-wakeru-meaning-distribute-disseminate-partition-understand/
只,"only, free, in addition",<em>(No detailed table found)</em>,,,https://jlptsensei.com/learn-japanese-kanji/%e5%8f%aa-shi-tada-meaning-only-free-in-addition/
肢,"limb, arms & legs",<em>(No detailed table found)</em>,,,https://jlptsensei.com/learn-japanese-kanji/%e8%82%a2-shi-meaning-limb-arms-legs/
箏,a koto,<em>(No detailed table found)</em>,,,https://jlptsensei.com/learn-japanese-kanji/%e7%ae%8f-sou-shou-koto-meaning-a-koto/
檀,"cedar, sandalwood, spindle tree",<em>(No detailed table found)</em>,,,https://jlptsensei.com/learn-japanese-kanji/%e6%aa%80-dan-tan-mayumi-meaning-cedar-sandalwood-spindle-tree/
鵠,swan,<em>(No detailed table found)</em>,,,https://jlptsensei.com/learn-japanese-kanji/%e9%b5%a0-koku-kou-kugui-mato-meaning-swan/
凱,Learn Japanese kanji: 【 ガイ、 カイ / かちどき、 やわらぐ 】. Meaning: victory song.,<em>(No detailed table found)</em>,,,https://jlptsensei.com/learn-japanese-kanji/%e5%87%b1-gai-kai-kachidoki-yawaragu-meaning-victory-song/
彗,comet,<em>(No detailed table found)</em>,,,https://jlptsensei.com/learn-japanese-kanji/%e5%bd%97-sui-e-kei-sei-houki-meaning-comet/
謄,"mimeograph, copy",<em>(No detailed table found)</em>,,,https://jlptsensei.com/learn-japanese-kanji/%e8%ac%84-tou-meaning-mimeograph-copy/
諌,"admonish, dissuade",<em>(No detailed table found)</em>,,,https://jlptsensei.com/learn-japanese-kanji/%e8%ab%8c-kan-isame-meaning-admonish-dissuade/
樫,"Learn Japanese kanji: 【 かし 】. Meaning: evergreen oak, (kokuji).",<em>(No detailed table found)</em>,,,https://jlptsensei.com/learn-japanese-kanji/%e6%a8%ab-kashi-meaning-evergreen-oak-kokuji/
噂,"rumor, gossip, hearsay",<em>(No detailed table found)</em>,,,https://jlptsensei.com/learn-japanese-kanji/%e5%99%82-son-uwasa-meaning-rumor-gossip-hearsay/
脊,"Learn Japanese kanji: 【 セキ / せ、 せい 】. Meaning: stature, height, spine.",<em>(No detailed table found)</em>,,,https://jlptsensei.com/learn-japanese-kanji/%e8%84%8a-seki-se-sei-meaning-stature-height-spine/
牝,female,<em>(No detailed table found)</em>,,,https://jlptsensei.com/learn-japanese-kanji/%e7%89%9d-hin-mesu-me-men-meaning-female/
梓,"catalpa tree, woodblock printing",<em>(No detailed table found)</em>,,,https://jlptsensei.com/learn-japanese-kanji/%e6%a2%93-shi-azusa-meaning-catalpa-tree-woodblock-printing/
洛,"Kyoto, the capital",<em>(No detailed table found)</em>,,,https://jlptsensei.com/learn-japanese-kanji/%e6%b4%9b-raku-meaning-kyoto-the-capital/
醍,"Learn Japanese kanji: 【 ダイ、 タイ、 テイ 】. Meaning: whey, good Buddhist teaching.",<em>(No detailed table found)</em>,,,https://jlptsensei.com/learn-japanese-kanji/%e9%86%8d-dai-tai-tei-meaning-whey-good-buddhist-teaching/
砦,"fort, stronghold, entrenchments",<em>(No detailed table found)</em>,,,https://jlptsensei.com/learn-japanese-kanji/%e7%a0%a6-sai-toride-meaning-fort-stronghold-entrenchments/
丑,"Learn Japanese kanji: 【 チュウ / うし 】. Meaning: sign of the ox or cow, 1-3AM, second sign of Chinese zodiac.",<em>(No detailed table found)</em>,,,https://jlptsensei.com/learn-japanese-kanji/%e4%b8%91-chuu-ushi-meaning-sign-of-the-ox-or-cow-1-3am-second-sign-of-chinese-zodiac/
笏,"mace, baton, scepter",<em>(No detailed table found)</em>,,,https://jlptsensei.com/learn-japanese-kanji/%e7%ac%8f-kotsu-shaku-meaning-mace-baton-scepter/
蕨,"bracken, fernbrake",<em>(No detailed table found)</em>,,,https://jlptsensei.com/learn-japanese-kanji/%e8%95%a8-ketsu-warabi-meaning-bracken-fernbrake/
噺,"talk, (kokuji)",<em>(No detailed table found)</em>,,,https://jlptsensei.com/learn-japanese-kanji/%e5%99%ba-hanashi-meaning-talk-kokuji/
抒,"Learn Japanese kanji: 【 ジョ、 ショ / く(む)、 の(べる) 】. Meaning: tell, 10**24.",<em>(No detailed table found)</em>,,,https://jlptsensei.com/learn-japanese-kanji/%e6%8a%92-jo-sho-kumu-noberu-meaning-tell-1024/
嗣,"heir, succeed",<em>(No detailed table found)</em>,,,https://jlptsensei.com/learn-japanese-kanji/%e5%97%a3-shi-meaning-heir-succeed/
隈,"corner, nook, recess",<em>(No detailed table found)</em>,,,https://jlptsensei.com/learn-japanese-kanji/%e9%9a%88-wai-e-kuma-sumi-meaning-corner-nook-recess/
叶,"grant, answer",<em>(No detailed table found)</em>,,,https://jlptsensei.com/learn-japanese-kanji/%e5%8f%b6-kyou-kanaeru-kanau-meaning-grant-answer/
凄,"Learn Japanese kanji: 【 セイ、 サイ / さむ(い)、 すご(い)、 すさ(まじい) 】. Meaning: uncanny, weird, threatening, horrible.",<em>(No detailed table found)</em>,,,https://jlptsensei.com/learn-japanese-kanji/%e5%87%84-sei-sai-samui-sugoi-susamajii-meaning-uncanny-weird-threatening-horrible/
汐,"eventide, tide, salt water, opportunity",<em>(No detailed table found)</em>,,,https://jlptsensei.com/learn-japanese-kanji/%e6%b1%90-seki-shio-ushio-sei-meaning-eventide-tide-salt-water-opportunity/
絢,brilliant fabric design,<em>(No detailed table found)</em>,,,https://jlptsensei.com/learn-japanese-kanji/%e7%b5%a2-ken-meaning-brilliant-fabric-design/
叩,"strike, beat, kow tow, hit, thrash, criticize",<em>(No detailed table found)</em>,,,https://jlptsensei.com/learn-japanese-kanji/%e5%8f%a9-kou-tataku-hataku-sugi-meaning-strike-beat-kow-tow-hit-thrash-criticize/
嫉,"jealous, envy",<em>(No detailed table found)</em>,,,https://jlptsensei.com/learn-japanese-kanji/%e5%ab%89-shitsu-sonemu-netamu-nikumu-meaning-jealous-envy/
朔,"conjunction (astronomy), first day of month, north",<em>(No detailed table found)</em>,,,https://jlptsensei.com/learn-japanese-kanji/%e6%9c%94-saku-tsuitachi-meaning-conjunction-astronomy-first-day-of-month-north/
蔡,Learn Japanese kanji: 【 サイ 】. Meaning: type of tortoise used for divination.,<em>(No detailed table found)</em>,,,https://jlptsensei.com/learn-japanese-kanji/%e8%94%a1-sai-meaning-type-of-tortoise-used-for-divination/
膝,"knee, lap",<em>(No detailed table found)</em>,,,https://jlptsensei.com/learn-japanese-kanji/%e8%86%9d-shitsu-hiza-meaning-knee-lap/
鍾,"spindle, gather, collect",<em>(No detailed table found)</em>,,,https://jlptsensei.com/learn-japanese-kanji/%e9%8d%be-shou-shu-atsumeru-sakazugi-kane-meaning-spindle-gather-collect/
仇,"foe, enemy, revenge, grudge, feud",<em>(No detailed table found)</em>,,,https://jlptsensei.com/learn-japanese-kanji/%e4%bb%87-kyuu-gu-ada-ata-kataki-tsureai-meaning-foe-enemy-revenge-grudge-feud/
伽,"nursing, attending, entertainer",<em>(No detailed table found)</em>,,,https://jlptsensei.com/learn-japanese-kanji/%e4%bc%bd-ka-ga-kya-gya-togi-meaning-nursing-attending-entertainer/
夷,"barbarian, savage, Ainu",<em>(No detailed table found)</em>,,,https://jlptsensei.com/learn-japanese-kanji/%e5%a4%b7-i-ebisu-emishi-korosu-tairageru-meaning-barbarian-savage-ainu/
恣,"selfish, arbitrary",<em>(No detailed table found)</em>,,,https://jlptsensei.com/learn-japanese-kanji/%e6%81%a3-shi-hoshiimama-meaning-selfish-arbitrary/
瞑,"Learn Japanese kanji: 【 メイ、 ベン、 ミョウ、 ミン、 メン / めい(する)、 つぶ(る)、 つむ(る)、 くら(い) 】. Meaning: sleep, dark, close eyes.",<em>(No detailed table found)</em>,,,https://jlptsensei.com/learn-japanese-kanji/%e7%9e%91-mei-ben-myou-min-men-meisuru-tsuburu-tsumuru-kurai-meaning-sleep-dark-close-eyes/
畝,"Learn Japanese kanji: 【 ボウ、 ホ、 モ、 ム / せ、 うね 】. Meaning: furrow, thirty tsubo, ridge, rib.",<em>(No detailed table found)</em>,,,https://jlptsensei.com/learn-japanese-kanji/%e7%95%9d-bou-ho-mo-mu-se-une-meaning-furrow-thirty-tsubo-ridge-rib/
抄,"Learn Japanese kanji: 【 ショウ 】. Meaning: extract, selection, summary, copy, spread thin.",<em>(No detailed table found)</em>,,,https://jlptsensei.com/learn-japanese-kanji/%e6%8a%84-shou-meaning-extract-selection-summary-copy-spread-thin/
杭,"Learn Japanese kanji: 【 コウ / くい 】. Meaning: stake, post, picket.",<em>(No detailed table found)</em>,,,https://jlptsensei.com/learn-japanese-kanji/%e6%9d%ad-kou-kui-meaning-stake-post-picket/
寓,"temporary abode, imply, suggest",<em>(No detailed table found)</em>,,,https://jlptsensei.com/learn-japanese-kanji/%e5%af%93-guu-gu-dou-guusuru-kakotsukeru-yoru-karizumai-meaning-temporary-abode-imply-suggest/
麺,"Learn Japanese kanji: 【 メン、 ベン / むぎこ 】. Meaning: noodles, wheat flour.",<em>(No detailed table found)</em>,,,https://jlptsensei.com/learn-japanese-kanji/%e9%ba%ba-men-ben-mugiko-meaning-noodles-wheat-flour/
戴,"be crowned with, live under (a ruler), receive",<em>(No detailed table found)</em>,,,https://jlptsensei.com/learn-japanese-kanji/%e6%88%b4-tai-itadaku-meaning-be-crowned-with-live-under-a-ruler-receive/
爽,"refreshing, bracing, resonant, sweet, clear",<em>(No detailed table found)</em>,,,https://jlptsensei.com/learn-japanese-kanji/%e7%88%bd-sou-akiraka-sawayaka-tagau-meaning-refreshing-bracing-resonant-sweet-clear/
裾,"cuff, hem, foot of mountain",<em>(No detailed table found)</em>,,,https://jlptsensei.com/learn-japanese-kanji/%e8%a3%be-kyo-ko-suso-meaning-cuff-hem-foot-of-mountain/
黎,"Learn Japanese kanji: 【 レイ、 リ / くろ(い) 】. Meaning: dark, black, many.",<em>(No detailed table found)</em>,,,https://jlptsensei.com/learn-japanese-kanji/%e9%bb%8e-rei-ri-kuroi-meaning-dark-black-many/
惰,"lazy, laziness",<em>(No detailed table found)</em>,,,https://jlptsensei.com/learn-japanese-kanji/%e6%83%b0-da-meaning-lazy-laziness/
坐,sit,<em>(No detailed table found)</em>,,,https://jlptsensei.com/learn-japanese-kanji/%e5%9d%90-za-sa-suwaru-owasu-sozoroni-mashimasu-meaning-sit/
鍼,Learn Japanese kanji: 【 シン / はり、 さ(す) 】. Meaning: needle.,<em>(No detailed table found)</em>,,,https://jlptsensei.com/learn-japanese-kanji/%e9%8d%bc-shin-hari-sasu-meaning-needle/
蛮,Learn Japanese kanji: 【 バン / えびす 】. Meaning: barbarian.,<em>(No detailed table found)</em>,,,https://jlptsensei.com/learn-japanese-kanji/%e8%9b%ae-ban-ebisu-meaning-barbarian/
塙,projecting tableland or mountain,<em>(No detailed table found)</em>,,,https://jlptsensei.com/learn-japanese-kanji/%e5%a1%99-kaku-kou-hanawa-katai-meaning-projecting-tableland-or-mountain/
冴,"be clear, serene, cold, skilful",<em>(No detailed table found)</em>,,,https://jlptsensei.com/learn-japanese-kanji/%e5%86%b4-go-ko-saeru-kooru-hieru-meaning-be-clear-serene-cold-skilful/
旺,"flourishing, successful, beautiful, vigorous",<em>(No detailed table found)</em>,,,https://jlptsensei.com/learn-japanese-kanji/%e6%97%ba-ou-kyou-gou-kagayaki-utsukushii-sakan-meaning-flourishing-successful-beautiful-vigorous/
葦,"reed, bullrush",<em>(No detailed table found)</em>,,,https://jlptsensei.com/learn-japanese-kanji/%e8%91%a6-i-ashi-yoshi-shioreru-shinabiru-shibomu-naeru-meaning-reed-bullrush/
礒,"rock, beach, shore",<em>(No detailed table found)</em>,,,https://jlptsensei.com/learn-japanese-kanji/%e7%a4%92-gi-ga-iso-iwao-meaning-rock-beach-shore/
咸,"all, same",<em>(No detailed table found)</em>,,,https://jlptsensei.com/learn-japanese-kanji/%e5%92%b8-kan-gen-meaning-all-same/
萌,"show symptoms of, sprout, bud, malt",<em>(No detailed table found)</em>,,,https://jlptsensei.com/learn-japanese-kanji/%e8%90%8c-hou-moeru-kizasu-mebae-meaning-show-symptoms-of-sprout-bud-malt/
饗,banquet,<em>(No detailed table found)</em>,,,https://jlptsensei.com/learn-japanese-kanji/%e9%a5%97-kyou-ukeru-motenasu-meaning-banquet/
歪,"warp, bend, strained, distort",<em>(No detailed table found)</em>,,,https://jlptsensei.com/learn-japanese-kanji/%e6%ad%aa-wai-e-igamu-ibitsu-hizumu-yugamu-meaning-warp-bend-strained-distort/
冥,dark,<em>(No detailed table found)</em>,,,https://jlptsensei.com/learn-japanese-kanji/%e5%86%a5-mei-myou-kurai-meaning-dark/
偲,"recollect, remember",<em>(No detailed table found)</em>,,,https://jlptsensei.com/learn-japanese-kanji/%e5%81%b2-sai-shi-shinobu-meaning-recollect-remember/
壱,one (in documents),<em>(No detailed table found)</em>,,,https://jlptsensei.com/learn-japanese-kanji/%e5%a3%b1-ichi-itsu-hitotsu-meaning-one-in-documents/
瑠,lapis lazuli,<em>(No detailed table found)</em>,,,https://jlptsensei.com/learn-japanese-kanji/%e7%91%a0-ru-ryuu-meaning-lapis-lazuli/
韮,leek,<em>(No detailed table found)</em>,,,https://jlptsensei.com/learn-japanese-kanji/%e9%9f%ae-kyuu-ku-nira-meaning-leek/
漕,"rowing, scull, paddle",<em>(No detailed table found)</em>,,,https://jlptsensei.com/learn-japanese-kanji/%e6%bc%95-sou-kogu-hakobu-meaning-rowing-scull-paddle/
杵,wooden pestle,<em>(No detailed table found)</em>,,,https://jlptsensei.com/learn-japanese-kanji/%e6%9d%b5-sho-so-kine-meaning-wooden-pestle/
薔,water pepper,<em>(No detailed table found)</em>,,,https://jlptsensei.com/learn-japanese-kanji/%e8%96%94-ba-shou-shoku-sou-mizutade-meaning-water-pepper/
膠,"glue, isinglass",<em>(No detailed table found)</em>,,,https://jlptsensei.com/learn-japanese-kanji/%e8%86%a0-kou-kyou-nikawa-nibe-meaning-glue-isinglass/
允,"license, sincerity, permit",<em>(No detailed table found)</em>,,,https://jlptsensei.com/learn-japanese-kanji/%e5%85%81-in-jou-makotoni-yurusu-meaning-license-sincerity-permit/
眞,"truth, reality, Buddhist sect",<em>(No detailed table found)</em>,,,https://jlptsensei.com/learn-japanese-kanji/%e7%9c%9e-shin-ma-makoto-meaning-truth-reality-buddhist-sect/
蒙,"ignorance, darkness, get, receive, be subjected to, sustain, Mongolia",<em>(No detailed table found)</em>,,,https://jlptsensei.com/learn-japanese-kanji/%e8%92%99-mou-bou-koumuru-oou-kurai-meaning-ignorance-darkness-get-receive-be-subjected-to-sustain-mongolia/
蕃,grow luxuriously,<em>(No detailed table found)</em>,,,https://jlptsensei.com/learn-japanese-kanji/%e8%95%83-ban-han-meaning-grow-luxuriously/
呑,drink,<em>(No detailed table found)</em>,,,https://jlptsensei.com/learn-japanese-kanji/%e5%91%91-ton-don-nomu-meaning-drink/
侯,"marquis, lord, daimyo",<em>(No detailed table found)</em>,,,https://jlptsensei.com/learn-japanese-kanji/%e4%be%af-kou-meaning-marquis-lord-daimyo/
碓,pestle,<em>(No detailed table found)</em>,,,https://jlptsensei.com/learn-japanese-kanji/%e7%a2%93-kaku-tai-tashika-kakutaru-meaning-pestle/
茗,tea,<em>(No detailed table found)</em>,,,https://jlptsensei.com/learn-japanese-kanji/%e8%8c%97-myou-mei-cha-meaning-tea/
麓,foot of a mountain,<em>(No detailed table found)</em>,,,https://jlptsensei.com/learn-japanese-kanji/%e9%ba%93-roku-fumoto-meaning-foot-of-a-mountain/
瀕,"shore, brink, verge",<em>(No detailed table found)</em>,,,https://jlptsensei.com/learn-japanese-kanji/%e7%80%95-hin-hotori-meaning-shore-brink-verge/
蒔,sow (seeds),<em>(No detailed table found)</em>,,,https://jlptsensei.com/learn-japanese-kanji/%e8%92%94-shi-ji-ueru-maku-meaning-sow-seeds/
鯉,Learn Japanese kanji: 【 リ / こい 】. Meaning: carp.,<em>(No detailed table found)</em>,,,https://jlptsensei.com/learn-japanese-kanji/%e9%af%89-ri-koi-meaning-carp/
竪,"Learn Japanese kanji: 【 ジュ / たて、 た(てる)、 こども 】. Meaning: length, height, warp.",<em>(No detailed table found)</em>,,,https://jlptsensei.com/learn-japanese-kanji/%e7%ab%aa-ju-tate-tateru-kodomo-meaning-length-height-warp/
弧,"arc, arch, bow",<em>(No detailed table found)</em>,,,https://jlptsensei.com/learn-japanese-kanji/%e5%bc%a7-ko-meaning-arc-arch-bow/
稽,"Learn Japanese kanji: 【 ケイ / かんが(える)、 とど(める) 】. Meaning: think, consider.",<em>(No detailed table found)</em>,,,https://jlptsensei.com/learn-japanese-kanji/%e7%a8%bd-kei-kangaeru-todomeru-meaning-think-consider/
瘤,"lump, swelling",<em>(No detailed table found)</em>,,,https://jlptsensei.com/learn-japanese-kanji/%e7%98%a4-ryuu-ru-kobu-meaning-lump-swelling/
澤,swamp,<em>(No detailed table found)</em>,,,https://jlptsensei.com/learn-japanese-kanji/%e6%be%a4-taku-sawa-uruoi-uruosu-tsuya-meaning-swamp/
溥,Learn Japanese kanji: 【 フ、 ハク / あまねし 】. Meaning: far and wide.,<em>(No detailed table found)</em>,,,https://jlptsensei.com/learn-japanese-kanji/%e6%ba%a5-fu-haku-amaneshi-meaning-far-and-wide/
遥,"far off, distant, long ago",<em>(No detailed table found)</em>,,,https://jlptsensei.com/learn-japanese-kanji/%e9%81%a5-you-haruka-meaning-far-off-distant-long-ago/
蹴,kick,<em>(No detailed table found)</em>,,,https://jlptsensei.com/learn-japanese-kanji/%e8%b9%b4-shuku-shuu-keru-meaning-kick/
或,"some, one, or, possibly, a certain",<em>(No detailed table found)</em>,,,https://jlptsensei.com/learn-japanese-kanji/%e6%88%96-waku-koku-iki-aru-arui-aruiwa-meaning-some-one-or-possibly-a-certain/
訃,obituary,<em>(No detailed table found)</em>,,,https://jlptsensei.com/learn-japanese-kanji/%e8%a8%83-fu-shirase-meaning-obituary/
矩,"ruler, carpenter's square",<em>(No detailed table found)</em>,,,https://jlptsensei.com/learn-japanese-kanji/%e7%9f%a9-ku-kane-kanezashi-sashigane-meaning-ruler-carpenters-square/
厦,house,<em>(No detailed table found)</em>,,,https://jlptsensei.com/learn-japanese-kanji/%e5%8e%a6-ka-sa-ie-meaning-house/
冤,"false charge, hatred",<em>(No detailed table found)</em>,,,https://jlptsensei.com/learn-japanese-kanji/%e5%86%a4-en-meaning-false-charge-hatred/
剥,"come off, peel, fade, discolor",<em>(No detailed table found)</em>,,,https://jlptsensei.com/learn-japanese-kanji/%e5%89%a5-haku-hoku-hegu-muku-hagareru-meaning-come-off-peel-fade-discolor/
舜,"type of morning glory, rose of Sharon, althea",<em>(No detailed table found)</em>,,,https://jlptsensei.com/learn-japanese-kanji/%e8%88%9c-shun-meaning-type-of-morning-glory-rose-of-sharon-althea/
侠,"Learn Japanese kanji: 【 キョウ / きゃん、 おとこだて 】. Meaning: tomboy, chivalry.",<em>(No detailed table found)</em>,,,https://jlptsensei.com/learn-japanese-kanji/%e4%be%a0-kyou-kyan-otokodate-meaning-tomboy-chivalry/
贅,luxury,<em>(No detailed table found)</em>,,,https://jlptsensei.com/learn-japanese-kanji/%e8%b4%85-zei-sei-ibo-meaning-luxury/
杖,"Learn Japanese kanji: 【 ジョウ / つえ 】. Meaning: staff, cane.",<em>(No detailed table found)</em>,,,https://jlptsensei.com/learn-japanese-kanji/%e6%9d%96-jou-tsue-meaning-staff-cane/
蓋,"cover, lid, flap",<em>(No detailed table found)</em>,,,https://jlptsensei.com/learn-japanese-kanji/%e8%93%8b-gai-kai-kou-futa-kedashi-oou-kasa-kakou-meaning-cover-lid-flap/
畏,"fear, majestic, graciously, be apprehensive",<em>(No detailed table found)</em>,,,https://jlptsensei.com/learn-japanese-kanji/%e7%95%8f-i-osoreru-kashikomaru-kashiko-kashikoshi-meaning-fear-majestic-graciously-be-apprehensive/
喉,"throat, voice",<em>(No detailed table found)</em>,,,https://jlptsensei.com/learn-japanese-kanji/%e5%96%89-kou-nodo-meaning-throat-voice/
汪,"Learn Japanese kanji: 【 オウ 】. Meaning: flowing full, expanse of water, wide, deep.",<em>(No detailed table found)</em>,,,https://jlptsensei.com/learn-japanese-kanji/%e6%b1%aa-ou-meaning-flowing-full-expanse-of-water-wide-deep/
猷,"plan, scheme, plot, way",<em>(No detailed table found)</em>,,,https://jlptsensei.com/learn-japanese-kanji/%e7%8c%b7-yuu-you-hakarigoto-hakaru-meaning-plan-scheme-plot-way/
瑛,"sparkle of jewelry, crystal",<em>(No detailed table found)</em>,,,https://jlptsensei.com/learn-japanese-kanji/%e7%91%9b-ei-meaning-sparkle-of-jewelry-crystal/
搜,"search, seek, investigate",<em>(No detailed table found)</em>,,,https://jlptsensei.com/learn-japanese-kanji/%e6%90%9c-sou-shu-shuu-sagasu-meaning-search-seek-investigate/
曼,"wide, beautiful",<em>(No detailed table found)</em>,,,https://jlptsensei.com/learn-japanese-kanji/%e6%9b%bc-man-ban-nagai-meaning-wide-beautiful/
附,"affixed, attach, refer to, append",<em>(No detailed table found)</em>,,,https://jlptsensei.com/learn-japanese-kanji/%e9%99%84-fu-tsukeru-tsuku-meaning-affixed-attach-refer-to-append/
彪,"spotted, mottled, patterned, small tiger",<em>(No detailed table found)</em>,,,https://jlptsensei.com/learn-japanese-kanji/%e5%bd%aa-hyou-hyuu-aya-meaning-spotted-mottled-patterned-small-tiger/
撚,"twist, twine, kinky",<em>(No detailed table found)</em>,,,https://jlptsensei.com/learn-japanese-kanji/%e6%92%9a-nen-yoru-yoreru-yori-hineru-meaning-twist-twine-kinky/
噛,"chew, bite, gnaw",<em>(No detailed table found)</em>,,,https://jlptsensei.com/learn-japanese-kanji/%e5%99%9b-kou-gou-kamu-kajiru-meaning-chew-bite-gnaw/
卯,"sign of the hare or rabbit, fourth sign of Chinese zodiac, 5-7AM, east",<em>(No detailed table found)</em>,,,https://jlptsensei.com/learn-japanese-kanji/%e5%8d%af-bou-mou-u-meaning-sign-of-the-hare-or-rabbit-fourth-sign-of-chinese-zodiac-5-7am-east/
桝,"measuring box, (kokuji)",<em>(No detailed table found)</em>,,,https://jlptsensei.com/learn-japanese-kanji/%e6%a1%9d-masu-meaning-measuring-box-kokuji/
撫,"stroke, pat, smooth down",<em>(No detailed table found)</em>,,,https://jlptsensei.com/learn-japanese-kanji/%e6%92%ab-bu-fu-naderu-meaning-stroke-pat-smooth-down/
喋,"talk, chat, chatter",<em>(No detailed table found)</em>,,,https://jlptsensei.com/learn-japanese-kanji/%e5%96%8b-chou-tou-shaberu-tsuibamu-meaning-talk-chat-chatter/
但,"however, but",<em>(No detailed table found)</em>,,,https://jlptsensei.com/learn-japanese-kanji/%e4%bd%86-tan-tadashi-meaning-however-but/
溢,"overflow, inundate, spill",<em>(No detailed table found)</em>,,,https://jlptsensei.com/learn-japanese-kanji/%e6%ba%a2-itsu-koboreru-afureru-michiru-meaning-overflow-inundate-spill/
闊,wide,<em>(No detailed table found)</em>,,,https://jlptsensei.com/learn-japanese-kanji/%e9%97%8a-katsu-hiroi-meaning-wide/
藏,"hide, own, have, possess",<em>(No detailed table found)</em>,,,https://jlptsensei.com/learn-japanese-kanji/%e8%97%8f-zou-sou-kura-osameru-kakureru-meaning-hide-own-have-possess/
浙,name of a Chinese river,<em>(No detailed table found)</em>,,,https://jlptsensei.com/learn-japanese-kanji/%e6%b5%99-setsu-meaning-name-of-a-chinese-river/
彭,"swelling, sound of drum",<em>(No detailed table found)</em>,,,https://jlptsensei.com/learn-japanese-kanji/%e5%bd%ad-hou-meaning-swelling-sound-of-drum/
淘,select,<em>(No detailed table found)</em>,,,https://jlptsensei.com/learn-japanese-kanji/%e6%b7%98-tou-yonageru-meaning-select/
剃,shave,<em>(No detailed table found)</em>,,,https://jlptsensei.com/learn-japanese-kanji/%e5%89%83-tei-mai-soru-suru-meaning-shave/
揃,"be complete, uniform, all present",<em>(No detailed table found)</em>,,,https://jlptsensei.com/learn-japanese-kanji/%e6%8f%83-sen-soroeru-kiru-meaning-be-complete-uniform-all-present/
綺,"figured cloth, beautiful",<em>(No detailed table found)</em>,,,https://jlptsensei.com/learn-japanese-kanji/%e7%b6%ba-ki-aya-meaning-figured-cloth-beautiful/
徘,wander,<em>(No detailed table found)</em>,,,https://jlptsensei.com/learn-japanese-kanji/%e5%be%98-hai-samayou-meaning-wander/
巷,"fork in road, scene, arena, theater",<em>(No detailed table found)</em>,,,https://jlptsensei.com/learn-japanese-kanji/%e5%b7%b7-kou-chimata-meaning-fork-in-road-scene-arena-theater/
竿,"pole, rod, scale beam, violin neck",<em>(No detailed table found)</em>,,,https://jlptsensei.com/learn-japanese-kanji/%e7%ab%bf-kan-sao-meaning-pole-rod-scale-beam-violin-neck/
蟹,crab,<em>(No detailed table found)</em>,,,https://jlptsensei.com/learn-japanese-kanji/%e8%9f%b9-kai-kani-meaning-crab/
芋,potato,<em>(No detailed table found)</em>,,,https://jlptsensei.com/learn-japanese-kanji/%e8%8a%8b-u-imo-meaning-potato-2/
袁,long kimono,<em>(No detailed table found)</em>,,,https://jlptsensei.com/learn-japanese-kanji/%e8%a2%81-en-on-meaning-long-kimono/
舩,"boat, ship, vessel",<em>(No detailed table found)</em>,,,https://jlptsensei.com/learn-japanese-kanji/%e8%88%a9-sen-fune-funa-meaning-boat-ship-vessel/
拭,"wipe, mop, swab",<em>(No detailed table found)</em>,,,https://jlptsensei.com/learn-japanese-kanji/%e6%8b%ad-shoku-shiki-nuguu-fuku-meaning-wipe-mop-swab/
茜,"madder, red dye, Turkey red",<em>(No detailed table found)</em>,,,https://jlptsensei.com/learn-japanese-kanji/%e8%8c%9c-sen-akane-meaning-madder-red-dye-turkey-red/
凌,"endure, keep (rain)out, stave off, tide over, defy, slight, surpass",<em>(No detailed table found)</em>,,,https://jlptsensei.com/learn-japanese-kanji/%e5%87%8c-ryou-shinogu-meaning-endure-keep-rainout-stave-off-tide-over-defy-slight-surpass/
頬,"cheeks, jaw",<em>(No detailed table found)</em>,,,https://jlptsensei.com/learn-japanese-kanji/%e9%a0%ac-kyou-hoo-hoho-meaning-cheeks-jaw/
厨,kitchen,<em>(No detailed table found)</em>,,,https://jlptsensei.com/learn-japanese-kanji/%e5%8e%a8-shuu-zu-chu-chuu-kuriya-meaning-kitchen/
犀,rhinoceros,<em>(No detailed table found)</em>,,,https://jlptsensei.com/learn-japanese-kanji/%e7%8a%80-sai-sei-meaning-rhinoceros/
簑,a coat raincoat,<em>(No detailed table found)</em>,,,https://jlptsensei.com/learn-japanese-kanji/%e7%b0%91-sa-sai-mino-meaning-a-coat-raincoat/
皓,"white, clear",<em>(No detailed table found)</em>,,,https://jlptsensei.com/learn-japanese-kanji/%e7%9a%93-kou-shiroi-hikaru-meaning-white-clear/
甦,"be resuscitated, revived",<em>(No detailed table found)</em>,,,https://jlptsensei.com/learn-japanese-kanji/%e7%94%a6-so-kou-yomigaeru-meaning-be-resuscitated-revived/
洸,sparkling water,<em>(No detailed table found)</em>,,,https://jlptsensei.com/learn-japanese-kanji/%e6%b4%b8-kou-meaning-sparkling-water/
毬,"burr, ball",<em>(No detailed table found)</em>,,,https://jlptsensei.com/learn-japanese-kanji/%e6%af%ac-kyuu-iga-mari-meaning-burr-ball/
檄,"written appeal, manifesto",<em>(No detailed table found)</em>,,,https://jlptsensei.com/learn-japanese-kanji/%e6%aa%84-keki-gekisuru-furebumi-meaning-written-appeal-manifesto/
姚,beautiful,<em>(No detailed table found)</em>,,,https://jlptsensei.com/learn-japanese-kanji/%e5%a7%9a-you-chou-utsukushii-meaning-beautiful/
蛭,leech,<em>(No detailed table found)</em>,,,https://jlptsensei.com/learn-japanese-kanji/%e8%9b%ad-shitsu-chitsu-hiru-meaning-leech/
婆,"old woman, grandma, wet nurse",<em>(No detailed table found)</em>,,,https://jlptsensei.com/learn-japanese-kanji/%e5%a9%86-ba-baba-baa-meaning-old-woman-grandma-wet-nurse/
叢,"plexus, clump of bushes, thicket",<em>(No detailed table found)</em>,,,https://jlptsensei.com/learn-japanese-kanji/%e5%8f%a2-sou-su-kusamura-muragaru-mura-meaning-plexus-clump-of-bushes-thicket/
椙,"Japanese cedar, cryptomeria, (kokuji)",<em>(No detailed table found)</em>,,,https://jlptsensei.com/learn-japanese-kanji/%e6%a4%99-sugi-meaning-japanese-cedar-cryptomeria-kokuji/
轟,"roar, thunder, boom resound",<em>(No detailed table found)</em>,,,https://jlptsensei.com/learn-japanese-kanji/%e8%bd%9f-gou-kou-todorokasu-todoroku-meaning-roar-thunder-boom-resound/
贋,"counterfeit, forgery",<em>(No detailed table found)</em>,,,https://jlptsensei.com/learn-japanese-kanji/%e8%b4%8b-gan-nise-meaning-counterfeit-forgery/
洒,"wash, sprinkle",<em>(No detailed table found)</em>,,,https://jlptsensei.com/learn-japanese-kanji/%e6%b4%92-sha-son-sai-sen-sei-susugu-arau-meaning-wash-sprinkle/
貰,"get, have, obtain",<em>(No detailed table found)</em>,,,https://jlptsensei.com/learn-japanese-kanji/%e8%b2%b0-sei-sha-morau-meaning-get-have-obtain/
儲,"be profitable, yield profit",<em>(No detailed table found)</em>,,,https://jlptsensei.com/learn-japanese-kanji/%e5%84%b2-cho-moukeru-moukaru-mouke-takuwaeru-meaning-be-profitable-yield-profit/
緋,"scarlet, cardinal",<em>(No detailed table found)</em>,,,https://jlptsensei.com/learn-japanese-kanji/%e7%b7%8b-hi-ake-aka-meaning-scarlet-cardinal/
諜,"spy out, reconnoiter",<em>(No detailed table found)</em>,,,https://jlptsensei.com/learn-japanese-kanji/%e8%ab%9c-chou-chouzuru-ukagau-shimesu-meaning-spy-out-reconnoiter/
鯛,"sea bream, red snapper",<em>(No detailed table found)</em>,,,https://jlptsensei.com/learn-japanese-kanji/%e9%af%9b-chou-tai-meaning-sea-bream-red-snapper/
蓼,"luxurious grass, a smartweed",<em>(No detailed table found)</em>,,,https://jlptsensei.com/learn-japanese-kanji/%e8%93%bc-shin-riku-ryou-tade-meaning-luxurious-grass-a-smartweed/
甕,"jar, jug, vat",<em>(No detailed table found)</em>,,,https://jlptsensei.com/learn-japanese-kanji/%e7%94%95-ou-kame-mika-meaning-jar-jug-vat/
喘,"pant, gasp, breathe hard",<em>(No detailed table found)</em>,,,https://jlptsensei.com/learn-japanese-kanji/%e5%96%98-zen-sen-aegu-seki-meaning-pant-gasp-breathe-hard/
怜,wise,<em>(No detailed table found)</em>,,,https://jlptsensei.com/learn-japanese-kanji/%e6%80%9c-rei-ren-ryou-awaremu-satoi-meaning-wise/
溜,"collect, gather, be in arrears",<em>(No detailed table found)</em>,,,https://jlptsensei.com/learn-japanese-kanji/%e6%ba%9c-ryuu-tamaru-tamaru-shitataru-meaning-collect-gather-be-in-arrears/
邑,"village, rural community, right village radical (no. 163)",<em>(No detailed table found)</em>,,,https://jlptsensei.com/learn-japanese-kanji/%e9%82%91-yuu-mura-meaning-village-rural-community-right-village-radical-no-163/
鉾,"halberd, arms, festival float",<em>(No detailed table found)</em>,,,https://jlptsensei.com/learn-japanese-kanji/%e9%89%be-bou-mu-hoko-meaning-halberd-arms-festival-float/
倣,"emulate, imitate",<em>(No detailed table found)</em>,,,https://jlptsensei.com/learn-japanese-kanji/%e5%80%a3-hou-narau-meaning-emulate-imitate/
碧,"blue, green",<em>(No detailed table found)</em>,,,https://jlptsensei.com/learn-japanese-kanji/%e7%a2%a7-heki-hyaku-meaning-blue-green/
燈,"lamp, light, counter for lights",<em>(No detailed table found)</em>,,,https://jlptsensei.com/learn-japanese-kanji/%e7%87%88-tou-hi-ho-tomoshibi-tomosu-akari-meaning-lamp-light-counter-for-lights/
諦,"truth, clarity, abandon, give up",<em>(No detailed table found)</em>,,,https://jlptsensei.com/learn-japanese-kanji/%e8%ab%a6-tei-tai-akirameru-tsumabiraka-makoto-meaning-truth-clarity-abandon-give-up/
煎,"broil, parch, roast, boil",<em>(No detailed table found)</em>,,,https://jlptsensei.com/learn-japanese-kanji/%e7%85%8e-sen-senjiru-iru-niru-meaning-broil-parch-roast-boil/
瓜,melon,<em>(No detailed table found)</em>,,,https://jlptsensei.com/learn-japanese-kanji/%e7%93%9c-ka-ke-uri-meaning-melon/
緻,fine (i.e. not coarse),<em>(No detailed table found)</em>,,,https://jlptsensei.com/learn-japanese-kanji/%e7%b7%bb-chi-komakai-meaning-fine-i-e-not-coarse/
哺,"nurse, suckle",<em>(No detailed table found)</em>,,,https://jlptsensei.com/learn-japanese-kanji/%e5%93%ba-ho-hagukumu-fukumu-meaning-nurse-suckle/
槌,"hammer, mallet",<em>(No detailed table found)</em>,,,https://jlptsensei.com/learn-japanese-kanji/%e6%a7%8c-tsui-tsuchi-meaning-hammer-mallet/
啄,"peck, pick up",<em>(No detailed table found)</em>,,,https://jlptsensei.com/learn-japanese-kanji/%e5%95%84-taku-tsuku-toku-tsuibamu-tsutsuku-meaning-peck-pick-up/
穣,"good crops, prosperity, 10**28",<em>(No detailed table found)</em>,,,https://jlptsensei.com/learn-japanese-kanji/%e7%a9%a3-jou-wara-yutaka-meaning-good-crops-prosperity-1028/
嗜,"like, taste, modest",<em>(No detailed table found)</em>,,,https://jlptsensei.com/learn-japanese-kanji/%e5%97%9c-shi-tashinamu-konomu-meaning-like-taste-modest/
偕,together,<em>(No detailed table found)</em>,,,https://jlptsensei.com/learn-japanese-kanji/%e5%81%95-kai-tomoni-meaning-together/
罵,"abuse, insult",<em>(No detailed table found)</em>,,,https://jlptsensei.com/learn-japanese-kanji/%e7%bd%b5-ba-nonoshiru-meaning-abuse-insult/
酉,"west, bird, sign of the bird, 5-7PM, tenth sign of Chinese zodiac, sake radical (no. 164)",<em>(No detailed table found)</em>,,,https://jlptsensei.com/learn-japanese-kanji/%e9%85%89-yuu-tori-meaning-west-bird-sign-of-the-bird-5-7pm-tenth-sign-of-chinese-zodiac-sake-radical-no-164/
蹄,hoof,<em>(No detailed table found)</em>,,,https://jlptsensei.com/learn-japanese-kanji/%e8%b9%84-tei-hidzume-meaning-hoof/
頚,"neck, head",<em>(No detailed table found)</em>,,,https://jlptsensei.com/learn-japanese-kanji/%e9%a0%9a-kei-kubi-meaning-neck-head/
胚,embryo,<em>(No detailed table found)</em>,,,https://jlptsensei.com/learn-japanese-kanji/%e8%83%9a-hai-harami-haramu-meaning-embryo/
牢,"prison, jail, hardness",<em>(No detailed table found)</em>,,,https://jlptsensei.com/learn-japanese-kanji/%e7%89%a2-rou-katai-hitoya-meaning-prison-jail-hardness/
糞,"shit, feces, excrement",<em>(No detailed table found)</em>,,,https://jlptsensei.com/learn-japanese-kanji/%e7%b3%9e-fun-kuso-meaning-shit-feces-excrement/
悌,serving our elders,<em>(No detailed table found)</em>,,,https://jlptsensei.com/learn-japanese-kanji/%e6%82%8c-tei-dai-meaning-serving-our-elders/
吊,"suspend, hang, wear (sword)",<em>(No detailed table found)</em>,,,https://jlptsensei.com/learn-japanese-kanji/%e5%90%8a-chou-tsuru-tsurusu-meaning-suspend-hang-wear-sword/
楕,ellipse,<em>(No detailed table found)</em>,,,https://jlptsensei.com/learn-japanese-kanji/%e6%a5%95-da-ta-meaning-ellipse/
鮭,salmon,<em>(No detailed table found)</em>,,,https://jlptsensei.com/learn-japanese-kanji/%e9%ae%ad-kai-kei-sake-shake-fugu-meaning-salmon/
乞,"beg, invite, ask",<em>(No detailed table found)</em>,,,https://jlptsensei.com/learn-japanese-kanji/%e4%b9%9e-kotsu-kitsu-ki-kike-kochi-kou-meaning-beg-invite-ask/
倹,"frugal, economy, thrifty",<em>(No detailed table found)</em>,,,https://jlptsensei.com/learn-japanese-kanji/%e5%80%b9-ken-tsumashii-tsudzumayaka-meaning-frugal-economy-thrifty/
嗅,"smell, sniff, scent",<em>(No detailed table found)</em>,,,https://jlptsensei.com/learn-japanese-kanji/%e5%97%85-kyuu-kagu-meaning-smell-sniff-scent/
詫,apologize,<em>(No detailed table found)</em>,,,https://jlptsensei.com/learn-japanese-kanji/%e8%a9%ab-ta-wabi-wabishii-kakotsu-wabiru-meaning-apologize/
鱒,salmon trout,<em>(No detailed table found)</em>,,,https://jlptsensei.com/learn-japanese-kanji/%e9%b1%92-son-sen-zan-masu-meaning-salmon-trout/
蔑,"ignore, despise, neglect, ridicule",<em>(No detailed table found)</em>,,,https://jlptsensei.com/learn-japanese-kanji/%e8%94%91-betsu-naigashiro-namisuru-kurai-sagesumu-meaning-ignore-despise-neglect-ridicule/
轍,"rut, wheel track",<em>(No detailed table found)</em>,,,https://jlptsensei.com/learn-japanese-kanji/%e8%bd%8d-tetsu-wadachii-wadachi-meaning-rut-wheel-track/
醤,a kind of miso,<em>(No detailed table found)</em>,,,https://jlptsensei.com/learn-japanese-kanji/%e9%86%a4-shou-hishio-meaning-a-kind-of-miso/
惚,"fall in love with, admire, grow senile",<em>(No detailed table found)</em>,,,https://jlptsensei.com/learn-japanese-kanji/%e6%83%9a-kotsu-hokeru-bokeru-horeru-meaning-fall-in-love-with-admire-grow-senile/
廣,"broad, wide, spacious",<em>(No detailed table found)</em>,,,https://jlptsensei.com/learn-japanese-kanji/%e5%bb%a3-kou-hiroi-meaning-broad-wide-spacious/
藁,straw,<em>(No detailed table found)</em>,,,https://jlptsensei.com/learn-japanese-kanji/%e8%97%81-kou-wara-meaning-straw/
柚,citron,<em>(No detailed table found)</em>,,,https://jlptsensei.com/learn-japanese-kanji/%e6%9f%9a-yu-yuu-jiku-yuzu-meaning-citron/
舛,dancing radical (no. 136),<em>(No detailed table found)</em>,,,https://jlptsensei.com/learn-japanese-kanji/%e8%88%9b-bu-sen-mai-somuku-meaning-dancing-radical-no-136/
縞,stripe,<em>(No detailed table found)</em>,,,https://jlptsensei.com/learn-japanese-kanji/%e7%b8%9e-kou-shima-shiroginu-meaning-stripe/
謳,"extol, declare, express",<em>(No detailed table found)</em>,,,https://jlptsensei.com/learn-japanese-kanji/%e8%ac%b3-ou-u-utau-meaning-extol-declare-express/
杞,river willow,<em>(No detailed table found)</em>,,,https://jlptsensei.com/learn-japanese-kanji/%e6%9d%9e-ko-ki-meaning-river-willow/
鱗,scales (fish),<em>(No detailed table found)</em>,,,https://jlptsensei.com/learn-japanese-kanji/%e9%b1%97-rin-uroko-koke-kokera-meaning-scales-fish/
繭,cocoon,<em>(No detailed table found)</em>,,,https://jlptsensei.com/learn-japanese-kanji/%e7%b9%ad-ken-mayu-kinu-meaning-cocoon/
釘,"nail, tack, peg",<em>(No detailed table found)</em>,,,https://jlptsensei.com/learn-japanese-kanji/%e9%87%98-tei-chou-kugi-meaning-nail-tack-peg/
弛,"slacken, relax",<em>(No detailed table found)</em>,,,https://jlptsensei.com/learn-japanese-kanji/%e5%bc%9b-chi-shi-tarumu-tayumu-yurumu-meaning-slacken-relax/
狸,"tanuki, raccoon",<em>(No detailed table found)</em>,,,https://jlptsensei.com/learn-japanese-kanji/%e7%8b%b8-ri-rai-tanuki-meaning-tanuki-raccoon/
壬,9th calendar sign,<em>(No detailed table found)</em>,,,https://jlptsensei.com/learn-japanese-kanji/%e5%a3%ac-nin-jin-i-mizunoe-meaning-9th-calendar-sign/
硯,inkstone,<em>(No detailed table found)</em>,,,https://jlptsensei.com/learn-japanese-kanji/%e7%a1%af-ken-gen-suzuri-meaning-inkstone/
