grammar_name_en,grammar_name_jp,meaning,how_to_use_html,example_1,example_2,source
ageru,上げる（あげる）,Learn Japanese grammar: 【あげる】(ageru). Meaning: to finish doing ~. This can be used either as a transitive or intransitive verb: Transitive verb: 上げる (ageru) to...,"<table class=""table table-bordered table-sm usage""><tbody><tr><td>Verb (ます stem) <s>ます</s></td><td>あげる<br/>あがる</td></tr></tbody></table>",Example #1彼女は小説を書き上げた。hintromajiEnglishかのじょはしょうせつをかきあげた。kanojo wa shousetsu o kaki ageta.She finished writing her novel.,Example #2この会社は新製品を作り上げた。hintromajiEnglishこのかいしゃはしんせいひんをつくりあげた。kono kaisha wa shinseihin o tsukuri ageta.This company has created a new product.,https://jlptsensei.com/learn-japanese-grammar/%e4%b8%8a%e3%81%92%e3%82%8b-ageru-meaning/
amari,あまり,"Learn Japanese grammar: (amari). Meaning: so much… that. If you want to use this with an adjective, use instead.","<table class=""table table-bordered table-sm usage""><tbody><tr><td>Verb (dictionary form)</td><td rowspan=""3"">あまり</td></tr><tr><td>Verb (casual, past)</td></tr><tr><td>Noun + の</td></tr></tbody></table>","Example #1嬉しさのあまり、彼女は涙を流しました。hintromajiEnglishうれしさのあまり、かのじょはなみだをながしました。ureshisa no amari, kanojo wa namida o nagashimashita.She was so happy that she cried.",Example #2それのあまりの安さにおどろいた。hintromajiEnglishそれのあまりのやすさにおどろいた。sore no amari no yasusa ni odoroita.I was shocked by how cheap it was.,https://jlptsensei.com/learn-japanese-grammar/%e3%81%82%e3%81%be%e3%82%8a-amari-meaning/
amari ni mo,あまりにも,"Learn Japanese grammar: (amari ni mo). Meaning: too much; so much… that; excessively ~. あまりに is similar in meaning to , but can also be...","<table class=""table table-bordered table-sm usage""><tbody><tr><td rowspan=""3"">あまりに(も)</td><td>Verb</td></tr><tr><td>Adverb</td></tr><tr><td>Adjective</td></tr><tr><td>あまりの</td><td>Noun</td></tr></tbody></table>",Example #1最近あまりに暑すぎる。hintromajiEnglishさいきんあまりにあつすぎる。saikin amari ni atsu sugiru.It's too hot recently..,Example #2彼はあまりにも変わった。hintromajiEnglishかれはあまりにもかわった。kare wa amari ni mo kawatta.He changed a lot.,https://jlptsensei.com/learn-japanese-grammar/%e3%81%82%e3%81%be%e3%82%8a%e3%81%ab%e3%82%82-amari-ni-mo-meaning/
au,合う（あう）,Learn Japanese grammar: 【あう】(au). Meaning: do something together. This verb is connected at the end of another verb to express that action is being done...,"<table class=""table table-bordered table-sm usage""><tbody><tr><td>Verb <s>ます</s> (stem form)</td><td>合う<br/>あう</td></tr></tbody></table>",Example #1私たちはその件について話し合いましょう。hintromajiEnglishわたしたちはそのけんについてはなしあいましょう。watashi tachi wa sono ken ni tsuite hanashi aimashou.Let's discuss together regarding that matter.,Example #22人は愛し合っている。hintromajiEnglishふたりはあいしあっている。futari wa aishiatteiru.Those 2 are in love with each other.,https://jlptsensei.com/learn-japanese-grammar/%e5%90%88%e3%81%86-%e3%81%82%e3%81%86-au-meaning/
ba ii,ばいい,Learn Japanese grammar: (ba ii). Meaning: should; can; it’d be good if ~. This grammar must use a verb in .,"<table class=""table table-bordered table-sm usage""><tbody><tr><td>Verb (ば conditional form)</td><td>いい</td></tr></tbody></table>",Example #1どうすればいいですか？hintromajiEnglishどうすればいいですか？dou sureba ii desu ka.What should I do?,Example #2どこに行けばいいですか？hintromajiEnglishどこにいけばいいですか？doko ni ikeba ii desu ka?Where should I go?,https://jlptsensei.com/learn-japanese-grammar/%e3%81%b0%e3%81%84%e3%81%84-ba-ii-meaning/
ba yokatta,ばよかった,Learn Japanese grammar: (ba yokatta). Meaning: should have; would have been better if ~. You can add のに (no ni) at the end for more...,"<table class=""table table-bordered table-sm usage""><tbody><tr><td>Verb (ば conditional form)</td><td>よかった（のに）</td></tr></tbody></table>",Example #1そうすればよかった。hintromajiEnglishそうすればよかった。sou sureba yokatta.I should have done that.,Example #2傘を持ってくればよかった。hintromajiEnglishかさをもってくればよかった。kasa o motte kureba yokatta.I should have brought an umbrella.,https://jlptsensei.com/learn-japanese-grammar/%e3%81%b0%e3%82%88%e3%81%8b%e3%81%a3%e3%81%9f-ba-yokatta-meaning/
ba~hodo,ば～ほど,"Learn Japanese grammar: (ba~hodo). Meaning: the more… the more ~. If necessary, reference the lesson on .","<table class=""table table-bordered table-sm usage""><tbody><tr><td>Verb<br/>(ば conditional form)</td><td>same Verb + ほど</td></tr><tr><td>な-adjective + なら</td><td>same な-adj + なほど</td></tr><tr><td>い-adjective + <s>い</s>ければ</td><td>same い-adj + ほど</td></tr></tbody></table>","Example #1ビートルズの音楽は聞けば聞くほど好きになります。hintromajiEnglishビートルズのおんがくはきけばきくほどすきになります。biitoruzu no ongaku wa kikeba kiku hodo suki ni narimasu.The more I listen to The Beetles, the more I end up liking their music.","Example #2考えれば考えるほどわからなくなる。hintromajiEnglishかんがえればかんがえるほど、わからなくなる。kangaereba kangaeru hodo wakaranaku naru.The more I think about it, the less I understand.",https://jlptsensei.com/learn-japanese-grammar/%e3%81%b0%ef%bd%9e%e3%81%bb%e3%81%a9-ba-hodo-meaning/
ba~noni,ば～のに,"Learn Japanese grammar: (ba~noni). Meaning: would have; should have; if only ~. If necessary, reference the lesson on .","<table class=""table table-bordered table-sm usage""><tbody><tr><td>Verb (conditional form)</td><td rowspan=""4"">clause + のに</td></tr><tr><td>Noun + なら</td></tr><tr><td>な-adjective + なら</td></tr><tr><td>い-adjective + <s>い</s>ければ</td></tr></tbody></table>","Example #1このかばん、欲しいけど高いなあ。もっと安ければいいのに。hintromajiEnglishこのかばん、ほしいけどたかいなあ。もっとやすければいいのに。kono kaban, hoshii kedo takai naa. motto yasukereba ii noni.I want this bag, but it's pretty expensive... If only it were a bit cheaper.","Example #2もうちょっと早く来れば、大好きなアイドルが見えるのに。hintromajiEnglishもうちょっとはやくくれば、だいすきなアイドルがみえるのに。mou chotto hayaku kureba, daisuki na aidoru ga mieru no ni.If only I came a little earlier, I could have seen my favorite idol.",https://jlptsensei.com/learn-japanese-grammar/%e3%81%b0%ef%bd%9e%e3%81%ae%e3%81%ab-ba-noni-meaning/
bakari de,ばかりで,Learn Japanese grammar: (bakari de). Meaning: only; just ~ (negative description).,"<table class=""table table-bordered table-sm usage""><tbody><tr><td>Verb (casual)</td><td rowspan=""3"">ばかりで</td></tr><tr><td>な-adjective + な</td></tr><tr><td>い-adjective</td></tr></tbody></table>","Example #1夏は暑いばかりで楽しくないですよ。hintromajiEnglishなつはあついばかりでたのしくないですよ。natsu wa atsui bakari de tanoshikunai desu yo.Summer is just hot all the time, it's not enjoyable.",Example #2うちの子は毎日遊んでいるばかりで勉強をしない。hintromajiEnglishうちのこはまいにちあそんでいるばかりでべんきょうをしない。uchi no ko wa mainichi asondeiru bakari de benkyou o shinai.My kid only plays all day and never studies,https://jlptsensei.com/learn-japanese-grammar/%e3%81%b0%e3%81%8b%e3%82%8a%e3%81%a7-bakari-de-meaning/
bakari denaku,ばかりでなく,Learn Japanese grammar: (bakari denaku). Meaning: not only… but also; as well as ~. This is often followed with a も (mo) and a second...,"<table class=""table table-bordered table-sm usage""><tbody><tr><td>Verb (casual)</td><td rowspan=""4"">ばかりでなく… (も)</td></tr><tr><td>Noun</td></tr><tr><td>な-adjective + な</td></tr><tr><td>い-adjective + い</td></tr></tbody></table>","Example #1このマンションは狭いばかりでなく、暗いです。hintromajiEnglishこのマンションはせまいばかりでなく、くらいです。kono manshon wa semai bakari denaku, kurai desu.This apartment is not only very small, it's also quite dark.","Example #2彼は歌ばかりでなくダンスも上手です。hintromajiEnglishかれはうたばかりでなくダンスもじょうずです。kare wa uta bakari denaku dansu mo jouzu desu.He is not only good at singing, he also good at dancing.",https://jlptsensei.com/learn-japanese-grammar/%e3%81%b0%e3%81%8b%e3%82%8a%e3%81%a7%e3%81%aa%e3%81%8f-bakari-denaku-meaning/
beki da,べきだ,"Meaning: should do / must do. Learn Japanese Grammar 日本語文法 - JLPT N3 - べき・べきだ (beki; bekida). Study formation guide, example sentences, and vocabulary list.","<table class=""table table-bordered table-sm usage""><tbody><tr><td>Verb (standard form)</td><td rowspan=""4"">べき（だ）</td></tr><tr><td>Special verb<br/>する OR す<s>る</s></td></tr><tr><td>な-adjective + である</td></tr><tr><td>い-adjective + <s>い</s>くある</td></tr></tbody></table>",Example #1私はそれについてもっと知るべきだ。hintromajiEnglishわたしはそれについてもっとしるべきだ。watashi wa sore ni tsuite motto shiru beki da.I should know more about that.,Example #2約束は守るべきだ。hintromajiEnglishやくそくはまもるべきだ。yakusoku wa mamoru beki da.You should keep your promises.,https://jlptsensei.com/learn-japanese-grammar/%e3%81%b9%e3%81%8d%e3%81%a0-beki-da-meaning/
beki dewa nai,べきではない,should not do; must not do ~,<em>(no usage table)</em>,,,https://jlptsensei.com/learn-japanese-grammar/%e3%81%b9%e3%81%8d%e3%81%a7%e3%81%af%e3%81%aa%e3%81%84-beki-dewa-nai-meaning/
betsu ni~nai,別に～ない（べつに～ない）,"Learn Japanese grammar: 【べつに～ない】(betsu ni~nai). Meaning: not really, not particularly.","<table class=""table table-bordered table-sm usage""><tbody><tr><td rowspan=""4"">別に</td><td>Verb (ない form)</td></tr><tr><td>Noun + ではない</td></tr><tr><td>な-adjective + ではない</td></tr><tr><td>い-adjective + <s>い</s>くない</td></tr></tbody></table>",Example #1それは別に悪いことでもない。hintromajiEnglishそれはべつにわるいことでもない。sore wa betsu ni warui koto demo nai.That's not particularly a bad thing.,Example #2別に彼のために作ったわけではない。hintromajiEnglishべつにかれのためにつくったわけではない。betsu ni kare no tame ni tsukutta wake dewa nai.It’s not like I made this for him.,https://jlptsensei.com/learn-japanese-grammar/%e5%88%a5%e3%81%ab%ef%bd%9e%e3%81%aa%e3%81%84-betsu-ni-nai-meaning/
buri ni,ぶりに,Learn Japanese grammar: (buri ni). Meaning: for the first time in (period of time).,"<table class=""table table-bordered table-sm usage""><tbody><tr><td>Noun (measurement of time)</td><td>ぶり（に）<br/>っぷり</td></tr></tbody></table>","Example #1今日、やく2週間ぶりに雨が降った。hintromajiEnglishきょう、やく２しゅうかんぶりにあめがふった。kyou, yaku 2 shuukan buri ni ame ga futta.Today, it rained for the first time in 2 weeks.",Example #2この街に帰ってくるのはもう１０年ぶりだなあ。hintromajiEnglishこのまちにかえってくるのはもう１０ねんぶりだなあ。kono machi ni kaette kuru no wa mou juu nen buri da naa.It's been already 10 years since I last came to this town.,https://jlptsensei.com/learn-japanese-grammar/%e3%81%b6%e3%82%8a%e3%81%ab-buri-ni-meaning/
chuu / juu,中（ちゅう）,Learn Japanese grammar: 【ちゅう】(chuu / juu). Meaning: currently; during; at some point; throughout; before the end of ~. Difference between ちゅう and じゅう ちゅう (chuu)...,"<table class=""table table-bordered table-sm usage""><tbody><tr><td>Noun</td><td>中<br/>ちゅう<br/>じゅう</td></tr></tbody></table>",Example #1私は一晩中泣いていた。hintromajiEnglishわたしはひとばんじゅうないていた。watashi wa hitobanjuu naiteita.I cried all night.,Example #2午前中がいちばん調子がいいです。hintromajiEnglishごぜんちゅうがいちばんちょうしがいいです。gozen chuu ga ichiban choushi ga ii desu.During the morning is the best.,https://jlptsensei.com/learn-japanese-grammar/%e4%b8%ad-chuu-juu-meaning/
dake,だけ,Learn Japanese grammar: (dake). Meaning: as much as ~.,"<table class=""table table-bordered table-sm usage""><tbody><tr><td>Verb (dictionary form)</td><td rowspan=""4"">だけ</td></tr><tr><td>Noun</td></tr><tr><td>な-adjective + な</td></tr><tr><td>い-adjective</td></tr></tbody></table>",Example #1食べたいだけ食べなさい。hintromajiEnglishたべたいだけたべなさい。tabetai dake tabenasai.Eat as much as you like.,Example #2私はそれをできるだけ早くいただけますか。hintromajiEnglishわたしはそれをできるだけはやくいただけますか。watashi wa sore o dekiru dake hayaku itadakemasu ka?Would I be able to get that as soon as possible?,https://jlptsensei.com/learn-japanese-grammar/%e3%81%a0%e3%81%91-dake-meaning-as-much-as/
dake de naku,だけでなく,Learn Japanese grammar: (dake de naku). Meaning: not only… but also ~. This is often followed with the second point + も (mo). This may...,"<table class=""table table-bordered table-sm usage""><tbody><tr><td>Verb (dictionary form)</td><td rowspan=""4"">だけでなく</td></tr><tr><td>Noun (である)</td></tr><tr><td>な-adjective + な/である</td></tr><tr><td>い-adjective</td></tr></tbody></table>","Example #1ここのレストランはどれも安いだけでなく、美味しい。hintromajiEnglishここのレストランはどれもやすいだけでなく、おいしい。koko no resutoran wa dore mo yasui dake de naku, oishii.Not only is everything cheap at this restaurant, it is all delicious.","Example #2この公園では、子供だけではなく大人も楽しむことができる。hintromajiEnglishこのこうえんでは、こどもだけではなくおとなもたのしむことができる。kono kouen dewa, kodomo dake dewa naku otona mo tanoshimu koto ga dekiru.This park is enjoyable for not only kids, but for adults as well.",https://jlptsensei.com/learn-japanese-grammar/%e3%81%a0%e3%81%91%e3%81%a7%e3%81%aa%e3%81%8f-dake-de-naku-meaning/
dakedo,だけど,Learn Japanese grammar: (dakedo) & (desu kedo). Meaning: but; however; although; regarding ~. This is the conjunction particle preceded by a 「だ」 or 「です」. To...,"<table class=""table table-bordered table-sm usage""><tbody><tr><td>Verb (casual) + んだ/のだ</td><td rowspan=""4"">けど</td></tr><tr><td>Noun + だ/だった/です<br/>Noun + なんだ/なのだ</td></tr><tr><td>な-adjective + だ/だった<br/>な-adjective + なんだ/なのだ</td></tr><tr><td>い-adjective + い/<s>い</s>かった<br/>い-adjective + いんだ/いのだ</td></tr></tbody></table>","Example #1スキー行きたいんだけど、お金が全然ないよ。hintromajiEnglishスキーいきたいんだけど、おかねがぜんぜんないよ。sukii ikitai n dakedo, okane ga zenzen nai yo.I want to go skiing, but I have no money.","Example #2彼女はかわいいんだけど僕のタイプではない。hintromajiEnglishかのじょはかわいいんだけどぼくのタイプではない。kanojo wa kawaii n dakedo boku no taipu dewa nai.She's cute, but not my type.",https://jlptsensei.com/learn-japanese-grammar/%e3%81%a0%e3%81%91%e3%81%a9-dakedo-meaning/
darake,だらけ,Learn Japanese grammar: (darake). Meaning: full of; covered with; a lot of (something undesirable).​ 泥だらけ。 doro darake. Covered in mud.,"<table class=""table table-bordered table-sm usage""><tbody><tr><td>Noun</td><td>だらけ</td></tr></tbody></table>",Example #1この公園は、猫だらけだ。hintromajiEnglishこのこうえんは、ねこだらけだ。kono kouen wa neko darake da.There are cats all over this park.,Example #2この部屋はゴミだらけだ。hintromajiEnglishこのへやはゴミだらけだ。kono heya wa gomi darake da.This room is completely covered in garbage..,https://jlptsensei.com/learn-japanese-grammar/%e3%81%a0%e3%82%89%e3%81%91-darake-meaning/
donna ni~temo,どんなに～ても,Learn Japanese grammar: (donna ni~temo). Meaning: no matter how (much). This is used by combining どんなに (donna ni) and ても・でも (temo/demo) form. Review the lesson...,"<table class=""table table-bordered table-sm usage""><tbody><tr><td rowspan=""4"">どんなに</td><td>Verb (ても form)</td></tr><tr><td>Noun + でも</td></tr><tr><td>な-adjective + でも</td></tr><tr><td>い-adjective + <s>い</s>くても</td></tr></tbody></table>","Example #1どんなに頑張っても、70点しか取れなかった。hintromajiEnglishどんなにがんばっても、70てんしかとれなかった。donna ni ganbatte mo, 70 ten shika torenakatta.No matter how hard I tried, I never got more than 70 points.","Example #2どんなに苦しくても最後まで走り抜くつもりだ。hintromajiEnglishどんなにくるしくてもさいごまではしりぬくつもりだ。donna ni kurushiku temo saigo made hashiri nuku tsumori da.No matter how painful it may be, I plan to run all the way until the end.",https://jlptsensei.com/learn-japanese-grammar/%e3%81%a9%e3%82%93%e3%81%aa%e3%81%ab%ef%bd%9e%e3%81%a6%e3%82%82-donna-ni-temo-meaning/
doushitemo,どうしても,Learn Japanese grammar: (doushitemo). Meaning: no matter what; at any cost; after all ~.,"<table class=""table table-bordered table-sm usage""><tbody><tr><td>どうしても</td><td>phrase</td></tr></tbody></table>",Example #1私はどうしても自分の家がほしい。hintromajiEnglishわたしはどうしてもじぶんのいえがほしい。watashi wa doushitemo jibun no ie ga hoshii.I really want to have my own house (to the point I'd do anything).,"Example #2どうしても車が動かなかったので私たちは歩いて行くことにした。hintromajiEnglishどうしてもくるまがうごかなかったのでわたしたちはあるいていくことにした。doushitemo kuruma ga ugokana katta no de watashi tachi wa aruite iku koto ni shita.No matter what we tried the car wouldn't start, so finally we decided to go on foot.",https://jlptsensei.com/learn-japanese-grammar/%e3%81%a9%e3%81%86%e3%81%97%e3%81%a6%e3%82%82-doushitemo-meaning/
furi o suru,ふりをする,"Meaning: to pretend; to act as if. Learn Japanese Grammar 日本語文法 - JLPT N3 - ふりをする (furi o suru). Study guide, example sentences, and vocabulary list.","<table class=""table table-bordered table-sm usage""><tbody><tr><td>Verb (casual)</td><td rowspan=""4"">ふりをする</td></tr><tr><td>Noun + の</td></tr><tr><td>な-adjective + な</td></tr><tr><td>い-adjective</td></tr></tbody></table>",Example #1彼は聞こえないふりをした。hintromajiEnglishかれはきこえないふりをした。kare wa kikoenai furi o shita.He pretended to not hear.,Example #2彼女は宿題をし終わったふりをしてテレビを見ている。hintromajiEnglishかのじょはしゅくだいをしおわったふりをしてテレビをみている。kanojo wa shukudai o shiowatta furi o shite terebi o miteiru.She pretended that she finished her homework and is watching TV.,https://jlptsensei.com/learn-japanese-grammar/%e3%81%b5%e3%82%8a%e3%82%92%e3%81%99%e3%82%8b-furi-o-suru-meaning/
futo,ふと,Learn Japanese grammar: (futo). Meaning: suddenly; accidentally; unexpectedly; unintentionally ~.,"<table class=""table table-bordered table-sm usage""><tbody><tr><td>ふと</td><td>action</td></tr></tbody></table>",Example #1ふと街で彼に会った。hintromajiEnglishふとまちでかれにあった。futo machi de kare ni atta.I met him in the street by chance.,"Example #2学校に行く途中、ふと今日は母の誕生日だったことを思い出した。hintromajiEnglishがっこうにいくとちゅう、ふときょうはははのたんじょうびだったことをおもいだした。gakkou ni iku tochuu, futo kyou wa haha no tanjoubi datta koto o omoidashita.On my way to school I suddenly remembered that today was my mother's birthday.",https://jlptsensei.com/learn-japanese-grammar/%e3%81%b5%e3%81%a8-futo-meaning/
gachi,がち,Learn Japanese grammar: (gachi). Meaning: tend to; tendency to; frequently; often; to do something easily. This is usually used for something negative. Here are some...,"<table class=""table table-bordered table-sm usage""><tbody><tr><td>Noun</td><td rowspan=""2"">がち</td></tr><tr><td>Verb <s>ます</s> (stem form)</td></tr></tbody></table>","Example #1私は、仕事でミスしがちです。hintromajiEnglishわたしは、しごとでミスしがちです。watashi wa, shigoto de misu shi gachi desu.I tend to make a lot of mistakes at work.","Example #2彼女は、学校をサボりがちです。hintromajiEnglishかのじょは、がっこうをさぼりがちです。kanojo wa, gakkou o sabori gachi desu.She's always skipping school.",https://jlptsensei.com/learn-japanese-grammar/%e3%81%8c%e3%81%a1-gachi-meaning/
gatai,がたい,"Learn Japanese grammar: (gatai). Meaning: very difficult to; hard to ~. To instead say something is difficult to do (less extreme), use .","<table class=""table table-bordered table-sm usage""><tbody><tr><td>Verb <s>ます</s> (stem form)</td><td>がたい</td></tr></tbody></table>","Example #1信じがたいことだが、これは事実だ。hintromajiEnglishしんじがたいことだが、これはじじつだ。shinji gatai koto daga, kore wa jijitsu da.This may be hard to believe, but this is the truth.",Example #2許しがたいことです。hintromajiEnglishゆるしがたいことです。yurushi gatai koto desu.This is an unforgivable act.,https://jlptsensei.com/learn-japanese-grammar/%e3%81%8c%e3%81%9f%e3%81%84-gatai-meaning/
gimi,気味（ぎみ）,Learn Japanese grammar: 【ぎみ】(gimi). Meaning: -like; -looking; -looked; tending to ~. This is used to express that something looks or seems to be a certain...,"<table class=""table table-bordered table-sm usage""><tbody><tr><td>Verb <s>ます</s> (stem form)</td><td rowspan=""2"">気味<br/>ぎみ</td></tr><tr><td>Noun</td></tr></tbody></table>",Example #1彼は人の名前を忘れ気味である。hintromajiEnglishかれはひとのなまえをわすれぎみである。kare wa hito no namae o wasure gimi de aru.He tends to forget people's names.,"Example #2昨夜、彼は風邪気味だった。hintromajiEnglishさくや、かれはかぜぎみだった。sakuya, kare wa kaze gimi datta.He had a bit of a cold last night.",https://jlptsensei.com/learn-japanese-grammar/%e6%b0%97%e5%91%b3-%e3%81%8e%e3%81%bf-gimi-meaning/
goto ni,ごとに,Learn Japanese grammar: (goto ni). Meaning: each; every; at intervals of ~.,"<table class=""table table-bordered table-sm usage""><tbody><tr><td>Verb (dictionary form)</td><td rowspan=""2"">ごとに</td></tr><tr><td>Noun</td></tr></tbody></table>",Example #1バスは１０分ごとに通っている。hintromajiEnglishバスは１０ぷんごとにかよっている。basu wa 10 pun goto ni kayotteiru.The buses run every 10 minutes.,Example #2オリンピックは４年ごとに開催される。hintromajiEnglishオリンピックは４ねんごとにかいさいされる。orinpikku wa yon nen goto ni kaisai sareru.The Olympics are held every 4 years.,https://jlptsensei.com/learn-japanese-grammar/%e3%81%94%e3%81%a8%e3%81%ab-goto-ni-meaning/
hodo,ほど,"Meaning: degree; extent; bounds. Learn Japanese Grammar 日本語文法 - JLPT N3 - 程・ほど (hodo). Study formation guide, example sentences, and vocabulary list.","<table class=""table table-bordered table-sm usage""><tbody><tr><td>Verb (casual, non-past)</td><td rowspan=""4"">程<br/>ほど</td></tr><tr><td>Noun</td></tr><tr><td>な-adjective + な</td></tr><tr><td>い-adjective</td></tr></tbody></table>",Example #1君ほど美しい人はいません！hintromajiEnglishきみほどうつくしいひとはいません。kimi hodo utsukushii hito wa imasen.There is no one that rivals your beauty.,Example #2死ぬほどのどがかわいている。hintromajiEnglishしぬほどのどがかわいている。shinu hodo nodo ga kawaiteiru.I'm so thirsty I could die..,https://jlptsensei.com/learn-japanese-grammar/%e7%a8%8b-%e3%81%bb%e3%81%a9-hodo-meaning/
hodo~nai,ほど～ない,Learn Japanese grammar: (hodo~nai). Meaning: is not as… as ~.,"<table class=""table table-bordered table-sm usage""><tbody><tr><td rowspan=""2"">Noun + ほど</td><td>Verb (ない form)</td></tr><tr><td>Adjective (ない form)</td></tr></tbody></table>",Example #1彼女ほど優しい人はいない。hintromajiEnglishかのじょほどやさしいひとはいない。kanojo hodo yasashii hito wa inai.There’s no one as kind as her.,Example #2英語の文法は日本語ほど難しくありません。hintromajiEnglishえいごのぶんぽうはにほんごほどむずかしくありません。eigo no bunpou wa nihongo hodo muzukashiku arimasen.English grammar is not as difficult as Japanese grammar.,https://jlptsensei.com/learn-japanese-grammar/%e3%81%bb%e3%81%a9%ef%bd%9e%e3%81%aa%e3%81%84-hodo-nai-meaning/
ichido ni,一度に（いちどに）,all at once,<em>(no usage table)</em>,,,https://jlptsensei.com/learn-japanese-grammar/%e4%b8%80%e5%ba%a6%e3%81%ab-ichido-ni-meaning/
ikura~temo,いくら～ても,Learn Japanese grammar: (ikura~temo). Meaning: no matter how ~. Review the lesson for if necessary. This may also be used as .,"<table class=""table table-bordered table-sm usage""><tbody><tr><td rowspan=""4"">いくら</td><td>Verb (ても form)</td></tr><tr><td>Noun + でも</td></tr><tr><td>な-adjective + でも</td></tr><tr><td>い-adjective + <s>い</s>くても</td></tr></tbody></table>",Example #1お金はいくらあっても困りません。hintromajiEnglishおかねはいくらあってもこまりません。okane wa ikura attemo komarimasen.You can never have too much money.,"Example #2これはいくら安くても、買いたくない。hintromajiEnglishこれはいくらやすくても、かいたくない。kore wa ikura yasukutemo, kaitakunai.No matter how cheap this is, I don't want to buy it.",https://jlptsensei.com/learn-japanese-grammar/%e3%81%84%e3%81%8f%e3%82%89%ef%bd%9e%e3%81%a6%e3%82%82-ikura-temo-meaning/
ippou da,一方だ（いっぽうだ）,more and more; continue to ~,<em>(no usage table)</em>,,,https://jlptsensei.com/learn-japanese-grammar/%e4%b8%80%e6%96%b9%e3%81%a0-ippou-da-meaning/
ittai,一体（いったい）,"Learn Japanese grammar: 【いったい】(ittai). Meaning: emphasis; what on earth; what in the world. This can be used when asking about something surprising, confusing, or unbelievable....","<table class=""table table-bordered table-sm usage""><tbody><tr><td>一体<br/>いったい</td><td>question</td></tr></tbody></table>",Example #1一体どこで彼に会ったんだ。hintromajiEnglishいったいどこでかれにあったんだ。ittai doko de kare ni atta nda.Where on earth did you meet him?,Example #2あなたは一体何をしていますか？hintromajiEnglishあなたはいったいなにをしていますか？anata wa ittai nani o shite imasu ka?What exactly are you doing?,https://jlptsensei.com/learn-japanese-grammar/%e4%b8%80%e4%bd%93-%e3%81%84%e3%81%a3%e3%81%9f%e3%81%84-ittai-meaning/
janai,じゃない,Learn Japanese grammar: (janai). Meaning: maybe; most likely; confirmation of information; express surprise towards listener. This is used at the end of a phrase to...,"<table class=""table table-bordered table-sm usage""><tbody><tr><td>Phrase</td><td>じゃない</td></tr></tbody></table>",Example #1トムさんも来るじゃない？hintromajiEnglishトムさんもくるじゃない？tomu san mo kuru janai?Tom will surely come as well?,"Example #2あそこにいる人って、田中先生じゃない？hintromajiEnglishあそこにいるひとって、たなかせんせいじゃない？asoko ni iru hito tte, tanaka sensei janai?Isn't that person over there Mr. Tanaka?",https://jlptsensei.com/learn-japanese-grammar/%e3%81%98%e3%82%83%e3%81%aa%e3%81%84-janai-meaning/
ka nani ka,か何か（かなにか）,Learn Japanese grammar: 【かなにか】(ka nani ka). Meaning: or something ~.,"<table class=""table table-bordered table-sm usage""><tbody><tr><td>Noun</td><td>か何か</td></tr></tbody></table>",Example #1彼は病気か何かだろう。hintromajiEnglishかれはびょうきかなにかだろう。kare wa byouki ka nani ka darou.He must be sick or something.,Example #2オレンジジュースか何か欲しいな。hintromajiEnglishオレンジジュースかなにかほしいな。orenji juusu ka nani ka hoshii na.I want some orange juice or something.,https://jlptsensei.com/learn-japanese-grammar/%e3%81%8b%e4%bd%95%e3%81%8b-ka-nani-ka-meaning/
kakeru,かける,Learn Japanese grammar: (kakeru) & (kakeno). Meaning: half-; not yet finished; in the middle of~.,"<table class=""table table-bordered table-sm usage""><tbody><tr><td>Verb <s>ます</s> (stem form)</td><td>かける<br/>かけの</td></tr></tbody></table>",Example #1お風呂に入りかけたときに電話が鳴った。hintromajiEnglishおふろにはいりかけたときにでんわがなった。ofuro ni hairi kaketa toki ni denwa ga natta.The phone rang when I was about to get in the bath.,Example #2この本はまだ読みかけだ。hintromajiEnglishこのほんはまだよみかけだ。kono hon wa mada yomikake da.I haven’t finished this book yet.,https://jlptsensei.com/learn-japanese-grammar/%e3%81%8b%e3%81%91%e3%82%8b-kakeru-meaning/
kara~ni kakete,から〜にかけて,Learn Japanese grammar: (kara~ni kakete). Meaning: through; from [A] to [B]. This is based on the lesson for .,"<table class=""table table-bordered table-sm usage""><tbody><tr><td>Noun-1</td><td>から</td><td>Noun-2</td><td>にかけて</td></tr></tbody></table>",Example #1東京から京都にかけて新幹線で行くのは何時間かかるの？hintromajiEnglishとうきょうからきょうとにかけてしんかんせんでいくのはなんじかんかかるの？toukyou kara kyouto ni kakete shinkansen de iku no wa nan jikan kakaru no?How long does it take to get from Tokyo to Kyoto by bullet train?,Example #2午前から夕方にかけて昼寝をした。hintromajiEnglishごぜんからゆうがたにかけてひるねをした。gozen kara yuugata ni kakete hirune o shita.I took a nap from morning until evening.,https://jlptsensei.com/learn-japanese-grammar/%e3%81%8b%e3%82%89%e3%80%9c%e3%81%ab%e3%81%8b%e3%81%91%e3%81%a6-kara-ni-kakete-meaning/
kawari ni,代わりに（かわりに）,Learn Japanese grammar: 【かわりに】(kawari ni). Meaning: instead of; as a substitute for​; in exchange for; in return for. This can be split into 2 main...,"<table class=""table table-bordered table-sm usage""><tbody><tr><td>Verb (casual)</td><td rowspan=""3"">代わりに</td></tr><tr><td>Noun + の</td></tr><tr><td>その</td></tr></tbody></table>",Example #1私が部長の代わりに出張に行きます。hintromajiEnglishわたしがぶちょうのかわりにしゅっちょうにいきます。watashi ga buchou no kawari ni shucchou ni ikimasu.I will go on a business trip on behalf of my manager.,"Example #2今朝はコーヒーの代わりにお茶を飲んだ。hintromajiEnglishけさはこーひーのかわりにおちゃをのんだ。kesa wa koohii no kawari ni ocha o nonda.This morning, I drank tea instead of coffee.",https://jlptsensei.com/learn-japanese-grammar/%e4%bb%a3%e3%82%8f%e3%82%8a%e3%81%ab-%e3%81%8b%e3%82%8f%e3%82%8a%e3%81%ab-kawari-ni-meaning/
kekka,結果（けっか）,Learn Japanese grammar: 【けっか】(kekka). Meaning: as a result of; after ~. Used with a Verb in past form to be た結果 (ta kekka). Used with...,"<table class=""table table-bordered table-sm usage""><tbody><tr><td>Verb (casual, past)</td><td rowspan=""3"">結果<br/>けっか</td></tr><tr><td>Noun + の</td></tr><tr><td>その</td></tr></tbody></table>","Example #1彼は仕事をサボった結果として首になった。hintromajiEnglishかれはしごとをサボったけっかとしてくびになった。kare wa shigoto o sabotta kekka toshite kubi ni natta.As a result of him skipping work, he was fired.","Example #2みんなで相談した結果、今回は参加しないことにした。hintromajiEnglishみんなでそうだんしたけっか、こんかいはさんかしないことにした。minna de soudan shita kekka, konkai wa sanka shinai koto ni shita.After consulting with everyone, I've decided to not participate this time.",https://jlptsensei.com/learn-japanese-grammar/%e3%81%9f%e7%b5%90%e6%9e%9c-ta-kekka-meaning/
kekkyoku,結局（けっきょく）,Learn Japanese grammar: 【けっきょく】(kekkyoku). Meaning: after all; eventually; in the end ~.,"<table class=""table table-bordered table-sm usage""><tbody><tr><td>(phrase)</td><td>結局（は）</td><td>conclusion</td></tr></tbody></table>",Example #1結局彼はそれを買わなかった。hintromajiEnglishけっきょくかれはそれをかわなかった。kekkyoku kare wa sore o kawanakatta.He didn't buy it in the end.,"Example #2友人から何度も誘われたが、結局行かないことにした。hintromajiEnglishゆうじんからなんどもさそわれたが、けっきょくいかないことにした。yuujin kara nando mo sasowareta ga, kekkyoku ikanai koto ni shita.I was invited by my good friend countless times, but ultimately decided not to go.",https://jlptsensei.com/learn-japanese-grammar/%e7%b5%90%e5%b1%80%e3%81%af-kekkyoku-wa-meaning/
kesshite~nai,決して～ない（けっして～ない）,Learn Japanese grammar: 【けっして～ない】(kesshite~nai). Meaning: never; by no means ~.,"<table class=""table table-bordered table-sm usage""><tbody><tr><td rowspan=""4"">決して</td><td>Verb (ない form)</td></tr><tr><td>Noun + ではない</td></tr><tr><td>な-adjective + ではない</td></tr><tr><td>い-adjective + <s>い</s>くない</td></tr></tbody></table>",Example #1あなたのことは決して忘れません。hintromajiEnglishあなたのことはけっしてわすれません。anata no koto wa kesshite wasuremasen.I could never forget you.,Example #2私は決して夢をあきらめない。hintromajiEnglishわたしはけっしてゆめをあきらめない。watashi wa kesshite yume o akiramenai.I’ll never give up on my dream.,https://jlptsensei.com/learn-japanese-grammar/%e6%b1%ba%e3%81%97%e3%81%a6%ef%bd%9e%e3%81%aa%e3%81%84-kesshite-nai-meaning/
kirenai,切れない（きれない）,"Learn Japanese grammar: 【きれない】(kirenai). Meaning: unable to do; too much to finish/complete. To instead say “to finish completely”, use instead.","<table class=""table table-bordered table-sm usage""><tbody><tr><td>Verb <s>ます</s> (stem form)</td><td>切れない</td></tr></tbody></table>",Example #1この部屋に100人は入り切れない。hintromajiEnglishこのへやに100にんははいりきれない。kono heya ni 100 nin wa hairi kirenai.This room cannot fit 100 people.,Example #2彼は使い切れないほど金がある。hintromajiEnglishかれはつかいきれないほどかねがある。kare wa tsukai kirenai hodo kane ga aru.He has more money than he can spend.,https://jlptsensei.com/learn-japanese-grammar/%e5%88%87%e3%82%8c%e3%81%aa%e3%81%84-kirenai-meaning/
kiri,きり,"Meaning: only; just. Learn Japanese Grammar 日本語文法 - JLPT N3 - きり (kiri). Study formation guide, example sentences, and vocabulary list.","<table class=""table table-bordered table-sm usage""><tbody><tr><td>Verb (た form)</td><td rowspan=""2"">きり<br/>っきり</td></tr><tr><td>Noun</td></tr></tbody></table>",Example #1私は一人きりで暮らすのが嫌だ。hintromajiEnglishわたしはひとりきりでくらすのがいやだ。watashi wa hitori kiri de kurasu no ga iya da.I don't want to live all alone.,"Example #2二人っきりで話をしたいです。hintromajiEnglishふたりっきりではなしをしたいです。futari kkiri de hanashi o shitai desu.I want to talk privately with you, just the two of us.",https://jlptsensei.com/learn-japanese-grammar/%e3%81%8d%e3%82%8a-kiri-meaning/
kiru,切る（きる）,Learn Japanese grammar: 【きる】(kiru). Meaning: to do something completely to the end. Change to 切れる (kireru) to express being able to completely do. To say...,"<table class=""table table-bordered table-sm usage""><tbody><tr><td>Verb <s>ます</s> (stem form)</td><td>切る<br/>切れる</td></tr></tbody></table>",Example #1どうしてそう言い切れるのですか。hintromajiEnglishどうしてそういいきれるのですか。doushite sou ii kireru no desu ka?How can you say that?,Example #2長い小説を2日間で読み切った。hintromajiEnglishながいしょうせつをふつかかんでよみきった。nagai shousetsu o futsukakan de yomikitta.I finished reading the long novel in two days.,https://jlptsensei.com/learn-japanese-grammar/%e5%88%87%e3%82%8b-kiru-meaning/
kke,っけ,"Meaning: recall information; confirmation. Learn Japanese Grammar 日本語文法 - JLPT N3 - ～っけ (~kke). Study guide, example sentences, and vocabulary list.","<table class=""table table-bordered table-sm usage""><tbody><tr><td>Verb</td><td rowspan=""4"">っけ</td></tr><tr><td>Noun + (だ / だった)</td></tr><tr><td>な-adjective + (だ / だった)</td></tr><tr><td>い-adjective + <s>い</s>かった</td></tr></tbody></table>",Example #1次のテストっていつだっけ？hintromajiEnglishつぎのテストっていつだっけ？tsugi no tesuto tte itsu dakke?When is the next test again?,"Example #2あなたの誕生日、いつだったっけ？hintromajiEnglishあなたのたんじょうび、いつだったっけ？anata no tanjoubi, itsu datta kke?When was your birthday again?",https://jlptsensei.com/learn-japanese-grammar/%e3%81%a3%e3%81%91-kke-meaning/
komu,込む（こむ）,Learn Japanese grammar: 【こむ】(komu). Meaning: to do something for a long time or to move something inside. Meaning 1 – To move something inside (examples...,"<table class=""table table-bordered table-sm usage""><tbody><tr><td>Verb <s>ます</s> (stem form)</td><td>込む<br/>こむ</td></tr></tbody></table>",Example #1この紙に必要な情報を書き込んでください。hintromajiEnglishこのかみにひつようなじょうほうをかきこんでください。kono kami ni hitsuyou na jouhou o kakikonde kudasai.Please write the necessary information on this paper.,Example #2あなたの口座にお金を振り込んだよ。hintromajiEnglishあなたのこうざにおかねをふりこんだよ。anata no kouza ni okane o furikonda yo.I transferred the money to your account.,https://jlptsensei.com/learn-japanese-grammar/%e8%be%bc%e3%82%80-%e3%81%93%e3%82%80-komu-meaning/
koso,こそ,Learn Japanese grammar: (koso). Meaning: for sure (emphasize preceding word); precisely; definitely ~. This is a particle used to emphasize a word or phrase.,"<table class=""table table-bordered table-sm usage""><tbody><tr><td>Noun</td><td>こそ</td></tr></tbody></table>",Example #1これこそ望むところです。hintromajiEnglishこれこそのぞむところです。kore koso nozomu tokoro desu.This is the very thing I want.,Example #2こちらこそありがとうございます。hintromajiEnglishこちらこそありがとうございます。kochira koso arigatou gozaimasu.It is I that should be saying thank you.,https://jlptsensei.com/learn-japanese-grammar/%e3%81%93%e3%81%9d-koso-meaning/
koto,こと,Learn Japanese grammar: (koto). Meaning: (must) do. This is used to make a general expression that one should or should not do something. こと (koto)...,"<table class=""table table-bordered table-sm usage""><tbody><tr><td>Verb (dictionary form)</td><td rowspan=""2"">こと</td></tr><tr><td>Verb (ない form)</td></tr></tbody></table>",Example #1大声を出さないこと。hintromajiEnglishおおごえをださないこと。oogoe o dasanai koto.Don't speak with a loud voice.,Example #2晩ごはんの前にデザートを食べないこと。hintromajiEnglishばんごはんのまえにデザートをたべないこと。bangohan no mae ni dezaato o tabenai koto.No eating dessert before dinner.,https://jlptsensei.com/learn-japanese-grammar/%e3%81%93%e3%81%a8-koto-meaning-must-do/
koto kara,ことから,Learn Japanese grammar: (koto kara). Meaning: from the fact that ~.,"<table class=""table table-bordered table-sm usage""><tbody><tr><td>Verb (casual)</td><td rowspan=""4"">ことから</td></tr><tr><td>Noun + である/だった</td></tr><tr><td>な-adjective + である/だった</td></tr><tr><td>い-adjective</td></tr></tbody></table>","Example #1道路が濡れていることから、雨が降ったということが分かる。hintromajiEnglishどうろうがぬれていることから、あめがふったということがわかる。dourou ga nurete iru koto kata, ame ga futta touiu koto ga wakaru.Considering the ground is wet, I know that it must have rained.",Example #2教室で席が隣だったことから友人になった。hintromajiEnglishきょうしつでせきがとなりだったことからゆうじんになった。kyoushitsu de seki ga tonari datta koto kara yuujin ni natta.We became good friends from the fact that our seats were right next to each other in the classroom.,https://jlptsensei.com/learn-japanese-grammar/%e3%81%93%e3%81%a8%e3%81%8b%e3%82%89-koto-kara-meaning/
koto ni natteiru,ことになっている,"Learn Japanese grammar: (koto ni natteiru). Meaning: expresses a standard, rule or expectation. You can also use ことになっています (koto ni natteimasu) to be more formal.","<table class=""table table-bordered table-sm usage""><tbody><tr><td>Verb (dictionary form)<br/>Verb (ない form)</td><td rowspan=""2"">ことになっている<br/>ことになっています</td></tr><tr><td>Noun + という</td></tr></tbody></table>","Example #1この図書館では2週間まで本が借りられることになっています。hintromajiEnglishこのとしょかんではにしゅうかんまでほんがかりられることになっています。kono toshokan dewa 2 shuukan made hon ga karirareru koto ni natte imasu.At this library, you can borrow books for up to 2 weeks.","Example #2日本では、車は左側を走ることになっている。hintromajiEnglishにほんでは、くるまはひだりがわをはしることになっている。nihon dewa, kuruma wa hidari gawa o hashiru koto ni natte iru.In Japan, cars drive on the left side of the road.",https://jlptsensei.com/learn-japanese-grammar/%e3%81%93%e3%81%a8%e3%81%ab%e3%81%aa%e3%81%a3%e3%81%a6%e3%81%84%e3%82%8b-koto-ni-natteiru-meaning/
koto wa nai,ことはない,"Meaning: no need for [X]. Learn Japanese Grammar 日本語文法 - JLPT N3 - ことはない (koto wa nai). Study formation guide, example sentences, and vocabulary list.","<table class=""table table-bordered table-sm usage""><tbody><tr><td>Verb (dictionary form)</td><td>ことはない</td></tr></tbody></table>",Example #1謝ることはないよ。hintromajiEnglishあやまることはないよ。ayamaru koto wa nai yo.There is no need for you to apologize,"Example #2明日のテストは簡単だから、心配することはないよ。hintromajiEnglishあしたのテストはかんたんだから、しんぱいすることはないよ。ashita no tesuto wa kantan dakara, shinpai suru koto wa nai yo.Tomorrow's test will be easy, so it's nothing to worry about.",https://jlptsensei.com/learn-japanese-grammar/%e3%81%93%e3%81%a8%e3%81%af%e3%81%aa%e3%81%84-koto-wa-nai/
koto wa~ga,ことは～が,Learn Japanese grammar: (koto wa~ga). Meaning: although; but ~.,"<table class=""table table-bordered table-sm usage""><tbody><tr><td>Verb (casual)</td><td rowspan=""3"">ことは</td><td>same verb</td><td rowspan=""3"">が</td></tr><tr><td>な-adj. + な</td><td>same な-adj.</td></tr><tr><td>い-adj.</td><td>same い-adj.</td></tr></tbody></table>","Example #1パーティーは行けることは行けるが、たぶん1時間くらい遅刻する。hintromajiEnglishパーティーはいけることはいけるが、たぶん1じかんくらいちこくする。paatii wa ikeru koto wa ikeru ga, tabun 1 jikan kurai chikoku suru.I can go to the party, but I will probably be about 1 hour late.","Example #2N3の勉強をしたことはしたが、合格できるか自信がない。hintromajiEnglishN3のべんきょうをしたことはしたが、ごうかくできるかじしんがない。N3 no benkyou o shita koto wa shita ga, goukaku dekiru ka jishin ga nai.Although I studied for the JLPT N3, I don't have confidence I can pass...",https://jlptsensei.com/learn-japanese-grammar/%e3%81%93%e3%81%a8%e3%81%af%ef%bd%9e%e3%81%8c-koto-waga-meaning/
kurai / gurai,くらい / ぐらい,"Meaning: about; approximately. Learn Japanese Grammar 日本語文法 - JLPT N3 - くらい・ぐらい (kurai・gurai). Study guide, example sentences, and vocabulary list.","<table class=""table table-bordered table-sm usage""><tbody><tr><td>Verb (casual form)</td><td rowspan=""4"">くらい<br/>ぐらい</td></tr><tr><td>Noun</td></tr><tr><td>な-adjective + な</td></tr><tr><td>い-adjective</td></tr></tbody></table>",Example #1どれくらい日本に住んでいますか？hintromajiEnglishどれくらいにほんにすんでいますか？dore kurai nihon ni sundeimasu ka?How long have you been living in Japan?,Example #2どのぐらい練習したんですか？hintromajiEnglishどのぐらいれんしゅうしたんですか？dono gurai renshuu shitan desu ka?About how long did you practice?,https://jlptsensei.com/learn-japanese-grammar/%e3%81%8f%e3%82%89%e3%81%84-kurai-%e3%81%90%e3%82%89%e3%81%84-gurai-meaning/
kuse ni,くせに,Learn Japanese grammar: (kuse ni). Meaning: and yet; though; in spite of; despite ~. This can also be used as . This is similar in...,"<table class=""table table-bordered table-sm usage""><tbody><tr><td>Verb (dictionary form)</td><td rowspan=""4"">くせに</td></tr><tr><td>Noun + の</td></tr><tr><td>な-adjective + な</td></tr><tr><td>い-adjective</td></tr></tbody></table>","Example #1背が高いくせに早く走れない。hintromajiEnglishせがたかいくせにはやくはしれない。se ga takai kuse ni hayaku hashirenai.Despite being tall, he/she cannot run fast.","Example #2元気なくせに、病気のふりをしている。hintromajiEnglishげんきなくせに、びょうきのふりをしている。genkina kuse ni, byouki no furi o shiteiru.Although he is healthy, he is pretending to be sick.",https://jlptsensei.com/learn-japanese-grammar/%e3%81%8f%e3%81%9b%e3%81%ab-kuse-ni-meaning/
maru de,まるで,Learn Japanese grammar: (maru de). Meaning: as if; as though; just like ~.,"<table class=""table table-bordered table-sm usage""><tbody><tr><td rowspan=""2"">まるで</td><td>Verb (casual form) + よう</td></tr><tr><td>Noun + のよう</td></tr></tbody></table>",Example #1合格した！まるで夢のようだ。hintromajiEnglishごうかくした！まるでゆめのようだ。goukaku shita! marude yume no you da.I passed! It’s like a dream!,Example #2すごい！まるで魔法のようだ！hintromajiEnglishすごい！まるでまほうのようだ！sugoi! maru de mahou no you da!Amazing! It's just like magic!,https://jlptsensei.com/learn-japanese-grammar/%e3%81%be%e3%82%8b%e3%81%a7-maru-de-meaning/
masaka,まさか,Learn Japanese grammar: (masaka). Meaning: there’s no way; that’s impossible; you must be joking.,"<table class=""table table-bordered table-sm usage""><tbody><tr><td>まさか</td><td>Negative clause</td></tr></tbody></table>",Example #1まさかそうなるとは思わなかった。hintromajiEnglishまさかそうなるとはおもわなかった。masaka sou naru to wa omowanakatta.That's the last thing I expected.,Example #2僕はまさかそんなことはできないよ。hintromajiEnglishぼくはまさかそんなことはできないよ。boku wa masaka sonna koto wa dekinai yo.I could never do such a thing.,https://jlptsensei.com/learn-japanese-grammar/%e3%81%be%e3%81%95%e3%81%8b-masaka-meaning/
metta ni~nai,めったに～ない,Learn Japanese grammar: 【めったに～ない】(metta ni~nai). Meaning: hardly; rarely; seldom. Both the kanji and hiragana versions are commonly used.,"<table class=""table table-bordered table-sm usage""><tbody><tr><td>めったに</td><td>Verb (ない form)</td></tr><tr><td>Noun + は</td><td>めったにない</td></tr></tbody></table>",Example #1彼はめったに本を読まない。hintromajiEnglishかれはめったにほんをよまない。kare wa metta ni hon o yomanai.He rarely reads books.,Example #2彼女はめったに遊びに来ない。hintromajiEnglishかのじょはめったにあそびにこない。kanojo wa metta ni asobi ni konai.She rarely comes to see me.,https://jlptsensei.com/learn-japanese-grammar/%e3%82%81%e3%81%a3%e3%81%9f%e3%81%ab%ef%bd%9e%e3%81%aa%e3%81%84-metta-ni-nai-meaning/
mo~ba~mo,も～ば～も,Learn Japanese grammar: (mo~ba~mo). Meaning: and; also; as well; either/or; neither/nor. This is used to show both [A] and [B] exist together. It can be...,"<table class=""table table-bordered table-sm usage""><tbody><tr><td rowspan=""4"">Noun-1 + も</td><td>Verb（ば form)</td><td rowspan=""4"">Noun-2 + も</td></tr><tr><td>Noun + なら</td></tr><tr><td>な-adj + なら</td></tr><tr><td>い-adj + <s>い</s>ければ</td></tr></tbody></table>","Example #1本を読むのが好きな人もいれば、嫌いな人もいます。hintromajiEnglishほんをよむのがすきなひともいれば、きらいなひともいます。hon o yomu no ga sukina hito mo ireba, kiraina hito mo imasu.If there are people who like to read books, there will also be people who dislike it.","Example #2学生の態度もわるければ教師の態度もわるい。hintromajiEnglishがくせいのたいどもわるければきょうしのたいどもわるい。gakusei no taido mo warukereba kyoushi no taido mo warui.If the student's attitude is bad, then the teacher's attitude will also be bad.",https://jlptsensei.com/learn-japanese-grammar/%e3%82%82%ef%bd%9e%e3%81%b0%ef%bd%9e%e3%82%82-mobamo-meaning/
moshika shitara,もしかしたら,Learn Japanese grammar: (moshika shitara) & ( moshika suru to ). Meaning: perhaps; maybe; perchance; by any chance ~. This is mostly used in combination...,"<table class=""table table-bordered table-sm usage""><tbody><tr><td>もしかしたら<br/>もしかすると</td><td>phrase + かもしれない</td></tr></tbody></table>","Example #1もしかしたら、明日行けないかもしれない。hintromajiEnglishもしかしたら、あしたいけないかもしれない。moshika shitara, ashita ikenai kamo shirenai.I might not be able to come tomorrow.",Example #2もしかしたら病気かもしれない。hintromajiEnglishもしかしたらびょうきかもしれない。moshika shitara byouki kamoshirenai.I might be sick.,https://jlptsensei.com/learn-japanese-grammar/%e3%82%82%e3%81%97%e3%81%8b%e3%81%97%e3%81%9f%e3%82%89-moshika-shitara-%e3%82%82%e3%81%97%e3%81%8b%e3%81%99%e3%82%8b%e3%81%a8-meaning/
moshimo~tara,もしも〜たら,Learn Japanese grammar: (moshimo~tara). Meaning: if; in the case; supposing ~.,"<table class=""table table-bordered table-sm usage""><tbody><tr><td>もしも</td><td>Verb (た form) + ら</td></tr></tbody></table>","Example #1もしも明日は晴れたらピクニックに行きましょう。hintromajiEnglishもしもあしたははれたらピクニックにいきましょう。moshimo ashita wa haretara pikunikku ni ikimashou.If it's sunny tomorrow, let's go out for a picnic.","Example #2もしも日本に行けたら、大阪の友達に会いたいです。hintromajiEnglishもしもにほんにいけたら、おおさかのともだちにあいたいです。moshimo nihon ni iketara, oosaka no tomodachi ni aitai desu.If I could go to Japan, I would like to meet my friends in Osaka.",https://jlptsensei.com/learn-japanese-grammar/%e3%82%82%e3%81%97%e3%82%82%e3%80%9c%e3%81%9f%e3%82%89-moshimo-tara-meaning/
muke,向け（むけ）,Learn Japanese grammar: 【むけ】(muke). Meaning: intended for; aimed at ~.,"<table class=""table table-bordered table-sm usage""><tbody><tr><td>Noun</td><td>向け<br/>むけ</td></tr></tbody></table>",Example #1初心者向けのコースがありますか。hintromajiEnglishしょしんしゃむけのコースがありますか。shoshinsha muke no koosu ga arimasu ka.Do you have a course for beginners?,"Example #2この映画は子供向けなので、大人は見てもつまらない。hintromajiEnglishこのえいがはこどもむけなので、おとなはみてもつまらない。kono eiga wa kodomo muke nano de, otona wa mitemo tsumaranai.That movie is targeted for children, so it will be boring for adults who watch it.",https://jlptsensei.com/learn-japanese-grammar/%e5%90%91%e3%81%91-muke-meaning/
muki,向き（むき）,Learn Japanese grammar: 【むき】(muki). Meaning: suitable for ~.,"<table class=""table table-bordered table-sm usage""><tbody><tr><td>Noun</td><td>向き<br/>むき</td></tr></tbody></table>",Example #1この本は初心者向きである。hintromajiEnglishこのほんはしょしんしゃむきである。kono hon wa shoshinsha muki de aru.This book is suitable for beginners.,Example #2その映画は子供向きだ。hintromajiEnglishこのえいがはこどもむきだ。kono eiga wa kodomo muki da.This movie is suitable for children.,https://jlptsensei.com/learn-japanese-grammar/%e5%90%91%e3%81%8d-muki-meaning/
mushiro,むしろ,Learn Japanese grammar: (mushiro). Meaning: rather; instead; better ~.,"<table class=""table table-bordered table-sm usage""><tbody><tr><td>むしろ</td><td>phrase</td></tr></tbody></table>",Example #1私はむしろ一人で行きたい。hintromajiEnglishわたしはむしろひとりでいきたい。watashi wa mushiro hitori de ikitai.I would rather go alone.,Example #2私はむしろ電車で行くだろう。hintromajiEnglishわたしはむしろでんしゃでいくだろう。watashi wa mushiro densha de iku darou.I would likely rather go by train.,https://jlptsensei.com/learn-japanese-grammar/%e3%82%80%e3%81%97%e3%82%8d-mushiro-meaning/
nagara mo,ながらも,but; although; despite ~,<em>(no usage table)</em>,,,https://jlptsensei.com/learn-japanese-grammar/%e3%81%aa%e3%81%8c%e3%82%89%e3%82%82-nagara-mo-meaning/
nai koto wa nai,ないことはない,"Learn Japanese grammar: (nai koto wa nai). Meaning: can do; is not impossible to ~. This may imply that something is not impossible, but may...","<table class=""table table-bordered table-sm usage""><tbody><tr><td>Verb (ない form)</td><td rowspan=""4"">ことはない</td></tr><tr><td>Noun + ではない/じゃない</td></tr><tr><td>な-adjective + ではない/じゃない</td></tr><tr><td>い-adjective + <s>い</s>くない</td></tr></tbody></table>",Example #1走れば間に合わないことはないよ。急ごう！hintromajiEnglishはしればまにあわないことはないよ。いそごう！hashireba ma ni awanai koto wa nai yo. Isogou!We can still make it if we run. Let’s hurry up!,"Example #2嬉しくないことはないが、1位が良かった。hintromajiEnglishうれしくないことはないが、1いがよかった。ureshikunai koto wa nai ga, 1 i ga yokatta.It's not that I'm not happy, but I would have liked to of been 1st place.",https://jlptsensei.com/learn-japanese-grammar/%e3%81%aa%e3%81%84%e3%81%93%e3%81%a8%e3%81%af%e3%81%aa%e3%81%84-nai-koto-wa-nai-meaning/
naito,ないと,Learn Japanese grammar: (naito). Meaning: must do; unless/if you don’t ~. Meaning 1 – must do This is the shortened version of . See examples...,"<table class=""table table-bordered table-sm usage""><tbody><tr><td>Verb (ない form)</td><td rowspan=""4"">と</td></tr><tr><td>Noun + でない / じゃない</td></tr><tr><td>な-adjective + でない / じゃない</td></tr><tr><td>い-adjective + <s>い</s>くない</td></tr></tbody></table>",Example #1もう行かないと...hintromajiEnglishもういかないと...mou ikanai to.I have to go now...,Example #2宿題をやらないと。hintromajiEnglishしゅくだいをやらないと。shukudai o yaranai to.I have to do my homework.,https://jlptsensei.com/learn-japanese-grammar/%e3%81%aa%e3%81%84%e3%81%a8-naito-meaning/
nakanaka,なかなか,Learn Japanese grammar: (nakanaka). Meaning: very; quite; pretty; rather; just not ~. Usage 1) なかなか + Noun / Adjective When なかなか is used with a...,"<table class=""table table-bordered table-sm usage""><tbody><tr><td rowspan=""3"">なかなか</td><td>Verb</td></tr><tr><td>Noun</td></tr><tr><td>Adjective</td></tr></tbody></table>",Example #1なかなか面白そうです。hintromajiEnglishなかなかおもしろそうです。nakanaka omoshiro sou desu.That sounds quite interesting.,Example #2彼はなかなか本を読む。hintromajiEnglishかれはなかなかほんをよむ。kare wa nakanaka hon o yomu.He reads quite a lot of books.,https://jlptsensei.com/learn-japanese-grammar/%e3%81%aa%e3%81%8b%e3%81%aa%e3%81%8b-nakanaka-meaning/
nanka / nante / nado,なんか / なんて / など,"Learn Japanese grammar: (nanka), (nante), (nado). Meaning: give examples; things like; something like; show modesty; make light of ~. This used to either: How are...","<table class=""table table-bordered table-sm usage""><tbody><tr><td>Noun</td><td>なんか<br/>なんて<br/>など</td></tr></tbody></table>","Example #1試験も近いし、テレビなど見ている暇はない。hintromajiEnglishしけんもちかいし、テレビなどみているひまはない。shiken mo chikai shi, terebi nado miteiru hima wa nai.Exams are close and I don't have time to do things like watch TV.","Example #2中国語やスペイン語など、仕事で役に立ちそうな外国語を勉強したいです。hintromajiEnglishちゅうごくごやスペインごなど、しごとでやくにたちそうながいこくごをべんきょうしたいです。chuugokugo ya supeingo nado, shigoto ni yaku ni tachi sou na gaikokugo o benkyou shitai desu.I want to study foreign languages that would be useful for work, like Chinese or Spanish.",https://jlptsensei.com/learn-japanese-grammar/%e3%81%aa%e3%82%93%e3%81%8b-nanka-%e3%81%aa%e3%82%93%e3%81%a8-nante-%e3%81%aa%e3%81%a9-nado-meaning/
naosu,直す（なおす）,to do something again; to do over,<em>(no usage table)</em>,,,https://jlptsensei.com/learn-japanese-grammar/%e7%9b%b4%e3%81%99-%e3%81%aa%e3%81%8a%e3%81%99-naosu-meaning/
naru beku,なるべく,Learn Japanese grammar: (naru beku). Meaning: as much as possible.,"<table class=""table table-bordered table-sm usage""><tbody><tr><td>なるべく</td><td>action</td></tr></tbody></table>",Example #1なるべく気をつけてください。hintromajiEnglishなるべくきをつけてください。naru beku ki o tsukete kudasai.Be as careful as you can!,Example #2なるべく運動すべきです。hintromajiEnglishなるべくうんどうすべきです。naru beku undou subeki desu.You should exercise as much as possible.,https://jlptsensei.com/learn-japanese-grammar/%e3%81%aa%e3%82%8b%e3%81%b9%e3%81%8f-naru-beku-meaning/
nazenara,なぜなら,"Meaning: because; show reasoning. Learn Japanese Grammar 日本語文法 - JLPT N3 - なぜなら (nazenara). Study formation guide, example sentences, and vocabulary list.","<table class=""table table-bordered table-sm usage""><tbody><tr><td>Result</td><td>なぜなら（ば）<br/>なぜかというと<br/>どうしてかというと</td><td>reason</td></tr></tbody></table>",Example #1なぜなら彼は病気だったからです。hintromajiEnglishなぜならかれはびょうきだったからです。nazenara kare wa byouki datta kara desu.The reason is because he was sick.,"Example #2私は毎日本を読みます。なぜかというと、本が大好きだからです。hintromajiEnglishわたしはまいにちほんをよみます。なぜかというと、ほんがだいすきだからです。watashi wa mainichi hon o yomimasu. naze ka to iu to, hon ga daisuki dakara desu.I read books everyday. The reason is because I love books.",https://jlptsensei.com/learn-japanese-grammar/%e3%81%aa%e3%81%9c%e3%81%aa%e3%82%89-nazenara-meaning/
ndatte,んだって,"Meaning: I hear that (using quote). Learn Japanese Grammar 日本語文法 - JLPT N3 - んだって (ndatte). Study guide, example sentences, and vocabulary list.","<table class=""table table-bordered table-sm usage""><tbody><tr><td>Verb (casual)</td><td rowspan=""4"">んだって<br/>んですって</td></tr><tr><td>Noun + な</td></tr><tr><td>な-adjective + な</td></tr><tr><td>い-adjective</td></tr></tbody></table>","Example #1彼、彼女ができたんだって。hintromajiEnglishかれ、かのじょができたんだって。kare, kanojo ga dekita ndatte.I heard he got a girlfriend.",Example #2知らないんだって。hintromajiEnglishしらないんだって。shiranai nda tte.They said that they did not know.,https://jlptsensei.com/learn-japanese-grammar/%e3%82%93%e3%81%a0%e3%81%a3%e3%81%a6-n-datte-tte-meaning/
ni chigai nai,に違いない（にちがいない）,Learn Japanese grammar: 【にちがいない】(ni chigai nai). Meaning: I’m sure/ certain; no doubt that ~.,"<table class=""table table-bordered table-sm usage""><tbody><tr><td>Verb (casual form)</td><td rowspan=""4"">に違いない</td></tr><tr><td>Noun</td></tr><tr><td>な-adjective</td></tr><tr><td>い-adjective</td></tr></tbody></table>",Example #1それは痛いに違いない。hintromajiEnglishそれはいたいにちがいない。sore wa itai ni chigai nai.I bet that hurts.,Example #2彼はまだ寝ているに違いない。hintromajiEnglishかれはまだねているにちがいない。kare wa mada neteiru ni chigai nai.I'm sure he's still sleeping.,https://jlptsensei.com/learn-japanese-grammar/%e3%81%ab%e9%81%95%e3%81%84%e3%81%aa%e3%81%84-ni-chigai-nai-meaning/
ni hanshite,に反して（にはんして）,Learn Japanese grammar: 【にはんして】(ni hanshite) / 【にはんする】(ni hansuru). Meaning: against; contrary to; in contrast to ~.,"<table class=""table table-bordered table-sm usage""><tbody><tr><td>Noun</td><td>に反して<br/>に反する</td></tr></tbody></table>",Example #1彼の話は事実に反する。hintromajiEnglishかれのはなしはじじつにはんする。kare no hanashi wa jijitsu ni hansuru.What he has said is contrary to the facts.,"Example #2予想に反して彼は成功した。hintromajiEnglishよそうにはんしてかれはせいこうした。yosou ni hanshite kare wa seikou shita.Contrary to my expectation, he succeeded.",https://jlptsensei.com/learn-japanese-grammar/%e3%81%ab%e5%8f%8d%e3%81%97%e3%81%a6-ni-hanshite-meaning/
ni kakete,にかけて,Learn Japanese grammar: (ni kakete). Meaning: over (a period); through; concerning; regarding ~. This grammar is used when the speaker is either praising someone else...,"<table class=""table table-bordered table-sm usage""><tbody><tr><td>Noun</td><td>にかけて（は）<br/>にかけて（も）</td></tr></tbody></table>","Example #1テニスにかけては、彼に勝てる人はいない。hintromajiEnglishテニスにかけては、かれにかてるひとはいない。tenisu ni kakete wa, kare ni kateru hito wa inai.There is no one who can beat him in tennis.","Example #2マンガにかけては、私より詳しい人はいません。hintromajiEnglishマンガにかけては、わたしよりくわしいひとはいません。manga ni kakete wa, watashi yori kuwashii hito wa imasen.Regarding manga, there is nobody who knows as much as I do.",https://jlptsensei.com/learn-japanese-grammar/%e3%81%ab%e3%81%8b%e3%81%91%e3%81%a6-ni-kakete-meaning/
ni kan suru / ni kan shite,に関する / に関して（にかんする / にかんして）,Learn Japanese grammar: 【にかんする】(ni kan suru) & 【にかんして】 (ni kan shite). Meaning: about; regarding; related to ~.,"<table class=""table table-bordered table-sm usage""><tbody><tr><td>Noun</td><td>に関して(は）<br/>に関する</td></tr></tbody></table>",Example #1それに関しては彼は初心者だ。hintromajiEnglishそれにかんしてはかれはしょしんしゃだ。sore ni kanshite wa kare wa shoshinsha da.He is a beginner in regards to that.,Example #2配送に関して希望はありますか？hintromajiEnglishはいそうにかんしてきぼうはありますか？haisou ni kanshite kibou wa arimasu ka?Do you have any requests regarding delivery?,https://jlptsensei.com/learn-japanese-grammar/%e3%81%ab%e9%96%a2%e3%81%99%e3%82%8b-%e3%81%ab%e9%96%a2%e3%81%97%e3%81%a6-ni-kan-suru-ni-kan-shite-meaning/
ni kawatte / ni kawari,にかわって / にかわり,"Meaning: instead of; on behalf of. Learn Japanese Grammar 日本語文法 - JLPT N3 - にかわって (ni kawatte). Study guide, example sentences, and vocabulary list.","<table class=""table table-bordered table-sm usage""><tbody><tr><td>Noun (person)</td><td>にかわって<br/>にかわり</td></tr></tbody></table>","Example #1弟は、母にかわってご飯を作った。hintromajiEnglishおとうとは、ははにかわってごはんをつくった。otouto wa, haha ni kawatte gohan o tsukutta.My little brother made dinner instead of my mom.","Example #2部長にかわり、私は会議に参加しました。hintromajiEnglishぶちょうにかわり、わたしはかいぎにさんかしました。buchou ni kawari, watashi wa kaigi ni sanka shimashita.I participated in the meeting instead of my manager.",https://jlptsensei.com/learn-japanese-grammar/%e3%81%ab%e3%81%8b%e3%82%8f%e3%81%a3%e3%81%a6-ni-kawatte-%e3%81%ab%e3%81%8b%e3%82%8f%e3%82%8a-ni-kawari-meaning/
ni kurabete,に比べて（にくらべて）,"Learn Japanese grammar: 【にくらべて】(ni kurabete). Meaning: compared to; in comparison to ~. This can be conjugated into various formats, including: に比べると (ni kureberu to). に比べれば...","<table class=""table table-bordered table-sm usage""><tbody><tr><td>Noun</td><td>に比べて<br/>に比べると<br/>に比べれば<br/>に比べ</td></tr></tbody></table>","Example #1昨日に比べて、今日は少し寒いね。hintromajiEnglishきのうにくらべて、きょうはすこしさむいね。kinou ni kurabete, kyou wa sukoshi samui ne.It's a bit cold today compared to yesterday.","Example #2ロンドンはパリに比べると大きい。hintromajiEnglishロンドンはパリにくらべるとおおきい。rondon wa pari ni kuraberu to ookii.London is large, compared with Paris.",https://jlptsensei.com/learn-japanese-grammar/%e3%81%ab%e6%af%94%e3%81%b9%e3%81%a6-ni-kurabete-meaning/
ni nareru,に慣れる（になれる）,Learn Japanese grammar: 【になれる】(ni nareru). Meaning: to be used to something.,"<table class=""table table-bordered table-sm usage""><tbody><tr><td>Noun</td><td>に慣れる<br/>になれる</td></tr></tbody></table>",Example #1私は日本の生活に慣れるまでが大変だった。hintromajiEnglishわたしはにほんのせいかつになれるまでがたいへんだった。watashi wa nihon no seikatsu ni nareru made ga taihen datta.It was tough before I got used to life in Japan.,Example #2私は早起きするのに慣れていない。hintromajiEnglishわたしははやおきするのになれていない。watashi wa hayaoki suru no ni nareteinai.I am not used to getting up early.,https://jlptsensei.com/learn-japanese-grammar/%e3%81%ab%e6%85%a3%e3%82%8c%e3%82%8b-%e3%81%ab%e3%81%aa%e3%82%8c%e3%82%8b-ni-nareru-meaning/
ni oite / ni okeru,において / における,Learn Japanese grammar: (ni oite) / (ni okeru). Meaning: in; at (place); regarding; as for; in relation to ~. This can be used similarly to...,"<table class=""table table-bordered table-sm usage""><tbody><tr><td>Noun</td><td>において<br/>における + Noun</td></tr></tbody></table>",Example #1私は全てにおいて頑張ります。hintromajiEnglishわたしはすべてにおいてがんばります。watashi wa subete ni oite ganbarimasu.I do my best with everything.,"Example #2当時においては、海外旅行など夢のようなことだった。hintromajiEnglishとうじにおいては、かいがいりょこうなどゆめのようなことだった。touji ni oite wa, kaigai ryokou nado yume no youna koto datta.Back then, traveling abroad was like a dream.",https://jlptsensei.com/learn-japanese-grammar/%e3%81%ab%e3%81%8a%e3%81%84%e3%81%a6-ni-oite-%e3%81%ab%e3%81%8a%e3%81%91%e3%82%8b-ni-okeru-meaning/
ni shitagatte,にしたがって,Learn Japanese grammar: 【にしたがって】(ni shitagatte). Meaning: as; therefore; in accordance with; according to; consequently ~. Both the kanji and hiragana forms are used (に従って).,"<table class=""table table-bordered table-sm usage""><tbody><tr><td>Verb (dictionary form)</td><td rowspan=""2"">に従って<br/>にしたがって<br/>に従い<br/>にしたがい</td></tr><tr><td>Noun</td></tr></tbody></table>","Example #1暗くなるにしたがって、だんだん寒くなってきました。hintromajiEnglishくらくなるにしたがって、だんだんさむくなってきました。kuraku naru ni shitagatte, dandan samuku natte kimashita.It began to get colder as it got darker.","Example #2年をとるにしたがって、病気になりやすくなります。hintromajiEnglishとしをとるにしたがって、びょうきになりやすくなります。toshi o toru ni shitagatte, byouki ni nari yasuku narimasu.As one gets older, it becomes easier to get sick.",https://jlptsensei.com/learn-japanese-grammar/%e3%81%ab%e3%81%97%e3%81%9f%e3%81%8c%e3%81%a3%e3%81%a6-ni-shitagatte-meaning/
ni shite mo,にしても,Learn Japanese grammar: (ni shite mo). Meaning: even if; even though; regardless of ~.,"<table class=""table table-bordered table-sm usage""><tbody><tr><td>Verb (casual)</td><td rowspan=""4"">にしても</td></tr><tr><td>Noun + (である)</td></tr><tr><td>な-adjective + (である)</td></tr><tr><td>い-adjective</td></tr></tbody></table>",Example #1どちらにしても賛成できない。hintromajiEnglishどちらにしてもさんせいできない。dochira ni shite mo sansei dekinai.In either case I cannot agree.,"Example #2いずれにしても同じ結果になる。hintromajiEnglishいずれにしてもおなじけっかになる。izure ni shite mo onaji kekka ni naru.Either way, both lead to the same result.",https://jlptsensei.com/learn-japanese-grammar/%e3%81%ab%e3%81%97%e3%81%a6%e3%82%82-ni-shite-mo-meaning/
ni shite wa,にしては,Learn Japanese grammar: (ni shite wa). Meaning: for; considering it’s (something or someone).,"<table class=""table table-bordered table-sm usage""><tbody><tr><td>Verb (casual)</td><td rowspan=""2"">にしては</td></tr><tr><td>Noun</td></tr></tbody></table>","Example #1今４月にしては、ちょっと暑いですね。hintromajiEnglishいま４がつにしては、ちょっとあついですね。ima 4 gatsu ni shite wa, chotto atsui desu ne.It's a bit hot for April.","Example #2初めてケーキを作ったにしては、上手にできましたね。hintromajiEnglishはじめてケーキをつくったにしては、じょうずにできましたね。hajimete keeki o tsukutta ni shite wa, jouzu ni dekimashita ne.You did a good job with the cake considering it was your first time.",https://jlptsensei.com/learn-japanese-grammar/%e3%81%ab%e3%81%97%e3%81%a6%e3%81%af-ni-shite-wa-meaning/
ni taishite,に対して（にたいして）,Learn Japanese grammar: 【にたいして】(ni taishite). Meaning: towards; against; regarding; in contrast with ~​.,"<table class=""table table-bordered table-sm usage""><tbody><tr><td>Noun</td><td>に対して</td></tr></tbody></table>",Example #1彼は女性に対しては優しい。hintromajiEnglishかれはかのじょにたいしてはやさしい。kare wa kanojo ni taishite wa yasashii.He is kind towards her.,"Example #2お客さんに対して、そのような言葉遣いをしてはいけません。hintromajiEnglishおきゃくさんにたいしては、そのようなことばづかいをしてはいけません。okyakusan ni taishite wa, sono you na kotoba dzukai o shite wa ikemasen.You must not speak towards customers that way.",https://jlptsensei.com/learn-japanese-grammar/%e3%81%ab%e5%af%be%e3%81%97%e3%81%a6-%e3%81%ab%e3%81%9f%e3%81%84%e3%81%97%e3%81%a6-ni-taishite-meaning/
ni totte,にとって,Meaning: demonstrates standpoint; to; for; concerning. Learn Japanese Grammar 日本語文法 - JLPT N3 - にとって (ni totte). Study example sentences & vocabulary list.,"<table class=""table table-bordered table-sm usage""><tbody><tr><td>Noun</td><td>にとって（は/も）</td></tr></tbody></table>","Example #1私にとって、漢字の勉強はとても楽しい。hintromajiEnglishわたしにとって、かんじのべんきょうはとてもたのしい。watashi ni totte, kanji no benkyou wa totemo tanoshii.For me, studying kanji is a lot of fun!","Example #2あなたにとって、一番大切な物は何ですか？hintromajiEnglishあなたにとって、いちばんたいせつなものはなんですか？anata ni totte, ichiban taisetsu na mono wa nan desu ka?What is the most important thing for you?",https://jlptsensei.com/learn-japanese-grammar/%e3%81%ab%e3%81%a8%e3%81%a3%e3%81%a6-ni-totte-meaning/
ni tsuite,について,Learn Japanese grammar: (ni tsuite). Meaning: concerning; regarding; about; on ~.,"<table class=""table table-bordered table-sm usage""><tbody><tr><td>Noun</td><td>について</td></tr></tbody></table>",Example #1この問題についてどう思いますか。hintromajiEnglishこのもんだいについてどうおもいますか。kono mondai ni tsuite dou omoimasu ka.What do you think about this problem?,Example #2あなたの国についていろいろと教えてください。hintromajiEnglishあなたのくにについていろいろとおしえてください。anata no kuni ni tsuite iroiro to oshiete kudasai.Please tell me more about your country.,https://jlptsensei.com/learn-japanese-grammar/%e3%81%ab%e3%81%a4%e3%81%84%e3%81%a6-ni-tsuite-meaning/
ni tsurete,につれて,Learn Japanese grammar: (ni tsurete) & (ni tsure). Meaning: as; in proportion to; with; as… then ~. This can also be shortened to just につれ...,"<table class=""table table-bordered table-sm usage""><tbody><tr><td>Verb (dictionary form)</td><td rowspan=""2"">につれて<br/>につれ</td></tr><tr><td>Noun</td></tr></tbody></table>","Example #1台風が近づくにつれて、どんどん風が強くなってきた。hintromajiEnglishたいふうがちかづくにつれて、どんどんかぜがつよくなってきた。taifuu ga chikazuku ni tsurete, dondon kaze ga tsuyoku natte kita.As the typhoon came closer, the wind gradually got stronger.","Example #2日本語が上手になるにつれて、日本での生活が楽しくなってきた。hintromajiEnglishにほんごがじょうずになるにつれて、にほんでのせいかつがたのしくなってきた。nihongo ga jouzu ni naru ni tsurete, nihon de no seikatsu ga tanoshiku natte kita.As I continued to improve my Japanese, life in Japan became more enjoyable.",https://jlptsensei.com/learn-japanese-grammar/%e3%81%ab%e3%81%a4%e3%82%8c%e3%81%a6-ni-tsurete-%e3%81%ab%e3%81%a4%e3%82%8c-ni-tsure-meaning/
ni wa,には,Learn Japanese grammar: (ni wa). Meaning: for the purpose of; in order to ~.,"<table class=""table table-bordered table-sm usage""><tbody><tr><td>Verb (dictionary form)</td><td>には</td></tr></tbody></table>","Example #1日本語が上手になるには、どうしたらいいですか。hintromajiEnglishにほんごがじょうずになるには、どうしたらいいですか。nihongo ga jouzu ni naru ni wa, dou shitara ii desu ka?What should I do to improve my Japanese?","Example #2図書館の本を借りるには、このカードが必要です。hintromajiEnglishとしょかんのほんをかりるには、このカードがひつようです。toshokan no hon o kariru ni wa, kono kaado ga hitsuyou desu.In order to borrow a book from the library, you need this card.",https://jlptsensei.com/learn-japanese-grammar/%e3%81%ab%e3%81%af-ni-wa-meaning/
ni yoru to/ni yoreba,によると /によれば,Learn Japanese grammar: (ni yoru to) / (ni yoreba). Meaning: according to ~.,"<table class=""table table-bordered table-sm usage""><tbody><tr><td>Noun</td><td>によると<br/>によれば</td></tr></tbody></table>","Example #1天気予報によると、明日は雨だそうです。hintromajiEnglishてんきよほうによると、あしたはあめだそうです。tenki yohou ni yoru to, ashita wa ame da sou desu.According to the weather report, tomorrow it looks like it will rain.","Example #2私の聞いたところによると、彼らは別れそうだ。hintromajiEnglishわたしのきいたところによると、かれらはわかれそうだ。watashi no kiita tokoro ni yoru to, karera wa wakare sou da.According to what I heard, they have broken up.",https://jlptsensei.com/learn-japanese-grammar/%e3%81%ab%e3%82%88%e3%82%8b%e3%81%a8-%e3%81%ab%e3%82%88%e3%82%8c%e3%81%b0-ni-yoru-to-ni-yoreba-meaning/
ni yotte / ni yoru,によって / による,Learn Japanese grammar: (ni yotte) / (ni yoru) / (ni yori). Meaning: by means of; due to; owing to; because of ~.,"<table class=""table table-bordered table-sm usage""><tbody><tr><td>Noun</td><td>によって<br/>により<br/>による</td></tr></tbody></table>",Example #1それは場合による。hintromajiEnglishそれはばあいによる。sore wa baai ni yoru.That depends on the situation.,Example #2人によって考え方が違う。hintromajiEnglishひとによってかんがえがたがちがう。hito ni yotte kangaegata ga chigau.Everyone has a different way of thinking.,https://jlptsensei.com/learn-japanese-grammar/%e3%81%ab%e3%82%88%e3%81%a3%e3%81%a6-%e3%81%ab%e3%82%88%e3%82%8b-ni-yotte-ni-yoru-meaning/
no deshou ka,のでしょうか,Learn Japanese grammar: (no deshou ka). Meaning: ask a question in a polite way.,"<table class=""table table-bordered table-sm usage""><tbody><tr><td>Verb (casual)</td><td rowspan=""4"">のでしょうか<br/>んでしょうか</td></tr><tr><td>Noun + な</td></tr><tr><td>な-adjective + な</td></tr><tr><td>い-adjective</td></tr></tbody></table>",Example #1明日は晴れるのでしょうか。hintromajiEnglishあしたははれるのでしょうか。ashita wa hareru no deshou ka?I wonder if it will be clear tomorrow.,Example #2彼らはそれをどうするつもりなのでしょうか。hintromajiEnglishかれらはそれをどうするつもりなのでしょうか。karera wa sore o dousuru tsumori na no deshou ka?What do they plan on doing with that?,https://jlptsensei.com/learn-japanese-grammar/%e3%81%ae%e3%81%a7%e3%81%97%e3%82%87%e3%81%86%e3%81%8b-no-deshou-ka-meaning/
o chuushin ni,を中心に（をちゅうしんに）,Learn Japanese grammar: 【をちゅうしんに】(o chuushin ni). Meaning: focused on; centered on~. This can be conjugated in various forms: を中心に (o chuushin ni) を中心として (o chuushin...,"<table class=""table table-bordered table-sm usage""><tbody><tr><td>Noun</td><td>を中心に<br/>を中心として<br/>を中心とした<br/>を中心とする</td></tr></tbody></table>","Example #1文法を中心に、日本語を勉強する。hintromajiEnglishぶんぽうをちゅうしんに、にほんごをべんきょうする。bunpou o chuushin ni, nihongo o benkyou suru.To study Japanese with a focus on grammar.","Example #2私の人生はすべて、家族を中心に回っている。hintromajiEnglishわたしのじんせいはすべて、かぞくをちゅうしんにまわっていた。watashi no jinsei wa subete, kazoku o chuushin ni mawatteiru.Everything in my life revolves around family.",https://jlptsensei.com/learn-japanese-grammar/%e3%82%92%e4%b8%ad%e5%bf%83%e3%81%ab-o-chuushin-ni-meaning/
o hajime,をはじめ,"Learn Japanese grammar: (o hajime) & (o hajime to suru). Meaning: for example; starting with ~. This is often written in hiragana form, but may...","<table class=""table table-bordered table-sm usage""><tbody><tr><td>Noun</td><td>をはじめ<br/>をはじめとする</td></tr></tbody></table>","Example #1東京には東京タワーをはじめ多くの観光地がある。hintromajiEnglishとうきょうにはとうきょうタワーをはじめおおくのかんこうちがある。toukyou ni wa toukyou tawaa o hajime ooku no kankouchi ga aru.In Tokyo, there are many tourist attractions like Tokyo Tower and so on.","Example #2日本のアニメはドラゴンボールをはじめ、面白いものが多い。hintromajiEnglishにほんのアニメはドラゴンボールをはじめ、おもしろいものがおおい。nihon no anime wa doragon booru o hajime, omoshiroi mono ga ooi.There are many interesting Japanese anime, like Dragon Ball and so on.",https://jlptsensei.com/learn-japanese-grammar/%e3%82%92%e3%81%af%e3%81%98%e3%82%81%e3%81%a8%e3%81%99%e3%82%8b-o-hajime-to-suru-meaning/
o komete,を込めて（をこめて）,"Learn Japanese grammar: 【をこめて】(o komete). Meaning: filled with; full of~. This is often used with positive things like love, prayers, well wishes, etc.","<table class=""table table-bordered table-sm usage""><tbody><tr><td>Noun</td><td>を込めて<br/>をこめて</td></tr></tbody></table>",Example #1彼女に愛を込めて手紙を書きました。hintromajiEnglishかのじょにあいをこめててがみをかきました。kanojo ni ai o komete tegami o kakimashita.I wrote her a letter full of my love.,"Example #2平和への願いを込めて、この歌を作りました。hintromajiEnglishへいわへのねがいをこめて、このうたをつくりました。heiwa e no negai o komete, kono uta o tsukuri mashita.I wrote this song filled with my wish for peace.",https://jlptsensei.com/learn-japanese-grammar/%e3%82%92%e8%be%bc%e3%82%81%e3%81%a6-%e3%82%92%e3%81%93%e3%82%81%e3%81%a6-o-komete-meaning/
o tsuujite / o tooshite,を通じて / を通して（をつうじて / をとおして）,"Learn Japanese grammar: 【をつうじて】(o tsuujite) / 【をとおして】(o tooshite). Meaning: through; via; throughout; by ~. Both are mostly interchangeable, but most Japanese people will more regularly...","<table class=""table table-bordered table-sm usage""><tbody><tr><td>Noun</td><td>を通じて【をつうじて】<br/>を通して【をとおして】</td></tr></tbody></table>",Example #1そのことは新聞を通じて知った。hintromajiEnglishそのことはしんぶんをつうじてしった。sono koto wa shinbun o tsuujite shitta.I learned that from a newspaper.,"Example #2この駅前広場では年間を通じて様々なイベントが催される。hintromajiEnglishこのえきまえひろばではねんかんをつうじてさまざまなイベントがもよおされる。kono ekimae hiroba de wa nenkan o tsuujite samazamana ibento ga moyoosareru.At the public square in front of this station, throughout the year there are various events held.",https://jlptsensei.com/learn-japanese-grammar/%e3%82%92%e9%80%9a%e3%81%98%e3%81%a6-%e3%82%92%e9%80%9a%e3%81%97%e3%81%a6-o-tsuujite-o-tooshite-meaning/
okage de,おかげで,"Meaning: gratitude; good result for speaker. Learn Japanese Grammar 日本語文法 - JLPT N3 - おかげ (okage). Study guide, example sentences, and vocabulary list.","<table class=""table table-bordered table-sm usage""><tbody><tr><td>Verb (casual)</td><td rowspan=""4"">おかげで</td></tr><tr><td>Noun + の</td></tr><tr><td>な-adjective + な</td></tr><tr><td>い-adjective</td></tr></tbody></table>","Example #1彼女のおかげで、私は毎日幸せだ。hintromajiEnglishかのじょのおかげで、わたしはまいにちしあわせだ。kanojo no okage de, watashi wa mainichi shiawase da.Thanks to her, I am happy everyday.",Example #2日本へ来たおかげで、日本語が上手になりました。hintromajiEnglishにほんへきたおかげでにほんごがじょうずになりました。nihon e kita okage de nihongo ga jouzu ni narimashita.I improved my Japanese because I came to Japan.,https://jlptsensei.com/learn-japanese-grammar/%e3%81%8a%e3%81%8b%e3%81%92%e3%81%a7-okage-de-meaning/
ppanashi,っぱなし,"Meaning: leaving [x] on / still in use. Learn Japanese Grammar 日本語文法 - JLPT N3 - っぱなし (ppanashi). Study guide, example sentences, and vocabulary list.","<table class=""table table-bordered table-sm usage""><tbody><tr><td>Verb <s>ます</s> (stem form)</td><td>っぱなし</td></tr></tbody></table>",Example #1このドアはいつも開けっぱなしだ。hintromajiEnglishこのドアはいつもあけっぱなしだ。kono doa wa itsumo ake ppanashi da.This door is always left open.,Example #2水を出しっぱなしにしないでください。hintromajiEnglishみずをだしっぱなしにしないでください。mizu o dashi ppanashi ni shinaide kudasai.Please do not leave the water running.,https://jlptsensei.com/learn-japanese-grammar/%e3%81%a3%e3%81%b1%e3%81%aa%e3%81%97-ppanashi-meaning/
ppoi,っぽい,Learn Japanese grammar: (ppoi). Meaning: seems like; somewhat; -ish; easily does; often does ~. Usage 1: Noun / い-adj + っぽい When following a noun...,"<table class=""table table-bordered table-sm usage""><tbody><tr><td>Verb <s>ます</s> (stem form)</td><td rowspan=""3"">っぽい</td></tr><tr><td>Noun</td></tr><tr><td>い-adjective <s>い</s></td></tr></tbody></table>",Example #1油っぽい食事は好きじゃない。hintromajiEnglishあぶらっぽいしょくじはすきじゃない。abura ppoi shokuji wa suki janai.I don't like oily foods.,Example #2私はあなたの子供っぽいところが好きです。hintromajiEnglishわたしはあなたのこどもっぽいところがすきです。watashi wa anata no kodomo ppoi tokoro ga suki desu.I like your childish side.,https://jlptsensei.com/learn-japanese-grammar/%e3%81%a3%e3%81%bd%e3%81%84-ppoi-meaning/
sae,さえ,"Learn Japanese grammar: (sae). Meaning: even; so much as; not even~. To emphasize more, use でさえ (de sae). To emphasize even more, use でさえも (de...","<table class=""table table-bordered table-sm usage""><tbody><tr><td>Noun</td><td>（で）さえ（も）</td></tr></tbody></table>","Example #1そんなこと、子供でさえ知っている。hintromajiEnglishそんなこと、こどもでさえしっている。sonna koto, kodomo de sae shitteiru.Even children know that.","Example #2忙しすぎて、ご飯を食べる時間さえない。hintromajiEnglishいそがしすぎて、ごはんをたべるじかんさえない。isogashisugite, gohan o taberu jikan sae nai.I'm so busy I don't even have time to eat.",https://jlptsensei.com/learn-japanese-grammar/%e3%81%95%e3%81%88-sae-%e3%81%a7%e3%81%95%e3%81%88%e3%82%82-meaning/
sae~ba,さえ～ば,"Learn Japanese grammar: (sae~ba). Meaning: if only; as long as ~. Review the lesson for if necessary. When used without conditional form, this because a...","<table class=""table table-bordered table-sm usage""><tbody><tr><td>Verb <s>ます</s> (stem form)</td><td>さえすれば</td></tr><tr><td>Verb (て form)</td><td>さえいれば</td></tr><tr><td>Noun</td><td>さえ + Verb (ば form)</td></tr></tbody></table>",Example #1お金さえあれば幸せです。hintromajiEnglishおかねさえあればしあわせです。okane sae areba shiawase desu.I'm happy as long as I have money.,Example #2薬を飲みさえすれば治ります。hintromajiEnglishくすりをのみさえすればなおります。kusuri o nomi sae sureba naorimasu.You'll get better if you take your medicine.,https://jlptsensei.com/learn-japanese-grammar/%e3%81%95%e3%81%88%ef%bd%9e%e3%81%b0-sae-ba-meaning/
sai ni,際に（さいに）,"Learn Japanese grammar: 【さいに】(sai ni). Meaning: when; at the time of; in the case of ~. This is a more formal version of , which...","<table class=""table table-bordered table-sm usage""><tbody><tr><td>Verb (dictionary form)</td><td rowspan=""4"">際に（は）<br/>際は</td></tr><tr><td>Verb (た form)</td></tr><tr><td>Noun + の</td></tr><tr><td>この・その・あの</td></tr></tbody></table>",Example #1あなたが日本へ来る際には連絡ください。hintromajiEnglishあなたがにほんへくるさいにはれんらくください。anata ga nihon e kuru sai ni wa renraku kudasai.Please contact me if you come to Japan.,Example #2お帰りの際には忘れ物のないようご注意ください。hintromajiEnglishおかえりのさいにはわすれもののないようにごちゅういください。okaeri no sai niwa wasuremono no nai you gochuui kudasai.Please don’t leave anything behind when you go home.,https://jlptsensei.com/learn-japanese-grammar/%e9%9a%9b%e3%81%ab-sai-ni-meaning/
saichuu ni,最中に（さいちゅうに）,"Learn Japanese grammar: 【さいちゅうに】(saichuu ni). Meaning: while; during; in the middle of ~. This is used to express when something happens in the middle of,...","<table class=""table table-bordered table-sm usage""><tbody><tr><td>Verb (ている form)</td><td rowspan=""2"">最中に<br/>最中だ</td></tr><tr><td>Noun + の</td></tr></tbody></table>",Example #1食事の最中に大きな地震が起こった。hintromajiEnglishしょくじのさいちゅうにおおきなじしんがおこった。shokuji no saichuu ni ookina jishin ga okotta.During dinner there was a big earthquake.,Example #2私はテニスの最中に自分で怪我をしてしまった。hintromajiEnglishわたしはテニスのさいちゅうにじぶんでけがをしてしまった。watashi wa tenisu no saichuu ni jibun de kega o shite shimatta.I hurt myself while I was playing tennis.,https://jlptsensei.com/learn-japanese-grammar/%e7%9c%9f%e3%81%a3%e6%9c%80%e4%b8%ad%e3%81%ab-%e3%81%be%e3%81%a3%e3%81%95%e3%81%84%e3%81%a1%e3%82%85%e3%81%86%e3%81%ab-saichuu-ni-meaning/
sara ni,さらに,Learn Japanese grammar: 更に 【】(sara ni). Meaning: furthermore; again; more and more ~.,"<table class=""table table-bordered table-sm usage""><tbody><tr><td>さらに</td><td>phrase</td></tr></tbody></table>",Example #1彼は父親よりさらに背が高い。hintromajiEnglishかれはちちおやよりさらにせがたかい。kare wa chichioya yori sara ni se ga takai.He is even taller than his father.,"Example #2いらっしゃい！いらっしゃい！今日はいつもよりさらにお安くなっていますよ！hintromajiEnglishいらっしゃい！いらっしゃい！きょうはいつもよりさらにおやすくなっていますよ！irasshai! irasshai! kyou wa itsumo yori sara ni oyasuku natte imasu yo!Welcome, welcome! Today everything is even cheaper than usual!",https://jlptsensei.com/learn-japanese-grammar/%e3%81%95%e3%82%89%e3%81%ab-sara-ni-meaning/
sate,さて,"Learn Japanese grammar: (sate). Meaning: conjunction: well; now; then ~. This can be used twice to become さてさて (sate sate), which can have the same...","<table class=""table table-bordered table-sm usage""><tbody><tr><td>さて</td><td>clause</td></tr></tbody></table>",Example #1さてどうしよう。hintromajiEnglishさてどうしよう。sate dou shiyou.What shall I do now?,Example #2さてクイズの時間です。hintromajiEnglishさてクイズのじかんです。sate kuizu no jikan desu.Now it's time for a quiz.,https://jlptsensei.com/learn-japanese-grammar/%e3%81%95%e3%81%a6-sate-meaning/
sei de,せいで,"Learn Japanese grammar: (sei). Meaning: because of; due to; as a result of ~. This is mostly used to express a negative result, but it...","<table class=""table table-bordered table-sm usage""><tbody><tr><td>Verb (casual)</td><td rowspan=""3"">せい（で/に)</td></tr><tr><td>Noun + の</td></tr><tr><td>Adjective</td></tr></tbody></table>","Example #1さっきコーヒーを飲んだせいで、なかなか寝られません。hintromajiEnglishさっきコーヒーをのんだせいで、なかなかねられません。sakki koohii o nonda sei de, nakanaka neraremasen.Because I drank coffee a little while ago, I can't seem to fall asleep.",Example #2頭が痛い。疲れたせいかな。hintromajiEnglishあたまがいたい。つかれたせいかな。atama ga itai. tsukareta sei kana.My head hurts. Maybe it's because I am tired..,https://jlptsensei.com/learn-japanese-grammar/%e3%81%9b%e3%81%84%e3%81%a7-sei-de-meaning/
seizei,せいぜい,Learn Japanese grammar: (seizei). Meaning: at the most; at best; to the utmost.,"<table class=""table table-bordered table-sm usage""><tbody><tr><td rowspan=""2"">せいぜい</td><td>Noun (period of time)</td></tr><tr><td>Verb</td></tr></tbody></table>",Example #1せいぜい頑張ろうね！hintromajiEnglishせいぜいがんばろうね！seizei ganbarou ne!Let's give it our all!,Example #2せいぜい楽しんで行ってください。hintromajiEnglishせいぜいたのしんでいってください。seizei tanoshinde itte kudasai.Enjoy yourself to the fullest!,https://jlptsensei.com/learn-japanese-grammar/%e3%81%9b%e3%81%84%e3%81%9c%e3%81%84-seizei-meaning/
shibaraku,しばらく,Learn Japanese grammar: (shibaraku). Meaning: for a moment; for a while; for the time being; for now. More advanced kanji form: 暫く (shibaraku).,"<table class=""table table-bordered table-sm usage""><tbody><tr><td>しばらく</td><td>clause</td></tr></tbody></table>",Example #1しばらくここで待てください。hintromajiEnglishしばらくここでまてください。shibaraku koko de mate kudasai.Please wait here for a while.,"Example #2こんにちは。しばらくですね！hintromajiEnglishこんにちは。しばらくですね！konnichiwa. shibaraku desu ne!Hello, it's been a while!",https://jlptsensei.com/learn-japanese-grammar/%e3%81%97%e3%81%b0%e3%82%89%e3%81%8f-shibaraku-meaning/
shikanai,しかない,"Meaning: no choice but.. Learn Japanese Grammar 日本語文法 - JLPT N3 - しかない (shika nai). Study formation guide, example sentences, and vocabulary list.","<table class=""table table-bordered table-sm usage""><tbody><tr><td rowspan=""2"">Verb (dictionary form)</td><td>しかない<br/>しかなかった<br/>しかありません</td></tr></tbody></table>",Example #1やるしかない。hintromajiEnglishやるしかない。yaru shika nai.You just gotta do it.,"Example #2卒業できなかったから、バイトをするしかない。hintromajiEnglishそつぎょうできなかったから、バイトをするしかないsotsugyou dekinakatta kara, baito o suru shika nai.Because I did not graduate, my only option is part time work.",https://jlptsensei.com/learn-japanese-grammar/%e3%81%97%e3%81%8b%e3%81%aa%e3%81%84-shika-nai-meaning/
sono tame ni,そのために,Learn Japanese grammar: 【そのために】(sono tame ni). Meaning: hence; for that reason; because of ~. This is often written in both kanji form and in plain...,"<table class=""table table-bordered table-sm usage""><tbody><tr><td>Goal</td><td>そのため（に）</td><td>action</td></tr></tbody></table>","Example #1あなたは明日、そのための時間がありますか？hintromajiEnglishあなたはあした、そのためのじかんがありますか？anata wa ashita, sono tame no jikan ga arimasu ka?Do you have time tomorrow for that?",Example #2私はそのための時間が取れない。hintromajiEnglishわたしはそのためのじかんがとれない。watashi wa sono tame no jikan ga torenai.I cannot take time for that.,https://jlptsensei.com/learn-japanese-grammar/%e3%81%9d%e3%81%ae%e7%82%ba-%e3%81%9d%e3%81%ae%e3%81%9f%e3%82%81-sono-tame-meaning/
soretomo,それとも,Learn Japanese grammar: (soretomo). Meaning: or; or else ~.,"<table class=""table table-bordered table-sm usage""><tbody><tr><td>それとも</td><td>phrase</td></tr></tbody></table>","Example #1歩こうか,それとも車で行こうか？hintromajiEnglishあるこうか, それともくるまでいこうか？arukou ka, soretomo kuruma de ikou ka?Shall we walk or drive?","Example #2コーヒーはホットにしますか？それともアイスにしますか？hintromajiEnglishコーヒーはホットにしますか？それともアイスにしますか？koohii wa hotto ni shimasu ka? soretomo aisu ni shimasu ka?Do you want your coffee hot, or would you prefer iced?",https://jlptsensei.com/learn-japanese-grammar/%e3%81%9d%e3%82%8c%e3%81%a8%e3%82%82-soretomo-meaning/
sou mo nai /sou ni nai,そうもない /そうにない,Learn Japanese grammar: (sou mo nai) / (sou ni nai). Meaning: very unlikely to; showing no signs of ~.,"<table class=""table table-bordered table-sm usage""><tbody><tr><td>Verb (ます stem) <s>ます</s></td><td>そうもない<br/>そうにない</td></tr></tbody></table>","Example #1先生、明日までに宿題ができそうにないんですが、もう少し待っていただけませんか。hintromajiEnglishせんせい、あしたまでにしゅくだいができそうにないんですが、もうすこしまっていただけませんか。sensei, ashita made ni shukudai ga deki sou ni nain desu ga, mou sukoshi matte itadake masen ka?Teacher, I won't be able to finish my homework by tomorrow, could I possibly get an extension?",Example #2そんなことは起りそうもないですね。hintromajiEnglishそんなことはおこりそうもないですね。sonna koto wa okorisou mo nai desu ne.That does not seem likely to occur.,https://jlptsensei.com/learn-japanese-grammar/%e3%81%9d%e3%81%86%e3%82%82%e3%81%aa%e3%81%84-sou-mo-nai-%e3%81%9d%e3%81%86%e3%81%ab%e3%81%aa%e3%81%84-sou-ni-nai-meaning/
sude ni,すでに,Learn Japanese grammar: (sude ni). Meaning: something has already been done/taken place; is already the case.,"<table class=""table table-bordered table-sm usage""><tbody><tr><td>すでに</td><td>clause</td></tr></tbody></table>",Example #1彼らはすでに外出してしまいました。hintromajiEnglishかれらはすでにがいしゅつしてしまいました。karera wa sude ni gaishutsu shite shimai mashita.They already went out.,Example #2あなたはすでに朝ご飯を食べましたか？hintromajiEnglishあなたはすでにあさごはんをたべましたか？anata wa sude ni asagohan o tabemashita ka?Have you already eaten breakfast?,https://jlptsensei.com/learn-japanese-grammar/%e3%81%99%e3%81%a7%e3%81%ab-sude-ni-meaning/
sunawachi,すなわち,Learn Japanese grammar: 【 すなわち 】(sunawachi). Meaning: in other words; namely ~.,"<table class=""table table-bordered table-sm usage""><tbody><tr><td>すなわち</td><td>phrase</td></tr></tbody></table>","Example #1妹の娘、すなわち、めいは、近所に住んでいるのでよく遊びに来ます。hintromajiEnglishいもうとのむすめ、すなわち、めいは、きんじょにすんでいるのでよくあそびにきます。imouto no musume, sunawachi, mei wa, kinjo ni sunde irunode yoku asobi ni kimasu.My younger sister's daughter, in other words my niece, lives nearby so I often visit.","Example #2母の父、すなわちわたしの祖父は現在６３歳です。hintromajiEnglishははのちち、すなわちわたしのそふはげんざい６３さいです。haha no chichi, sunawachi watashi no sofu wa genzai rokujuusan sai desu.My mother’s father, in other words my grandfather, is 63 years old.",https://jlptsensei.com/learn-japanese-grammar/%e5%8d%b3%e3%81%a1-%e3%81%99%e3%81%aa%e3%82%8f%e3%81%a1-sunawachi-meaning/
suuryou + wa,数量 + は（すうりょう + は）,at least ~,<em>(no usage table)</em>,,,https://jlptsensei.com/learn-japanese-grammar/%e6%95%b0%e9%87%8f-%e3%81%af-suuryou-wa-meaning/
ta mono da,たものだ,Learn Japanese grammar: (ta mono da). Meaning: used to do; would often do~. This is used to express a past situation or remember something that...,"<table class=""table table-bordered table-sm usage""><tbody><tr><td>Verb (た form)</td><td>ものだ</td></tr></tbody></table>","Example #1子どものころはよく川で遊んだものだ。hintromajiEnglishこどものころはよくかわであそんだものだ。kodomo no koro wa yoku kawa de asonda mono da.When I was a child, I often played at the river.","Example #2学生時代は毎日図書館へ通ったものだ。hintromajiEnglishがくせいじだいはまいにちとしょかんへかよったものだ。gakusei jidai wa mainichi toshokan e kayotta mono da.When I was a student, I used to go to the library everyday.",https://jlptsensei.com/learn-japanese-grammar/%e3%81%9f%e3%82%82%e3%81%ae%e3%81%a0-ta-mono-da-meaning/
ta totan,たとたん,"Meaning: simultaneous action; just as.. Learn Japanese Grammar 日本語文法 - JLPT N3 - とたん (totan). Study formation guide, example sentences, and vocabulary list.","<table class=""table table-bordered table-sm usage""><tbody><tr><td>Verb (た form)</td><td>とたん</td></tr></tbody></table>","Example #1家を出たとたん、雨が降ってきた。hintromajiEnglishいえをでたとたん、あめがふってきた。ie o deta totan, ame ga futte kita.It started raining after I left my house.","Example #2窓を開けたとたん、強い風が入ってきた。hintromajiEnglishまどをあけたとたん、つよいかぜがはいってきた。mado o aketa totan, tsuyoi kaze ga haittekitaAs soon as I opened the window, a strong wind came in.",https://jlptsensei.com/learn-japanese-grammar/%e3%81%9f%e3%81%a8%e3%81%9f%e3%82%93-ta-totan-meaning/
tabi ni,たびに,"Meaning: Each time; every time; whenever. Learn Japanese Grammar 日本語文法 - JLPT N3 - たびに (tabi ni). Study guide, example sentences, and vocabulary list.","<table class=""table table-bordered table-sm usage""><tbody><tr><td>Noun + の</td><td rowspan=""2"">たびに</td></tr><tr><td>Verb (dictionary form)</td></tr></tbody></table>","Example #1この曲を聞くたびに、家族を思い出す。hintromajiEnglishこのきょくをきくたびにかぞくをおもいだす。kono kyoku o kiku tabi ni kazoku o omoidasu.Every time I hear this song, it reminds me of my family.","Example #2友人は旅行のたびにお土産を買ってきてくれます。hintromajiEnglishゆうじんはりょこうのたびにおみやげをかってくれます。yuujin wa ryokou no tabi ni omiyage o katte kite kuremasu.Every time my friend travels, they buy me a souvenir.",https://jlptsensei.com/learn-japanese-grammar/%e3%81%9f%e3%81%b3%e3%81%ab-tabi-ni-meaning/
tame ni,ために,Learn Japanese grammar: 【ために】(tame ni). Meaning: for; in order to; for the benefit of; because of; as a result of ~. There are 2 main...,"<table class=""table table-bordered table-sm usage""><tbody><tr><td>Verb</td><td rowspan=""4"">ため（に）</td></tr><tr><td>Noun + の</td></tr><tr><td>な-adjective + な</td></tr><tr><td>い-adjective</td></tr></tbody></table>","Example #1日本へ旅行をするために、貯金しています。hintromajiEnglishにほんへりょこうするために、ちょきんしています。nihon e ryokou o suru tame ni, chokin shite imasu.I'm saving money to travel to Japan.","Example #2彼氏に会うために、東京に行きます。hintromajiEnglishかれしにあうために、とうきょうにいきます。kareshi ni au tame ni, toukyou ni ikimasu.I'm going to Tokyo to see my boyfriend.",https://jlptsensei.com/learn-japanese-grammar/%e3%81%9f%e3%82%81%e3%81%ab-tame-ni-meaning/
tashika ni,確かに（たしかに）,"Learn Japanese grammar: 【たしかに】(tashika ni). Meaning: surely, certainly ~.","<table class=""table table-bordered table-sm usage""><tbody><tr><td>確かに</td><td>phrase</td></tr></tbody></table>",Example #1それは確かにそのように見えます。hintromajiEnglishそれはたしかにそのようにみえます。sore wa tashika ni sono you ni miemasu.That certainly looks that way.,Example #2私は確かに少し疲れている。hintromajiEnglishわたしはたしかにすこしつかれている。watashi wa tashika ni sukoshi tsukareteiru.I'm certainly a little tired..,https://jlptsensei.com/learn-japanese-grammar/%e7%a2%ba%e3%81%8b%e3%81%ab-tashika-ni-meaning/
tate,たて,Learn Japanese grammar: (tate). Meaning: just done; freshly done; newly done.,"<table class=""table table-bordered table-sm usage""><tbody><tr><td>Verb <s>ます</s> (stem form)</td><td>たて</td></tr></tbody></table>",Example #1焼きたてのパンは美味しいよ。ちょっと食べてみる？hintromajiEnglishやきたてのパンはおいしいよ。ちょっとたべてみる？yaki tate no pan wa oishii yo. chotto tabete miru?Freshly baked bread is delicious. Do you want to try some?,Example #2あのスーパーは取りたての新鮮な野菜を売っている。hintromajiEnglishあのスーパーはとりたてのしんせんなやさいをうっている。ano suupaa wa tori tate no shinsei na yasai o utte iru.That supermarket sells freshly picked vegetables.,https://jlptsensei.com/learn-japanese-grammar/%e3%81%9f%e3%81%a6-tate-meaning/
tatoe~temo,たとえ～ても,even if… is the case,<em>(no usage table)</em>,,,https://jlptsensei.com/learn-japanese-grammar/%e3%81%9f%e3%81%a8%e3%81%88%ef%bd%9e%e3%81%a6%e3%82%82-tatoe-temo-meaning/
tatoeba,例えば（たとえば）,Learn Japanese grammar: 【たとえば】(tatoeba). Meaning: for example; for instance ~.,"<table class=""table table-bordered table-sm usage""><tbody><tr><td>例えば<br/>たとえば</td><td>examples</td></tr></tbody></table>","Example #1日本の食べ物は美味しいです。例えば、すしはすごく美味しい！hintromajiEnglishにほんのたべものはおいしいです。たとえば、すしはすごくおいしい！nihon no tabemono wa oishii desu. tatoeba, sushi wa sugoku oishii!Japanese food is delicious, for example, sushi is so delicious!","Example #2私にはたくさん趣味がある。例えば魚釣り、登山です。hintromajiEnglishわたしにはたくさんしゅみがある。たとえばさかなつり、とざんです。watashi ni wa takusan shumi ga aru. tatoeba sakana tsuri, tozan desu.I have many hobbies, fishing and climbing for example.",https://jlptsensei.com/learn-japanese-grammar/%e4%be%8b%e3%81%88%e3%81%b0-%e3%81%9f%e3%81%a8%e3%81%88%e3%81%b0-tatoeba-meaning/
tatte,たって,Learn Japanese grammar: (tatte). Meaning: even if; even though; no matter how ~.,"<table class=""table table-bordered table-sm usage""><tbody><tr><td>Verb (casual, past)</td><td rowspan=""4"">って</td></tr><tr><td>Noun + だ</td></tr><tr><td>な-adjective + だ</td></tr><tr><td>い-adjective + <s>い</s>く（っ）た</td></tr></tbody></table>","Example #1タクシーに乗ったって間に合わないよ。hintromajiEnglishタクシーにのったってまにあわないよ。takushii ni nottatte ma ni awanai yo.Even if you take a taxi, you won't make it in time.","Example #2いくら広くたって、駅から遠い部屋には住みたくない。hintromajiEnglishいくらひろくたって、えきからとおいへやにはすみたくない。ikura hiroku tatte, eki kara tooi heya ni wa sumita kunai.It doesn't matter how spacious it may be, I don't want to live in a place far from the station.",https://jlptsensei.com/learn-japanese-grammar/%e3%81%9f%e3%81%a3%e3%81%a6-tatte-meaning/
te bakari iru,てばかりいる,only; nothing but ~,<em>(no usage table)</em>,,,https://jlptsensei.com/learn-japanese-grammar/%e3%81%a6%e3%81%b0%e3%81%8b%e3%82%8a%e3%81%84%e3%82%8b-te-bakari-iru-meaning/
te goran,てごらん,Learn Japanese grammar: 【てごらん】(te goran). Meaning: (please) try to; (please) look. ご覧【ごらん】(goran) is the more formal version of 見る (miru). It has a similar meaning...,"<table class=""table table-bordered table-sm usage""><tbody><tr><td>Verb (て form)</td><td>ごらん(なさい)</td></tr></tbody></table>",Example #1もう一度やってごらん。hintromajiEnglishもういちどやってごらん。mou ichido yatte goran.Try it one more time.,Example #2もう一度言ってごらん。hintromajiEnglishもういちどいってごらん。mou ichido itte goran.Please say that once more.,https://jlptsensei.com/learn-japanese-grammar/%e3%81%a6%e3%81%94%e3%82%89%e3%82%93-te-goran-meaning/
te hajimete,てはじめて,not until; only after [x] did I,<em>(no usage table)</em>,,,https://jlptsensei.com/learn-japanese-grammar/%e3%81%a6%e3%81%af%e3%81%98%e3%82%81%e3%81%a6-te-hajimete-meaning/
te kara de nai to,てからでないと,Learn Japanese grammar: (te kara de nai to) / (te kara de nakereba). Meaning: must first do; cannot do without first doing ~.,"<table class=""table table-bordered table-sm usage""><tbody><tr><td>Verb (て form)</td><td>からでないと<br/>からでなければ</td></tr></tbody></table>","Example #1親の許可をもらってからでなければ、日本への留学が出来ない。hintromajiEnglishおやのきょかをもらってからでなければ、にほんへのりゅうがくができない。oya no kyoka o moratte kara denakereba, nihon e no ryuugaku ga dekinai.You must first get your parent's permission, otherwise you will not be able to study abroad in Japan.","Example #2手続きしてからでないと、図書館の本は借りられない。hintromajiEnglishてつづきしてからでないと、としょかんのほんはかりられない。tetsuzuki shite kara de nai to, toshokan no hon wa karirarenai.Unless you follow the procedures, you cannot borrow books from the library.",https://jlptsensei.com/learn-japanese-grammar/%e3%81%a6%e3%81%8b%e3%82%89%e3%81%a7%e3%81%aa%e3%81%84%e3%81%a8-te-kara-de-nai-to-meaning/
te shou ga nai/te shikata ga nai,てしょうがない・てしかたがない,Learn Japanese grammar: (te shou ga nai) & 「てしかたがない」 (te shikata ga nai). Meaning: can’t help but; very; extremely ~. This grammar expresses a natural...,"<table class=""table table-bordered table-sm usage""><tbody><tr><td>Verb (て form)</td><td rowspan=""3"">しょうがない<br/>しかたがない</td></tr><tr><td>な-adjective + <s>な</s>で</td></tr><tr><td>い-adjective + <s>い</s>くて</td></tr></tbody></table>",Example #1私はそれが気になってしょうがない。hintromajiEnglishわたしはそれがきになってしょうがない。watashi wa sore ga ki ni natte shou ga nai.I can't help thinking about that.,Example #2今日は寒くてしょうがない。hintromajiEnglishきょうはさむくてしょうがない。kyou wa samukute shou ga nai.It's simply too cold today.,https://jlptsensei.com/learn-japanese-grammar/%e3%81%a6%e3%81%97%e3%82%87%e3%81%86%e3%81%8c%e3%81%aa%e3%81%84-te-shou-ga-nai-%e3%81%a6%e4%bb%95%e6%96%b9%e3%81%8c%e3%81%aa%e3%81%84-shikata-ga-nai-meaning/
te sumu,て済む（てすむ）,"Learn Japanese grammar: 【てすむ】(te sumu). Meaning: sufficient by; no problem to; resolve by ~. This can be conjugated to 済み (sumi), 済んだ (sunda), 済みます (sumimasu),...","<table class=""table table-bordered table-sm usage""><tbody><tr><td>Verb (て form)</td><td rowspan=""4"">済む</td></tr><tr><td>Noun + で</td></tr><tr><td>な-adjective + で</td></tr><tr><td>い-adjective + <s>い</s>くて</td></tr></tbody></table>",Example #1その夜は何の事故もなくて済んだ。hintromajiEnglishそのよるはなんのじこもなくてすんだ。sono yoru wa nan no jiko mo nakute sunda.The night passed without any accidents.,"Example #2金で済む事ならいくらでも出す。hintromajiEnglishかねですむことならいくらでもだす。kane de sumu koto nara ikura demo dasu.If money can resolve this, I will give any amount.",https://jlptsensei.com/learn-japanese-grammar/%e3%81%a6%e6%b8%88%e3%82%80-te-sumu-meaning/
te wa ikenai kara,てはいけないから,Learn Japanese grammar: (te wa ikenai kara) / (to ikenai kara). Meaning: in order to not~; to prevent a negative situation.,"<table class=""table table-bordered table-sm usage""><tbody><tr><td>Verb (て form) + は</td><td rowspan=""2"">いけないから</td></tr><tr><td>Verb (dictionary form) ＋と</td></tr></tbody></table>","Example #1雨が降るといけないから傘を持って行きなさい。hintromajiEnglishあめがふるといけないからかさをもっていきなさい。ame ga furu to ikenai kara kasa o motte ikinasai.It would be no good if it rains, so please take an umbrella with you.","Example #2バスに乗り遅れるといけないから、すぐ出発したほうがいい。hintromajiEnglishバスにのりおくれるといけないから、すぐしゅっぱつしたほうがいい。basu ni nori okureru to ikenai kara, sugu shuppatsu shita hou ga ii.You'd better head out right away so you don't miss the bus.",https://jlptsensei.com/learn-japanese-grammar/%e3%81%a6%e3%81%af%e3%81%84%e3%81%91%e3%81%aa%e3%81%84%e3%81%8b%e3%82%89-te-wa-ikenai-kara-meaning/
teiru baai janai,ている場合じゃない（ているばあいじゃない）,this is no time to be doing ~,<em>(no usage table)</em>,,,https://jlptsensei.com/learn-japanese-grammar/%e3%81%a6%e3%81%84%e3%82%8b%e5%a0%b4%e5%90%88%e3%81%98%e3%82%83%e3%81%aa%e3%81%84-teiru-baai-janai-meaning/
teki,的（てき）,Learn Japanese grammar: 【てき】(teki). Meaning: change noun into na-adjective or adverb.,"<table class=""table table-bordered table-sm usage""><tbody><tr><td>Noun</td><td>的<br/>てき</td></tr></tbody></table>",Example #1もっと具体的なアイディアを出してください。hintromajiEnglishもっとぐたいてきなアイディアをだして下さい。motto gutai teki na aidea o dashite kudasai.Please give more specific ideas.,Example #2これは政治的な集会だ。hintromajiEnglishこれはせいじてきなしゅうかいだ。kore wa seiji teki na shuukai da.This is a political meeting.,https://jlptsensei.com/learn-japanese-grammar/%e7%9a%84-%e3%81%a6%e3%81%8d-teki-meaning/
temo hajimaranai,ても始まらない（てもはじまらない）,even if you... it’s no use; there is no point to ~,<em>(no usage table)</em>,,,https://jlptsensei.com/learn-japanese-grammar/%e3%81%a6%e3%82%82%e5%a7%8b%e3%81%be%e3%82%89%e3%81%aa%e3%81%84-temo-hajimaranai-meaning/
temo kamawanai,ても構わない（てもかまわない）,"Learn Japanese grammar: 【てもかまわない】(temo kamawanai) / 【てもかまいません】 (temo kamaimasen). Meaning: it doesn’t matter if ~. This is usually used to refer to the speaker, but...","<table class=""table table-bordered table-sm usage""><tbody><tr><td>Verb (て form)</td><td rowspan=""4"">もかまわない<br/>もかまいません</td></tr><tr><td>い-adjective <s>い</s> + くて</td></tr><tr><td>な-adjective + で</td></tr><tr><td>Noun + で</td></tr></tbody></table>",Example #1雨が降っても構わない。hintromajiEnglishあめがふってもかまわない。ame ga futtemo kamawanai.I don't mind if it rains.,Example #2君が何をしても構わないよ。hintromajiEnglishきみがなにをしてもかまわないよ。kimi ga nani o shitemo kamawanai yo.I don't mind what you do.,https://jlptsensei.com/learn-japanese-grammar/%e3%81%a6%e3%82%82%e3%81%8b%e3%81%be%e3%82%8f%e3%81%aa%e3%81%84-temo-kamawanai-meaning/
temo shou ga nai / temo shikata ga nai,てもしょうがない / てもしかたがない,there's no point to~; it's no use to~; it cannot be helped,<em>(no usage table)</em>,,,https://jlptsensei.com/learn-japanese-grammar/%e3%81%a6%e3%82%82%e3%81%97%e3%82%87%e3%81%86%e3%81%8c%e3%81%aa%e3%81%84%e3%83%bb%e3%81%a6%e3%82%82%e4%bb%95%e6%96%b9%e3%81%8c%e3%81%aa%e3%81%84-temo-shou-ga-nai-temo-shikata-ga-nai-meaning/
to ieba,と言えば（といえば）,"Meaning: speaking of [x]. Learn Japanese Grammar 日本語文法 - JLPT N3 - と言えば「といえば」(to ieba). Study guide, example sentences, & vocabulary list.","<table class=""table table-bordered table-sm usage""><tbody><tr><td>Noun</td><td>と言えば<br/>といえば</td></tr></tbody></table>","Example #1ベトナムと言えば、バイクが多いですね。hintromajiEnglishベトナムといえば、バイクがおおいですね。betonamu to ieba, baiku ga ooi desu ne.Speaking of Vietnam, there are a lot of bikes.","Example #2大阪の食べ物と言えば、たこ焼きです。hintromajiEnglishおおさかのたべものといえば、たこやきです。oosaka no tabemono to ieba, takoyaki desu.Speaking of Osaka food, takoyaki comes to mind.",https://jlptsensei.com/learn-japanese-grammar/%e3%81%a8%e8%a8%80%e3%81%88%e3%81%b0-%e3%81%a8%e3%81%84%e3%81%88%e3%81%b0-to-ieba-meaning/
to ii / tara ii,といい / たらいい,Learn Japanese grammar: (to ii) / (tara ii). Meaning: it would be nice if; should; I hope ~. These can be used to express either...,"<table class=""table table-bordered table-sm usage""><tbody><tr><td>Verb (casual) + と</td><td rowspan=""2"">いい</td></tr><tr><td>Verb (た form) + ら</td></tr></tbody></table>",Example #1あなたが気にいるといいな。hintromajiEnglishあなたがきにいるといいな。anata ga ki ni iru to ii na.I hope you like it.,Example #2見られたらいいね。hintromajiEnglishみられたらいいね。mirare tara ii ne.I hope I can see it.,https://jlptsensei.com/learn-japanese-grammar/%e3%81%a8%e3%81%84%e3%81%84-to-ii-%e3%81%9f%e3%82%89%e3%81%84%e3%81%84-tara-ii-meaning/
to ittemo,といっても,Learn Japanese grammar: 【といっても】(to ittemo). Meaning: although I say; although one might say ~. Both the hiragana and kanji versions are commonly used.,"<table class=""table table-bordered table-sm usage""><tbody><tr><td>Verb (casual form)</td><td rowspan=""4"">と言っても<br/>といっても</td></tr><tr><td>Noun + （だ）</td></tr><tr><td>な-adjective + （だ）</td></tr><tr><td>い-adjective</td></tr></tbody></table>","Example #1今週は忙しい、といっても先週ほどじゃない。hintromajiEnglishこんしゅうはいそがしい、といってもせんしゅうほどじゃない。konshuu wa isogashii, to itte mo senshuu hodo janai.I’m busy this week, but not as much as last week.","Example #2私は料理ができるといっても、卵焼きぐらいです。hintromajiEnglishわたしはりょうりができるといっても、たまごやきぐらいです。watashi wa ryouri ga dekiru to itte mo, tamagoyaki gurai desu.Although I said that I can cook, I can only make fried eggs.",https://jlptsensei.com/learn-japanese-grammar/%e3%81%a8%e3%81%84%e3%81%a3%e3%81%a6%e3%82%82-to-ittemo-meaning/
to iu koto da,ということだ,Learn Japanese grammar: (to iu koto da) / (to no koto da). Meaning: I heard; it means that; in other words ~. The spoken version...,"<table class=""table table-bordered table-sm usage""><tbody><tr><td>Verb (dictionary form)</td><td rowspan=""4"">ということだ<br/>とのことだ<br/>ってことだ</td></tr><tr><td>Noun +（だ）</td></tr><tr><td>な-adjective +（だ）</td></tr><tr><td>い-adjective + い</td></tr></tbody></table>","Example #1ニュースによると、明日は雨が降るということだ。hintromajiEnglishニュースによると、あしたはあめがふるということだ。nyuusu ni yoru to, ashita wa ame ga furu to iu koto da.I heard on the news that it will rain tomorrow.","Example #2先ほど、山田さんから電話があって、少し遅れるとのことです。hintromajiEnglishさきほど、やまださんからでんわがあって、すこしおくれるとのことです。saki hodo, yamada san kara denwa ga atte, sukoshi okureru to no koto desu.I heard Mr. Yamada called earlier and said he would be a bit late.",https://jlptsensei.com/learn-japanese-grammar/%e3%81%a8%e3%81%84%e3%81%86%e3%81%93%e3%81%a8%e3%81%a0-to-iu-koto-da-%e3%81%a8%e3%81%ae%e3%81%93%e3%81%a8%e3%81%a0-to-no-koto-da-meaning/
to iu nowa,というのは,"Learn Japanese grammar: (to iu nowa). Meaning: this means; the meaning of … is; because; that is to say ~. Instead of と, this can...","<table class=""table table-bordered table-sm usage""><tbody><tr><td>Phrase<br/>Noun</td><td>というのは</td><td>reason<br/>explanation<br/>definition</td></tr></tbody></table>","Example #1「コンビニ」というのはコンビニエンスストアのことだ。hintromajiEnglish「コンビニ」というのはコンビニエンスストアのことだ。「konbini」to iu no wa konbiniensusutoa no koto da.""konbini"" means ""convenience store"".","Example #2「パソコン」というのはパーソナルコンピューターの略だ。hintromajiEnglish「パソコン」というのはパーソナルコンピューターのりゃくだ。「pasokon」to iu no wa paasonaru konpyuutaa no ryaku da.""pasokon"" is short for ""personal computer"".",https://jlptsensei.com/learn-japanese-grammar/%e3%81%a8%e3%81%84%e3%81%86%e3%81%ae%e3%81%af-to-iu-nowa-meaning/
to iu to,と言うと（というと）,"Meaning: when speaking of [x]. Learn Japanese Grammar 日本語文法 - JLPT N3 - と言うと「というと」(to iuto/toiuto). Study guide, example sentences, & vocabulary list.","<table class=""table table-bordered table-sm usage""><tbody><tr><td>Noun</td><td>と言うと<br/>というと</td></tr></tbody></table>","Example #1桜というと、花見だ。hintromajiEnglishさくらというと、はなみだ。sakura to iu to, hanami da.Speaking of cherry blossoms, flower viewing comes to mind.","Example #2人気があるアニメというと、ワンピースだ。hintromajiEnglishにんきがあるアニメというと、ワンピースだ。ninki no aru anime to iu to, wanpiisu da.Speaking of popular anime, One Piece comes to mind.",https://jlptsensei.com/learn-japanese-grammar/%e3%81%a8%e8%a8%80%e3%81%86%e3%81%a8-%e3%81%a8%e3%81%84%e3%81%86%e3%81%a8-to-iuto-meaning/
to iu yori,というより,Learn Japanese grammar: (to iu yori). Meaning: rather than ~. This may also be used as .,"<table class=""table table-bordered table-sm usage""><tbody><tr><td>Verb (casual)</td><td rowspan=""4"">というより（も/は）</td></tr><tr><td>Noun</td></tr><tr><td>な-adjective</td></tr><tr><td>い-adjective</td></tr></tbody></table>",Example #1彼はかっこいいというよりかわいい。hintromajiEnglishかれはかっこいいというよりかわいい。kare wa kakkoii to iu yori kawaii.He is more cute than cool.,Example #2彼は学者というよりは教師だ。hintromajiEnglishかれはがくしゃというよりはきょうしだ。kare wa gakusha to iu yori kyoushi da.He is more a teacher than a scholar.,https://jlptsensei.com/learn-japanese-grammar/%e3%81%a8%e3%81%84%e3%81%86%e3%82%88%e3%82%8a-to-iu-yori-meaning/
to mieru / to miete,とみえる / とみえて,Learn Japanese grammar: 【とみえる】(to mieru) / 【とみえて】(to miete). Meaning: it seems that ~. Both the kanji and hiragana forms may be used.,"<table class=""table table-bordered table-sm usage""><tbody><tr><td>Verb (casual)</td><td rowspan=""4"">と見える<br/>とみえる<br/>とみえて</td></tr><tr><td>Noun + だ</td></tr><tr><td>な-adjective + だ</td></tr><tr><td>い-adjective</td></tr></tbody></table>",Example #1彼は病気だとみえる。hintromajiEnglishかれはびょうきだとみえる。kare wa byouki da to mieru.He appears to be sick.,Example #2彼は運が向いてきたと見える。hintromajiEnglishかれはうんがむいてきたとみえる。kare wa un ga muite kita to mieru.Luck seems to be heading his way.,https://jlptsensei.com/learn-japanese-grammar/%e3%81%a8%e3%81%bf%e3%81%88%e3%81%a6-miete-%e3%81%a8%e3%81%bf%e3%81%88%e3%82%8b-to-mieru-meaning/
to sureba / to shitara / to suru to,とすれば・としたら・とすると,Meaning: in the case of..; assuming.. Learn Japanese N3 Grammar とすれば / としたら / とすると (to sureba / to shitara / to suru to) . Study how to use with examples & vocabulary list at jlptsensei.com. 日本語能力試験のための文法レッスン,"<table class=""table table-bordered table-sm usage""><tbody><tr><td>Verb (casual)</td><td rowspan=""4"">とすれば<br/>としたら<br/>とすると</td></tr><tr><td>Noun + だ</td></tr><tr><td>な-adjective + だ</td></tr><tr><td>い-adjective</td></tr></tbody></table>","Example #1選ぶとすれば、僕はこれだな。hintromajiEnglishえらぶとすれば、ぼくはこれだな。erabu to sureba, boku wa kore da na.If I were to choose, I would go with this.","Example #2そこまで歩いていくとすれば、40分くらいかかるだろう。hintromajiEnglishそこまであるいていくとすれば、４０ぷんくらいかかるだろう。soko made aruite iku to sureba, 40 pun kurai kakaru darou.If we go by walking, it will likely take about 40 minutes.",https://jlptsensei.com/learn-japanese-grammar/%e3%81%a8%e3%81%99%e3%82%8c%e3%81%b0-%e3%81%a8%e3%81%97%e3%81%9f%e3%82%89-%e3%81%a8%e3%81%99%e3%82%8b%e3%81%a8-sureba-shitara-suru-to-meaning/
to tomo ni,と共に（とともに）,Learn Japanese grammar: 【とともに】(to tomo ni). Meaning: together with; at the same time as; as well as ~.,"<table class=""table table-bordered table-sm usage""><tbody><tr><td>Verb (dictionary form)</td><td rowspan=""2"">と共に</td></tr><tr><td>Noun</td></tr></tbody></table>","Example #1私の人生は、ギターと共にある。hintromajiEnglishわたしのじんせいは、ギターとともにある。watashi no jinsei wa, gitaa to tomo ni aru.I spend my life together with my guitar.","Example #2春が近づくと共に、少しずつ暖かくなってきた。hintromajiEnglishはるがちかづくとともに、すこしずつあたたかくなってきた。haru ga chikaduku to tomo ni, sukoshi zutsu atatakaku natte kita.As spring grows nearer, it's gradually getting a bit warmer.",https://jlptsensei.com/learn-japanese-grammar/%e3%81%a8%e5%85%b1%e3%81%ab-to-tomo-ni-meaning/
tochuu de / tochuu ni,途中で/途中に（とちゅうで/とちゅうに）,Learn Japanese grammar: 【とちゅうで/とちゅうに】(tochuu de / tochuu ni). Meaning: on the way; in the middle of ~.,"<table class=""table table-bordered table-sm usage""><tbody><tr><td>Verb (dictionary form)</td><td rowspan=""2"">途中で<br/>途中に</td></tr><tr><td>Noun + の</td></tr></tbody></table>",Example #1ごはんを食べている途中に電話がかかってきた。hintromajiEnglishごはんをたべているとちゅうにでんわがかかってきた。gohan o tabete iru tochuu ni denwa ga kakkate kitaThe phone rang when I was in the middle of eating (dinner).,Example #2私は駅から学校に行く途中で先生に会った。hintromajiEnglishわたしはえきからがっこうにくとちゅうでせんせいにあった。watashi wa eki kara gakkou ni iku tochuu de sensei ni atta.I saw my teacher on the way to school from the station.,https://jlptsensei.com/learn-japanese-grammar/%e9%80%94%e4%b8%ad%e3%81%a7-%e9%80%94%e4%b8%ad%e3%81%ab-tochuu-de-tochuu-ni-meaning/
tokoro de,ところで,Learn Japanese grammar: (tokoro de). Meaning: by the way ~.,"<table class=""table table-bordered table-sm usage""><tbody><tr><td>ところで</td><td>new topic</td></tr></tbody></table>","Example #1ところで、今どこにいるの？hintromajiEnglishところで、いまどこにいるの？tokoro de, ima doko ni iru no?By the way, where are you now?","Example #2ところで大阪に行ったことある？hintromajiEnglishところでおおさかにいったことある？tokoro de oosaka ni itta koto aru?By the way, have you ever been to Osaka?",https://jlptsensei.com/learn-japanese-grammar/%e3%81%a8%e3%81%93%e3%82%8d%e3%81%a7-tokoro-de-meaning/
tokoro ga,ところが,Learn Japanese grammar: (tokoro ga). Meaning: even so; however; even though ~. This is used to express an unexpected situation.,"<table class=""table table-bordered table-sm usage""><tbody><tr><td>Expectation</td><td>ところが</td><td>result</td></tr></tbody></table>","Example #1今日は晴れだと思っている。ところが、雨だ。hintromajiEnglishきょうははれだとおもっている。ところが、あめだ。kyou wa hare da to omotteiru. tokoro ga, ame da.I thought today would be sunny. However, it is raining..","Example #2昨夜はコンサートに行くつもりだった。ところが病気で行けなくなった。hintromajiEnglishさくやはコンサートにいくつもりだった。ところがびょうきでいけなくなった。sakuya wa konsaato ni iku tsumori datta. tokoro ga byouki de ikenaku natta.I was planning to go to the concert last night. However, I couldn’t go because I got sick.",https://jlptsensei.com/learn-japanese-grammar/%e3%81%a8%e3%81%93%e3%82%8d%e3%81%8c-tokoro-ga-meaning/
toori ni,とおりに,"Learn Japanese grammar: (toori ni). Meaning: in the same way as; in the way; as ~. This grammar is similar to the vocabulary word, 通り【とおり】(toori),...","<table class=""table table-bordered table-sm usage""><tbody><tr><td>Verb (dictionary form)</td><td rowspan=""2"">とおりに</td></tr><tr><td>Verb (casual past)</td></tr><tr><td>Noun</td><td>どおりに<br/>のとおりに</td></tr></tbody></table>",Example #1彼は言われたとおりにした。hintromajiEnglishかれはいわれたとおりにした。kare wa iwareta toori ni shita.He did as he was told.,Example #2彼は時間どおりにやって来た。hintromajiEnglishかれはじかんどおりにやってきた。kare wa jikan doori ni yatte kita.He arrived on time.,https://jlptsensei.com/learn-japanese-grammar/%e3%81%a8%e3%81%8a%e3%82%8a%e3%81%ab-toori-ni-meaning/
toosu,通す（とおす）,"Learn Japanese grammar: 【とおす】(toosu). Meaning: to do until the end; to continually do; through ~. When used after a verb in stem form, it can...","<table class=""table table-bordered table-sm usage""><tbody><tr><td>Verb (ます stem) <s>ます</s></td><td>通す<br/>とおす</td></tr></tbody></table>","Example #1やると決めたことは最後までやり通すべきだ。hintromajiEnglishやるときめたことはさいごまでやりとおすべきだ。yaru to kimeta koto wa saigo made yari toosu beki da.When you decide to do something, you should see it through to the end.","Example #2終電を出てしまったので、１時間かけて家まで歩き通した。hintromajiEnglishしゅうでんをでてしまったので、１じかんかけていえまであるきとおした。shuuden o dete shimatta node, 1 jikan kakete ie made aruki tooshita.The last train left, so I walked home for an hour.",https://jlptsensei.com/learn-japanese-grammar/%e9%80%9a%e3%81%99-%e3%81%a8%e3%81%8a%e3%81%99-toosu-meaning/
toshite,として,Learn Japanese grammar: (toshite). Meaning: as; in the role of ~.,"<table class=""table table-bordered table-sm usage""><tbody><tr><td>Noun</td><td>として</td></tr></tbody></table>",Example #1彼は教師として働いている。hintromajiEnglishかれはきょうしとしてはたらいている。kare wa kyoushi toshite hataraiteiru.He has been working as a teacher.,Example #2僕の友人としては君ばかりだ。hintromajiEnglishぼくのゆうじんとしてはきみばかりだ。boku no yuujin toshite aw kimi bakari da.You are the only friend I have.,https://jlptsensei.com/learn-japanese-grammar/%e3%81%a8%e3%81%97%e3%81%a6-toshite-meaning/
totemo~nai,とても～ない,Learn Japanese grammar: (totemo~nai). Meaning: cannot possibly be; hardly ~.,"<table class=""table table-bordered table-sm usage""><tbody><tr><td>とても</td><td>Verb (ない form)</td></tr></tbody></table>","Example #1そんなこと、私にはとても出来ない。hintromajiEnglishそんなこと、わたしにはとてもできない。sonna koto, watashi niwa totemo dekinai.There's no way I could do something like that.",Example #2この本の漢字は難しいので私にはとても読めない。hintromajiEnglishこのほんのかんじはむずかしいのでわたしにはとてもよめない。kono hon no kanji wa muzukashii no de watashi ni wa totemo yomenai.The kanji in this book is difficult so I can barely read it.,https://jlptsensei.com/learn-japanese-grammar/%e3%81%a8%e3%81%a6%e3%82%82%ef%bd%9e%e3%81%aa%e3%81%84-totemo-nai-meaning/
towa kagiranai,とは限らない（とはかぎらない）,Learn Japanese grammar: 【とはかぎらない】(towa kagiranai). Meaning: not necessarily so; is not always true.,"<table class=""table table-bordered table-sm usage""><tbody><tr><td>Verb (casual)</td><td rowspan=""4"">とは限らない</td></tr><tr><td>Noun + だ</td></tr><tr><td>な-adjective + だ</td></tr><tr><td>い-adjective</td></tr></tbody></table>",Example #1先生の答えがいつも正しいとは限りません。hintromajiEnglishせんせいのこたえがいつもただしいとはかぎりません。sensei no kotae ga itsumo tadashii towa kagirimasen.The teacher's answers are not always correct.,Example #2こういう音楽は誰でも好きだとは限らない。hintromajiEnglishこういうおんがくはだれでもすきだとはかぎらない。kouiu ongaku wa dare demo suki da towa kagiranai.This sort of music is not necessarily liked by everyone.,https://jlptsensei.com/learn-japanese-grammar/%e3%81%a8%e3%81%af%e9%99%90%e3%82%89%e3%81%aa%e3%81%84-towa-kagiranai-meaning/
tsui,つい,Learn Japanese grammar: (tsui). Meaning: accidentally; unintentionally; by mistake.,"<table class=""table table-bordered table-sm usage""><tbody><tr><td>つい</td><td>clause (often てしまう form)</td></tr></tbody></table>",Example #1料理がおいしくてつい食べ過ぎた。hintromajiEnglishりょうりがおいしくてついたべすぎた。ryouri ga oishikute tsui tabe sugita.The food was so good that I ate too much.,"Example #2彼女の前でつい他の女の子がかわいいって言ってしまった。hintromajiEnglishかのじょのまえでついほかのおんなのこがかわいいっていってしまった。kanojo no mae de tsui hoka no onnano ko ga kawaii tte itte shimatta.Without thinking, I said some other girl was cute right in front of my girlfriend.",https://jlptsensei.com/learn-japanese-grammar/%e3%81%a4%e3%81%84-tsui-meaning/
tsui ni,ついに,Learn Japanese grammar: (tsui ni). Meaning: finally; at last; in the end ~. Meaning 1 – finally; at last. Meaning 2 – in the end.,"<table class=""table table-bordered table-sm usage""><tbody><tr><td>ついに</td><td>phrase</td></tr></tbody></table>",Example #1ついに着いたのだ！hintromajiEnglishついについたのだ！tsui ni tsuita no da!I finally arrived!,Example #2雨はついにやんだ。hintromajiEnglishあめはついにやんだ。ame wa tsui ni yanda.The rain stopped at last.,https://jlptsensei.com/learn-japanese-grammar/%e3%81%a4%e3%81%84%e3%81%ab-tsui-ni-meaning/
tsuide ni,ついでに,"Meaning: Taking the opportunity while doing something; incidentally. Learn Japanese Grammar 日本語文法 - JLPT N3 - ついでに (tsuide ni). Study example sentences, vocabulary list.","<table class=""table table-bordered table-sm usage""><tbody><tr><td>Verb (dictionary form)</td><td rowspan=""3"">ついでに</td></tr><tr><td>Verb (た form)</td></tr><tr><td>Noun + の</td></tr></tbody></table>","Example #1買い物のついでに、本屋に寄りました。hintromajiEnglishかいもののついでに、ほんやによりました。kaimono no tsuide ni, honya ni yorimashita.I stopped by a book store while shopping.","Example #2コンビニに行くなら、ついでにお茶も買ってきてくれない？hintromajiEnglishコンビニにいくなら、ついでにおちゃもかってきてくれない？konbini in iku nara, tsuide ni ocha mo katte kurenai?If you're already going to the convenience store, could you please also buy me some tea?",https://jlptsensei.com/learn-japanese-grammar/%e3%81%a4%e3%81%84%e3%81%a7%e3%81%ab-tsuide-ni-meaning/
tsumari,つまり,"Meaning: in other words; in summary. Learn Japanese Grammar 日本語文法 - JLPT N3 - つまり (tsumari). Study guide, example sentences, and vocabulary list.","<table class=""table table-bordered table-sm usage""><tbody><tr><td>Clause</td><td>つまり</td><td>alternative explanation</td></tr></tbody></table>","Example #1彼は獣医、つまり、動物の医者です。hintromajiEnglishかれはじゅうい、つまり、どうぶつのいしゃです。kare wa juui, tsumari, doubutsu no isha desu.He’s a veterinarian. In other words, he’s an animal doctor.","Example #2彼女は姉の娘だ。つまり、私にとっては姪です。hintromajiEnglishかのじょはあねのむすめだ。つまり、わたしにとってはめいです。kanojo wa ane no musume da. tsumari, watashi ni totte wa mei desu.She is my sister's daughter. In other words, my niece.",https://jlptsensei.com/learn-japanese-grammar/%e3%81%a4%e3%81%be%e3%82%8a-tsumari-meaning/
tsumori datta,つもりだった,Learn Japanese grammar: (tsumori datta). Meaning: I thought I~; I believe I~; was planning to~; was intending to ~. This is used to express you...,"<table class=""table table-bordered table-sm usage""><tbody><tr><td>Verb (ている form)</td><td rowspan=""3"">つもりだった<br/>つもりなのに</td></tr><tr><td>Verb (た form)</td></tr><tr><td>Noun + の</td></tr></tbody></table>",Example #1言ったつもりだった。hintromajiEnglishいったつもりだった。itta tsumori datta.I thought I said it.,Example #2私はそのメールを送ったつもりだった。hintromajiEnglishわたしはそのメールをおくったつもりだった。watashi wa sono meeru o okutta tsumori datta.I'm sure I sent that email.,https://jlptsensei.com/learn-japanese-grammar/%e3%81%a4%e3%82%82%e3%82%8a%e3%81%a0%e3%81%a3%e3%81%9f-tsumori-datta-meaning/
tsumori de,つもりで,with the intention of doing ~,<em>(no usage table)</em>,,,https://jlptsensei.com/learn-japanese-grammar/%e3%81%a4%e3%82%82%e3%82%8a%e3%81%a7-tsumori-de-meaning/
uchi ni,うちに,Learn Japanese grammar: (uchi ni). Meaning: while; before ~. This usually expresses taking advantage of an opportunity and to use a certain time wisely.,"<table class=""table table-bordered table-sm usage""><tbody><tr><td>Verb (casual form)</td><td rowspan=""4"">うちに</td></tr><tr><td>Noun + の</td></tr><tr><td>な-adjective + な</td></tr><tr><td>い-adjective</td></tr></tbody></table>","Example #1明るいうちに、帰りましょう。hintromajiEnglishあかるいうちに、かえりましょう。akarui uchi ni, kaerimashou.Let's head home while it's still light outside.","Example #2忘すれないうちに、メモをしておこう。hintromajiEnglishわすれないうちに、メモをしておこう。wasurenai uchi ni, memo o shite okou.Let's write a memo before you forget.",https://jlptsensei.com/learn-japanese-grammar/%e3%81%86%e3%81%a1%e3%81%ab-uchi-ni-meaning/
ue de,上で（うえで）,Learn Japanese grammar: 【うえで】(ue de). Meaning: upon; after; when; for; in order to. Usage 1) Verb (dictionary form) + 上で Meaning: for; in order to....,"<table class=""table table-bordered table-sm usage""><tbody><tr><td>Verb (dictionary form)</td><td rowspan=""3"">上で</td></tr><tr><td>Verb (た form)</td></tr><tr><td>Noun + の</td></tr></tbody></table>","Example #1外国語を勉強する上で辞書はなくてはならないものだ。hintromajiEnglishがいこくごをべんきょうするうえでじしょはなくてはならないものだ。gaikokugo o benkyousuru uede jisho wa nakutewa naranai monoda.In order to study a foreign language, you need to have a dictionary.","Example #2仕事をする上で大切なのは、周りとのコミュニケーションです。hintromajiEnglishしごとをするうえでたいせつなのは、まわりとのコミュニケーションです。shigoto o suru ue de taisetsu na no wa, mawari to no komyunikeeshon desu.In order to do one's job, what's important is communication with those around you.",https://jlptsensei.com/learn-japanese-grammar/%e4%b8%8a%e3%81%a7-%e3%81%86%e3%81%88%e3%81%a7-ue-de-meaning/
ue ni,上に（うえに）,Learn Japanese grammar: 【うえに】(ue ni). Meaning: as well; besides; in addition to; not only… but also ~.,"<table class=""table table-bordered table-sm usage""><tbody><tr><td>Verb (casual)</td><td rowspan=""4"">上(に)</td></tr><tr><td>Noun + の</td></tr><tr><td>な-adjective + な</td></tr><tr><td>い-adjective</td></tr></tbody></table>","Example #1今日は曇っている上に風が強いので、とても寒く感じられる。hintromajiEnglishきょうはくもっているうえにかぜがつよいので、とてもさむくかんじられる。kyou wa kumotteiru ue ni kaze ga tsuyoi node, totemo samuku kanjirareru.Today in addition to being cloudy, the wind is strong and so it feels very cold.","Example #2この店の料理はおいしい。その上、値段も安いのでいつもお客さんが多い。hintromajiEnglishこのみせのりょうりはおいしい。そのうえ、ねだんもやすいのでいつもおきゃくさんがおおい。kono mise no ryouri wa oishii. sono ue, nedan mo yasui no de itsumo okyakusan ga ooi.This restaurant's food is delicious. In addition, the prices are cheap so there are always a lot of customers.",https://jlptsensei.com/learn-japanese-grammar/%e4%b8%8a%e3%81%ab-ue-ni-meaning/
wa betsu toshite,は別として（はべつとして）,Learn Japanese grammar: 【はべつとして】(wa betsu toshite). Meaning: aside from; apart from; except for; whether or not ~.,"<table class=""table table-bordered table-sm usage""><tbody><tr><td>Noun</td><td rowspan=""4"">は別として<br/>はべつとして</td></tr><tr><td>Verb (casual) + かどうか</td></tr><tr><td>な-adjective + かどうか</td></tr><tr><td>い-adjective + かどうか</td></tr></tbody></table>","Example #1彼女の料理は見た目は別として、味はとても美味しい。hintromajiEnglishかのじょのりょうりはみためはべつとして、あじはとてもおいしい。kanojo no ryouri wa mitame wa betsu toshite, aji wa totemo oishii.Apart from the appearance, her food tastes very good.","Example #2天気は別として、それは楽しいピクニックだった。hintromajiEnglishてんきはべつとして、それはたのしいピクニックだった。tenki wa betsu toshite, sore wa tanoshii pikunikku datta.Apart from the weather, it was a fun picnic.",https://jlptsensei.com/learn-japanese-grammar/%e3%81%af%e5%88%a5%e3%81%a8%e3%81%97%e3%81%a6-wa-betsu-toshite-meaning/
wa mochiron,はもちろん,"Learn Japanese grammar: (wa mochiron). Meaning: not to mention; not only … but also ~. Not only [A], but also [B]. [A]), not to mention...","<table class=""table table-bordered table-sm usage""><tbody><tr><td>Noun</td><td rowspan=""2"">はもちろん</td><td>2nd clause + も</td></tr></tbody></table>","Example #1彼女は、勉強はもちろん料理もよくできる。hintromajiEnglishかのじょは、べんきょうはもちろんりょうりもよくできる。kanojo wa, benkyou wa mochiron ryouri mo yoku dekiru.Not only is she a good student, but she is also good at cooking.","Example #2おすしは日本ではもちろん、海外でも人気がある食べ物だ。hintromajiEnglishおすしはにほんではもちろん、かいがいでもにんきがあるたべものだ。osushi wa nihon de wa mochiron, kaigai demo ninki ga aru tabemono da.Sushi is of course popular in Japan, but it is a popular food overseas as well.",https://jlptsensei.com/learn-japanese-grammar/%e3%81%af%e3%82%82%e3%81%a1%e3%82%8d%e3%82%93-wa-mochiron-meaning/
wa~de yuumei,は～で有名（は～でゆうめい）,famous for ~,<em>(no usage table)</em>,,,https://jlptsensei.com/learn-japanese-grammar/%e3%81%af%ef%bd%9e%e3%81%a7%e6%9c%89%e5%90%8d-wa-de-yuumei-meaning/
wake da,わけだ,Learn Japanese grammar: (wake da). Meaning: for that reason; no wonder; as you’d expect; the fact is; so you mean ~.,"<table class=""table table-bordered table-sm usage""><tbody><tr><td>Verb (casual)</td><td rowspan=""4"">わけだ<br/>わけです</td></tr><tr><td>Noun + である</td></tr><tr><td>な-adjective + な</td></tr><tr><td>い-adjective</td></tr></tbody></table>","Example #1毎日ギターを弾くから上手に弾けるわけだ。hintromajiEnglishまいにちギターをひくからじょうずにひけるわけだ。mainichi gitaa o hiku kara jouzu ni hikeru wake da.I'm good at playing guitar, because I play every day.","Example #2暑いわけだ。気温が36度もある。hintromajiEnglishあついわけだ。きおんが36どもある。atsui wake da. kion ga 36 do mo aru.No wonder it feels so hot, it's 36 degrees (Celsius) out.",https://jlptsensei.com/learn-japanese-grammar/%e3%82%8f%e3%81%91%e3%81%a0-wake-da-meaning/
wake dewa nai,わけではない,Learn Japanese grammar: (wake dewa nai) / (wake janai). Meaning: it doesn’t mean that; it is not the case that; I don’t mean that; it...,"<table class=""table table-bordered table-sm usage""><tbody><tr><td>Verb (casual)</td><td rowspan=""4"">わけではない<br/>わけじゃない</td></tr><tr><td>Noun + (だ)という</td></tr><tr><td>な-adjective + な</td></tr><tr><td>い-adjective</td></tr></tbody></table>","Example #1料理が作れないわけではないが、忙しいからあまり作らない。hintromajiEnglishりょうりがつくれないわけではないが、いそがしいからあまりつくらない。ryouri ga tsukurenai wake dewa nai ga, isogashii kara amari tsukuranai.It's not that I can't cook. I'm just busy and don't do it that often.",Example #2先生は何でも知っているわけではありません。hintromajiEnglishせんせいはなんでもしっているわけではありません。sensei wa nan demo shitteiru wake dewa arimasen.It's not like the teacher knows everything.,https://jlptsensei.com/learn-japanese-grammar/%e3%82%8f%e3%81%91%e3%81%a7%e3%81%af%e3%81%aa%e3%81%84-wake-dewa-nai-%e3%82%8f%e3%81%91%e3%81%98%e3%82%83%e3%81%aa%e3%81%84-wake-janai-meaning/
wake ga nai,わけがない,Learn Japanese grammar: (wake ga nai). Meaning: there is no way that; it is impossible to ~.,"<table class=""table table-bordered table-sm usage""><tbody><tr><td>Verb (casual, non-past )</td><td rowspan=""4"">わけがない</td></tr><tr><td>Noun + である</td></tr><tr><td>な-adjective + な</td></tr><tr><td>い-adjective</td></tr></tbody></table>","Example #1彼はお金がないですから、家を買えるわけがない。hintromajiEnglishかれはおかねがないですから、いえをかえるわけがない。kare wa okane ga nai desu kara, ie o kaeru wake ga nai.He has no money, there's no way he can buy a house.",Example #2私がそんなものを食べられるわけがない。hintromajiEnglishわたしがそんなものをたべられるわけがない。watashi ga sonna mono o taberareru wake ga nai.There's no way I could eat anything like that..,https://jlptsensei.com/learn-japanese-grammar/%e3%82%8f%e3%81%91%e3%81%8c%e3%81%aa%e3%81%84-wake-ga-nai-meaning/
wake niwa ikanai,わけにはいかない,"Learn Japanese grammar: (wake niwa ikanai) & (wake niwa ikimasen). Meaning: must not; cannot afford to; must, have no choice but to ~. When used...","<table class=""table table-bordered table-sm usage""><tbody><tr><td>Verb (casual, non-past)</td><td rowspan=""2"">わけにはいかない<br/>わけにはいきません</td></tr><tr><td>Verb (ない form)</td></tr></tbody></table>","Example #1明日はテストがあるから、ゲームをするわけにはいかない。hintromajiEnglishあしたはテストがあるから、ゲームをするわけにはいかない。ashita wa tesuto ga aru kara, geemu o suru wake niwa ikanai.I have a test tomorrow, so there's no way I can play games right now.","Example #2日本の税金は、高くても払わないわけにはいかない。hintromajiEnglishにほんのぜいきんは、たかくてもはらわないわけにはいかない。nihon no zeikin wa, takaku temo harawanai wake niwa ikanai.Even if Japanese taxes are high, they must be paid.",https://jlptsensei.com/learn-japanese-grammar/%e3%82%8f%e3%81%91%e3%81%ab%e3%81%af%e3%81%84%e3%81%8b%e3%81%aa%e3%81%84-wake-niwa-ikanai-meaning/
wari ni,割に（わりに）,Learn Japanese grammar: 【わりに】(wari ni). Meaning: considering ~; for ~; despite ~~. Both the kanji and hiragana forms may be used.,"<table class=""table table-bordered table-sm usage""><tbody><tr><td>Verb (casual form)</td><td rowspan=""4"">割に（は）</td></tr><tr><td>Noun + の</td></tr><tr><td>な-adjective</td></tr><tr><td>い-adjective</td></tr></tbody></table>",Example #1彼は年のわりに元気だ。hintromajiEnglishかれはとしのわりにげんきだ。kare wa toshi no wari ni genki da.He is in good shape for his age.,"Example #2このカメラは高いわりに、よく売れる。hintromajiEnglishこのカメラはたかいわりに、よくうれる。kono kamera wa takai wari ni, yoku ureru.This camera sells unexpectedly well considering the high price.",https://jlptsensei.com/learn-japanese-grammar/%e5%89%b2%e3%81%ab-%e3%82%8f%e3%82%8a%e3%81%ab-wari-ni-meaning/
wazato,わざと,Learn Japanese grammar: (wazato). Meaning: on purpose; intentionally ~.,"<table class=""table table-bordered table-sm usage""><tbody><tr><td>わざと</td><td>action</td></tr></tbody></table>",Example #1彼はわざと間違えた。hintromajiEnglishかれはわざとまちがえた。kare wa wazato machigaeta.He made a mistake on purpose.,Example #2私は彼がわざとそうしたとは思いません。hintromajiEnglishわたしはかれがわざとそうしたとはおもいません。watashi wa kare ga wazato sou shita to wa omoimasen.I don't think that he did that on purpose.,https://jlptsensei.com/learn-japanese-grammar/%e3%82%8f%e3%81%96%e3%81%a8-wazato-meaning/
wazawaza,わざわざ,Learn Japanese grammar: (wazawaza). Meaning: to go to the trouble of; to go out of one’s way to ~. This is used to either: express...,"<table class=""table table-bordered table-sm usage""><tbody><tr><td>わざわざ</td><td>action</td></tr></tbody></table>","Example #1私が困っているとき、彼女はわざわざ助けてくれた。hintromajiEnglishわたしがこまっているとき、かのじょはわざわざたすけてくれた。watashi ga komatte iru toki, kanojo wa wazawaza tasukete kureta.She went out of her way to help me when I was in trouble.",Example #2あなたはわざわざ私の為にそれを買ってくれたのですか？hintromajiEnglishあなたはわざわざわたしのためにそれをかってくれたのですか？anata wa wazawaza watashi no tame ni sore o katte kureta no desu ka?Did you buy that just for me?,https://jlptsensei.com/learn-japanese-grammar/%e3%82%8f%e3%81%96%e3%82%8f%e3%81%96-wazawaza-meaning/
yorimo,よりも,Learn Japanese grammar: (yorimo). Meaning: in comparison to; rather than; more than ~. This is a stronger version of the original and can also be...,"<table class=""table table-bordered table-sm usage""><tbody><tr><td>Verb (casual)</td><td rowspan=""2"">よりも</td></tr><tr><td>Noun</td></tr></tbody></table>",Example #1兄は私よりも大きい。hintromajiEnglishあにはわたしよりもおおきい。ani wa watashi yorimo ookii.My older brother is bigger than I am.,Example #2量よりも質だ。hintromajiEnglishりょうよりもしつだ。ryou yori mo shitsu da.Quality matters more than quantity.,https://jlptsensei.com/learn-japanese-grammar/%e3%82%88%e3%82%8a%e3%82%82-yorimo-meaning/
you ga nai,ようがない,Learn Japanese grammar: (you ga nai). Meaning: there is no way to; it’s impossible to ~.,"<table class=""table table-bordered table-sm usage""><tbody><tr><td>Verb <s>ます</s> (stem form)</td><td>ようがない<br/>ようもない</td></tr></tbody></table>",Example #1どうにもしようがない。hintromajiEnglishどうにもしようがない。dou ni mo shiyou ga nai.Nothing can be done about it.,Example #2お礼の申し上げようもない。hintromajiEnglishおれいのもうしあげようもない。orei no moushiage you mo nai.I cannot thank you enough.,https://jlptsensei.com/learn-japanese-grammar/%e3%82%88%e3%81%86%e3%81%8c%e3%81%aa%e3%81%84-you-ga-nai-meaning/
you na ki ga suru,ような気がする（ようなきがする）,Learn Japanese grammar: 【ようなきがする】(you na ki ga suru). Meaning: have a feeling that; feels like; seems like; think that ~.,"<table class=""table table-bordered table-sm usage""><tbody><tr><td>Verb (casual) + ような</td><td rowspan=""4"">気がする</td></tr><tr><td>Noun + のような</td></tr><tr><td>な-adjective + な</td></tr><tr><td>い-adjective + ような</td></tr></tbody></table>",Example #1それが本当のような気がする。hintromajiEnglishそれがほんとうのようなきがする。sore ga hontou no you na ki ga suru.I feel that it is true.,Example #2分かるような気がする。hintromajiEnglishわかるようなきがする。wakaru you na ki ga suru.I think I understand.,https://jlptsensei.com/learn-japanese-grammar/%e3%82%88%e3%81%86%e3%81%aa%e6%b0%97%e3%81%8c%e3%81%99%e3%82%8b-you-na-ki-ga-suru-meaning/
you ni,ように,"Learn Japanese grammar: (you ni). Meaning: in order to, so that ~.","<table class=""table table-bordered table-sm usage""><tbody><tr><td>Verb (dictionary form)</td><td rowspan=""2"">ように</td></tr><tr><td>Verb (ない form)</td></tr></tbody></table>",Example #1バスに乗り遅れないように早く出ました。hintromajiEnglishバスにのりおくれないようにはやくでました。basu ni noriokurenai you ni hayaku demashita.I left early so I would not be late for the bus.,"Example #2先生の話を忘れないように、メモしておきます。hintromajiEnglishせんせいのはなしをわすれないように、メモしておきます。sensei no hanashi o wasurenai youni, memo shite okimasu.I will take some notes so as to not forget what the teacher said.",https://jlptsensei.com/learn-japanese-grammar/%e3%82%88%e3%81%86%e3%81%ab-you-ni-meaning-in-order-to/
you ni mieru,ように見える（ようにみえる）,to look; to seem; to appear ~,<em>(no usage table)</em>,,,https://jlptsensei.com/learn-japanese-grammar/%e3%82%88%e3%81%86%e3%81%ab%e8%a6%8b%e3%81%88%e3%82%8b-you-ni-mieru-meaning/
you to shinai,ようとしない,Learn Japanese grammar: (you to shinai). Meaning: not try to; not make an effort to ~. This must be used in combination with a verb’s...,"<table class=""table table-bordered table-sm usage""><tbody><tr><td>Verb (volitional form)<br/></td><td>としない</td></tr></tbody></table>",Example #1彼は早く寝ようとしない。hintromajiEnglishかれははやくねようとしない。kare wa hayaku neyou to shinai.He doesn't try to go to bed early.,Example #2その子供はどうしても野菜を食べようとしない。hintromajiEnglishそのこどもはどうしてもやさいをたべようとしない。sono kodomo wa doushitemo yasai o tabeyou to shinai.That kid will not even try to eat vegetables.,https://jlptsensei.com/learn-japanese-grammar/%e3%82%88%e3%81%86%e3%81%a8%e3%81%97%e3%81%aa%e3%81%84-you-to-shinai-meaning/
you to suru,ようとする,Learn Japanese grammar: (you to suru). Meaning: try to; attempt to; be about to ~. This is used to express that one was just about...,"<table class=""table table-bordered table-sm usage""><tbody><tr><td>Verb (volitional form)</td><td>とする<br/>とした<br/>としたら<br/>としていた</td></tr></tbody></table>","Example #1ドアを開けようとしたが、鍵がかかっていました。hintromajiEnglishドアをあけようとしたが、かぎがかかっていました。doa o akeyou to shita ga, kagi ga kakatte imashita.I tried opening the door, but it was locked.","Example #2お風呂に入ろうとしたら、電話が掛かってきた。hintromajiEnglishおふろにはいろうとしたら、でんわがかかってきた。ofuro ni hairou to shitara, denwa ga kakatte kita.Just as I was about to take a bath, the phone rang.",https://jlptsensei.com/learn-japanese-grammar/%e3%82%88%e3%81%86%e3%81%a8%e3%81%99%e3%82%8b-you-to-suru-meaning/
zuni,ずに,Learn Japanese grammar: (zuni). Meaning: without doing ~. This is used by adding ず（に）after a verb’s ない stem.,"<table class=""table table-bordered table-sm usage""><tbody><tr><td>Verb <s>ない</s> (ない stem)</td><td>ず（に）</td></tr><tr><td>する changes to</td><td>せず（に）</td></tr></tbody></table>",Example #1勉強せずに試験に受かった。hintromajiEnglishべんきょうせずにしけんにうかった。benkyou sezu ni shiken ni ukatta.I passed the exam without studying.,"Example #2今朝、私は朝ごはんを食べずに学校に来ました。hintromajiEnglishけさ、わたしはあさごはんをたべずにがっこうにきました。kesa, watashi wa asagohan o tabezuni gakkou ni kimashita.This morning I went to school without eating breakfast.",https://jlptsensei.com/learn-japanese-grammar/%e3%81%9a%e3%81%ab-zuni-meaning/
zuni wa irarenai,ずにはいられない,Learn Japanese grammar: (zu ni wa irarenai). Meaning: can’t help but feel; can’t help but do; must do; need to ~.,"<table class=""table table-bordered table-sm usage""><tbody><tr><td>Verb <s>ない</s> (ない stem)</td><td>ずにはいられない</td></tr></tbody></table>",Example #1あの本を読まずにはいられない。hintromajiEnglishあのほんをよまずにはいられない。ano hon o yomazu ni wa irarenai.I can't help but to read that book.,Example #2彼女は彼のことを考えずにはいられなかった。hintromajiEnglishかのじょはかれのことをかんがえずにはいられなかった。kanojo wa kare no koto o kangaezu ni wa irarenakatta.She couldn’t stop thinking of him.,https://jlptsensei.com/learn-japanese-grammar/%e3%81%9a%e3%81%ab%e3%81%af%e3%81%84%e3%82%89%e3%82%8c%e3%81%aa%e3%81%84-zu-ni-wa-irarenai-meaning/
zutsu,ずつ,Learn Japanese grammar: (zutsu). Meaning: apiece; each; at a time.,"<table class=""table table-bordered table-sm usage""><tbody><tr><td>Noun (measurable)</td><td>ずつ</td></tr></tbody></table>",Example #1私たちは一歩ずつ進みましょう。hintromajiEnglishわたしたちはいっぽずつすすみましょう。watashi tachi wa ippo zutsu susumi mashou.Let's move forward one step at a time.,Example #2彼女は少しずつ回復している。hintromajiEnglishかのじょはすこしずつかいふくしている。kanojo wa sukoshi zutsu kaifuku shite iru.She is recovering little-by-little.,https://jlptsensei.com/learn-japanese-grammar/jlpt-n3-grammar-%e3%81%9a%e3%81%a4-zutsu-meaning/
