name,meaning,info_html,ex1,ex2,source
あ,Learn Japanese vocabulary: (a). Meaning: Ah; oh.,<em>(No detailed table found)</em>,"Example #1あ、それはいいね。ふりがなromajiEnglishあ、それはいいね。a, sore wa ii ne.Oh, that's great.","Example #2あ、分かった。じゃあまた今度。ふりがなromajiEnglishあ、わかった。じゃあまたこんど。a, wakatta. jaa mata kondo.Oh, ok. Another time then.",https://jlptsensei.com/learn-japanese-vocabulary/%e3%81%82-a-meaning/
ああ,Learn Japanese vocabulary: (aa). Meaning: ah!; oh!; alas!​ yes; indeed; that is correct​,<em>(No detailed table found)</em>,"Example #1ああ、それは最高だった。ふりがなromajiEnglishああ、それはさいこうだった。aa, sore wa saikou datta.Yeah, it was really good!","Example #2ああ、やっと終わった。ふりがなromajiEnglishああ、やっとおわった。aa, yatto owatta.Well, we've finished at last.",https://jlptsensei.com/learn-japanese-vocabulary/%e3%81%82%e3%81%82-aa-meaning/
アフリカ,Africa,<em>(No detailed table found)</em>,,,https://jlptsensei.com/learn-japanese-vocabulary/%e3%82%a2%e3%83%95%e3%83%aa%e3%82%ab-afurika-meaning/
上がる,to rise,<em>(No detailed table found)</em>,,,https://jlptsensei.com/learn-japanese-vocabulary/%e4%b8%8a%e3%81%8c%e3%82%8b-%e3%81%82%e3%81%8c%e3%82%8b-agaru-meaning/
挨拶,Learn Japanese vocabulary: 【あいさつ】(aisatsu). Meaning: greeting; greetings; salutation; polite set phrase used when meeting or parting from somebody.,<em>(No detailed table found)</em>,Example #1そちらにご挨拶に伺いたい。ふりがなromajiEnglishそちらにごあいさつにうかがいたい。sochira ni go aisatsu ni ukagaitai.I want to go there to make greetings.,Example #2私は大きな声で挨拶が出来ません。ふりがなromajiEnglishわたしはおおきなこえであいさつができません。watashi wa ookina koe de aisatsu ga dekimasen.I cannot greet with a loud voice.,https://jlptsensei.com/learn-japanese-vocabulary/%e6%8c%a8%e6%8b%b6-%e3%81%82%e3%81%84%e3%81%95%e3%81%a4-aisatsu-meaning/
味,Learn Japanese vocabulary: 【あじ】(aji) Meaning: flavor; taste​ charm; appeal; uniqueness; attractiveness​ experience; taste (e.g. of victory),<em>(No detailed table found)</em>,Example #1味味はいかがですか。ふりがなromajiEnglishあじはいかがですか？aji wa ikaga desuka?How about the taste?,Example #2この料理は味が強い。ふりがなromajiEnglishこのりょうりはあじがつよい。kono ryouri wa aji ga tsuyoi.This dish has a strong taste.,https://jlptsensei.com/learn-japanese-vocabulary/%e5%91%b3-aji-meaning-flavor/
アジア,Asia,<em>(No detailed table found)</em>,,,https://jlptsensei.com/learn-japanese-vocabulary/%e3%82%a2%e3%82%b8%e3%82%a2-ajia-meaning/
赤ちゃん,baby; infant,<em>(No detailed table found)</em>,,,https://jlptsensei.com/learn-japanese-vocabulary/%e8%b5%a4%e3%81%a1%e3%82%83%e3%82%93-%e3%81%82%e3%81%8b%e3%81%a1%e3%82%83%e3%82%93-akachan-meaning/
赤ん坊,baby; infant,<em>(No detailed table found)</em>,,,https://jlptsensei.com/learn-japanese-vocabulary/%e8%b5%a4%e3%82%93%e5%9d%8a-akanbou-baby/
アクセサリー,accessory,<em>(No detailed table found)</em>,,,https://jlptsensei.com/learn-japanese-vocabulary/%e3%82%a2%e3%82%af%e3%82%bb%e3%82%b5%e3%83%aa%e3%83%bc-akusesarii-meaning/
アメリカ,Learn Japanese vocabulary: (amerika). Meaning: America.,<em>(No detailed table found)</em>,Example #1彼はアメリカへ行った。ふりがなromajiEnglishかれはアメリカへいった。kare wa amerika e itta.He has gone to America.,Example #2彼女はアメリカから来ました。ふりがなromajiEnglishかのじょはアメリカからきました。kanojo wa amerika kara kimashita.She is from America.,https://jlptsensei.com/learn-japanese-vocabulary/%e3%82%a2%e3%83%a1%e3%83%aa%e3%82%ab-amerika-meaning/
アナウンサー,announcer,<em>(No detailed table found)</em>,,,https://jlptsensei.com/learn-japanese-vocabulary/%e3%82%a2%e3%83%8a%e3%82%a6%e3%83%b3%e3%82%b5%e3%83%bc-anaunsaa-meaning/
あんな,such,<em>(No detailed table found)</em>,,,https://jlptsensei.com/learn-japanese-vocabulary/%e3%81%82%e3%82%93%e3%81%aa-anna-meaning/
案内,to guide,<em>(No detailed table found)</em>,,,https://jlptsensei.com/learn-japanese-vocabulary/%e6%a1%88%e5%86%85-%e3%81%82%e3%82%93%e3%81%aa%e3%81%84-annai-meaning/
安心,Learn Japanese vocabulary: 【あんしん】(anshin). Meaning: peace of mind.,<em>(No detailed table found)</em>,Example #1私はそれを飲むと安心する。ふりがなromajiEnglishわたしはそれをのむとあんしんする。watashi wa sore o nomu to anshin suru.I feel calm drinking that.,Example #2彼はそれを聞いて安心するでしょう。ふりがなromajiEnglishかれはそれをきいてあんしんするでしょう。kare wa sore o kiite anshin suru deshou.He is relieved to hear that.,https://jlptsensei.com/learn-japanese-vocabulary/%e5%ae%89%e5%bf%83-%e3%81%82%e3%82%93%e3%81%97%e3%82%93-anshin-meaning/
安全,Learn Japanese vocabulary: 【あんぜん】(anzen). Meaning: safety; security​.,<em>(No detailed table found)</em>,Example #1君はあんぜんな場所にいるよ。ふりがなromajiEnglishきみはあんぜんなばしょにいるよ。kimi wa anzen na basho ni iru yo.You are in a safe place.,Example #2この川で泳ぐのは安全ですか。ふりがなromajiEnglishこのかわでおよぐのはあんぜんですか。kono kawa de oyogu no wa anzen desuka.Is it safe to swim in this river?,https://jlptsensei.com/learn-japanese-vocabulary/%e5%ae%89%e5%85%a8-%e3%81%82%e3%82%93%e3%81%9c%e3%82%93-anzen-meaning/
アルバイト,part-time job,<em>(No detailed table found)</em>,,,https://jlptsensei.com/learn-japanese-vocabulary/%e3%82%a2%e3%83%ab%e3%83%90%e3%82%a4%e3%83%88-arubaito-meaning/
アルコール,alcohol,<em>(No detailed table found)</em>,,,https://jlptsensei.com/learn-japanese-vocabulary/%e3%82%a2%e3%83%ab%e3%82%b3%e3%83%bc%e3%83%ab-arukooru-meaning/
浅い,shallow,<em>(No detailed table found)</em>,,,https://jlptsensei.com/learn-japanese-vocabulary/%e6%b5%85%e3%81%84-%e3%81%82%e3%81%95%e3%81%84-asai-meaning/
遊び,Learn Japanese vocabulary: 【あそび】(asobi). Meaning: playing.,<em>(No detailed table found)</em>,Example #1子どもはあそびが好きだ。ふりがなromajiEnglishこどもはあそびがすきだ。kodomo wa asobi ga suki da.A child likes to play.,"Example #2この夏、私は遊びに行けなかった。ふりがなromajiEnglishこのなつ、わたしはあそびにいけなかった。kono natsu, watashi wa asobi ni ikenakatta.I couldn't go to play this summer.",https://jlptsensei.com/learn-japanese-vocabulary/%e9%81%8a%e3%81%b3-%e3%81%82%e3%81%9d%e3%81%b3-asobi-meaning/
集まる,Learn Japanese vocabulary: 【あつまる】(atsumaru) Meaning: to gather; to collect; to assemble.,<em>(No detailed table found)</em>,Example #1客がその売場に集まる。ふりがなromajiEnglishきゃくがそのうりばにあつまる。kyaku ga sono uriba ni atsumaru.The customers gathered at the sales floor.,Example #2彼の周りには人が集まる。ふりがなromajiEnglishかれのまわりにはひとがあつまる。kare no mawari niwa hito ga atsumaru.People gather around him.,https://jlptsensei.com/learn-japanese-vocabulary/%e9%9b%86%e3%81%be%e3%82%8b-atsumaru-meaning-to-gather/
集める,to collect; to assemble; to gather,<em>(No detailed table found)</em>,,,https://jlptsensei.com/learn-japanese-vocabulary/%e9%9b%86%e3%82%81%e3%82%8b-atsumeru-meaning-to-collect/
謝る,Learn Japanese vocabulary: 【あやまる】(ayamaru). Meaning: to apologize; to apologise.,<em>(No detailed table found)</em>,Example #1どうして謝るのですか。ふりがなromajiEnglishどうしてあやまるのですか。dou shite ayamaru no desuka.Why are you apologizing?,Example #2あなたは謝るひつようがないです。ふりがなromajiEnglishあなたはあやまるひつようがないです。anata wa ayamaru hitsuyou ga nai desu.You don't need to apologize.,https://jlptsensei.com/learn-japanese-vocabulary/%e8%ac%9d%e3%82%8b-%e3%81%82%e3%82%84%e3%81%be%e3%82%8b-ayamaru-meaning/
倍,Learn Japanese vocabulary: 【ばい】(bai). Meaning: twice; double.,<em>(No detailed table found)</em>,Example #1社長は私の歳の２倍です。ふりがなromajiEnglishしゃちょうはわたしのとしの２ばいです。shachou wa watashi no toshi no 2 bai desu.My boss is twice as old as I am.,Example #2彼の給料は７年前の２倍です。ふりがなromajiEnglishかれのきゅうりょうは７ねんまえの２ばいです。kare no kyuuryou wa 7 nen mae no 2 bai desu.His salary is double what it was seven years ago.,https://jlptsensei.com/learn-japanese-vocabulary/%e5%80%8d-%e3%81%b0%e3%81%84-bai-meaning/
番組,program (e.g. TV),<em>(No detailed table found)</em>,,,https://jlptsensei.com/learn-japanese-vocabulary/%e7%95%aa%e7%b5%84-%e3%81%b0%e3%82%93%e3%81%90%e3%81%bf-bangumi-meaning/
場所,Learn Japanese vocabulary: 【ばしょ】(basho). Meaning: place; location; spot; position​.,<em>(No detailed table found)</em>,Example #1そのばしょはとても混んでいました。ふりがなromajiEnglishそのばしょはとてもこんでいました。sono basho wa totemo konde imashita.That place was very crowded.,Example #2どこか行きたい場所はありますか？ふりがなromajiEnglishどこかいきたいばしょはありますか？doko ka ikitai basho wa arimasu ka?Are there any places you would like to go?,https://jlptsensei.com/learn-japanese-vocabulary/%e5%a0%b4%e6%89%80-%e3%81%b0%e3%81%97%e3%82%87-basho-meaning/
ベル,bell,<em>(No detailed table found)</em>,,,https://jlptsensei.com/learn-japanese-vocabulary/%e3%83%99%e3%83%ab-beru-meaning/
美術館,art gallery; art museum,<em>(No detailed table found)</em>,,,https://jlptsensei.com/learn-japanese-vocabulary/%e7%be%8e%e8%a1%93%e9%a4%a8-bijutsukan-art-gallery/
びっくり,Learn Japanese vocabulary: (bikkuri). Meaning: to be surprised; to be amazed; to be frightened; to be astonished; to get startled.,<em>(No detailed table found)</em>,Example #1私は本当にびっくりしたよ。ふりがなromajiEnglishわたしはほんとうにびっくりしたよ。watashi wa hontou ni bikkuri shita yo.I was very surprised.,Example #2彼はそれを聞いてびっくりした。ふりがなromajiEnglishかれはそれをきいてびっくりした。kare wa sore o kiite bikkuri shita.He was astonished to hear it.,https://jlptsensei.com/learn-japanese-vocabulary/%e3%81%b3%e3%81%a3%e3%81%8f%e3%82%8a-bikkuri-meaning/
ビル,building,<em>(No detailed table found)</em>,,,https://jlptsensei.com/learn-japanese-vocabulary/%e3%83%93%e3%83%ab-biru-meaning/
僕,Learn Japanese vocabulary: 【ぼく】(boku). Meaning: I (used by males).,<em>(No detailed table found)</em>,Example #1僕は君を愛している。ふりがなromajiEnglishぼくはきみをあいしている。boku wa kimi o aishite iru.I love you.,Example #2僕はその試合に勝った。ふりがなromajiEnglishぼくはそのしあいにかった。boku wa sono shiai ni katta.I won that match.,https://jlptsensei.com/learn-japanese-vocabulary/%e5%83%95-%e3%81%bc%e3%81%8f-boku-meaning/
貿易,Learn Japanese vocabulary: 【ぼうえき】(boueki). Meaning: trade (foreign).,<em>(No detailed table found)</em>,Example #1私はその会社でけいえいやぼうえきを学んだ。ふりがなromajiEnglishわたしはそのかいしゃでけいえいやぼうえきをまなんだ。watashi wa sono kaisha de keiei ya boueki o mananda.I learned management and trade at that company.,Example #2彼女はぼうえき会社で働いています。ふりがなromajiEnglishかのじょはぼうえきかいしゃではたらいています。kanojo wa boueki kaisha de hataraite imasu.She is working in a trade company.,https://jlptsensei.com/learn-japanese-vocabulary/%e8%b2%bf%e6%98%93-%e3%81%bc%e3%81%86%e3%81%88%e3%81%8d-boueki-meaning/
部長,"Learn Japanese vocabulary: 【 ぶちょう 】(buchou) Meaning: manager; head (chief, director) of a section or department.",<em>(No detailed table found)</em>,Example #1私は営業部長です。ふりがなromajiEnglishわたしはえいぎょうぶちょうです。watashi wa eigyou buchou desu.I am the sales manager.,Example #2彼が私のところの部長です。ふりがなromajiEnglishかれがわたしのところのぶちょうです。kare ga watashi no tokoro no buchou desu.He is the chief of my department.,https://jlptsensei.com/learn-japanese-vocabulary/%e9%83%a8%e9%95%b7-buchou-manager/
ぶどう,Learn Japanese vocabulary: (budou). Meaning: grapes.,<em>(No detailed table found)</em>,Example #1ワインはぶどうから作られます。ふりがなromajiEnglishワインはぶどうからつくられます。wain wa budou kara tsukuraremasu.Wine is made from grapes.,Example #2あなたはぶどう狩りに行きましたか。ふりがなromajiEnglishあなたはぶどうがりにいきましたか。anata wa budou gari ni ikimashita ka.Did you go grape picking?,https://jlptsensei.com/learn-japanese-vocabulary/%e3%81%b6%e3%81%a9%e3%81%86-budou-meaning/
文学,literature,<em>(No detailed table found)</em>,,,https://jlptsensei.com/learn-japanese-vocabulary/%e6%96%87%e5%ad%a6-bungaku-literature/
文化,Learn Japanese vocabulary: 【ぶんか】(bunka). Meaning: culture.,<em>(No detailed table found)</em>,Example #1彼は日本の文化に詳しい。ふりがなromajiEnglishかれはにほんのぶんかにくわしい。kare wa nihon no bunka ni kuwashii.He is familiar with Japanese culture.,Example #2私は日本とアメリカの文化のちがいを知りたい。ふりがなromajiEnglishわたしはにほんとアメリカのぶんかのちがいをしりたい。watashi wa nihon to amerika no bunka no chigai o shiritai.I want to know the differences between Japanese and American culture.,https://jlptsensei.com/learn-japanese-vocabulary/%e6%96%87%e5%8c%96-%e3%81%b6%e3%82%93%e3%81%8b-bunka-meaning/
文法,Learn Japanese vocabulary: 【ぶんぽう】(bunpou). Meaning: grammar.,<em>(No detailed table found)</em>,Example #1私はそのぶんぽうを覚えたいです。ふりがなromajiEnglishわたしはそのぶんぽうをおぼえたいです。watashi wa sono bunpou o oboetai desu.I want to memorize that grammar.,Example #2英語のぶんぽうは本当にややこしい。ふりがなromajiEnglishえいごのぶんぽうはほんとうにややこしい。eigo no bunpou wa hontou ni yayakoshii.English grammar is really confusing.,https://jlptsensei.com/learn-japanese-vocabulary/%e6%96%87%e6%b3%95-%e3%81%b6%e3%82%93%e3%81%bd%e3%81%86-bunpou-meaning/
ちゃん,suffix for familiar female person,<em>(No detailed table found)</em>,,,https://jlptsensei.com/learn-japanese-vocabulary/%e3%81%a1%e3%82%83%e3%82%93-chan-meaning/
チェック,to check,<em>(No detailed table found)</em>,,,https://jlptsensei.com/learn-japanese-vocabulary/%e3%83%81%e3%82%a7%e3%83%83%e3%82%af-chekku-meaning/
血,Learn Japanese vocabulary: 【ち】(chi). Meaning: blood.,<em>(No detailed table found)</em>,Example #1壁は血でよごれていた。ふりがなromajiEnglishかべはちでよごれていた。kabe wa chi de yogorete ita.The walls were smeared with blood.,Example #2彼はちを見るのが怖い。ふりがなromajiEnglishかれはちをみるのがこわい。kare wa chi o miru no ga kowai.It is scary for him to see blood.,https://jlptsensei.com/learn-japanese-vocabulary/%e8%a1%80-%e3%81%a1-chi-meaning/
力,energy; force; strength; might; power,<em>(No detailed table found)</em>,,,https://jlptsensei.com/learn-japanese-vocabulary/%e5%8a%9b-chikara-meaning-energy/
地理,geography,<em>(No detailed table found)</em>,,,https://jlptsensei.com/learn-japanese-vocabulary/%e5%9c%b0%e7%90%86-chiri-meaning-geography/
中学校,junior high school; middle school,<em>(No detailed table found)</em>,,,https://jlptsensei.com/learn-japanese-vocabulary/%e4%b8%ad%e5%ad%a6%e6%a0%a1-chuugakkou-middle-school/
注意,caution,<em>(No detailed table found)</em>,,,https://jlptsensei.com/learn-japanese-vocabulary/%e6%b3%a8%e6%84%8f-%e3%81%a1%e3%82%85%e3%81%86%e3%81%84-chuui-meaning/
注射,injection,<em>(No detailed table found)</em>,,,https://jlptsensei.com/learn-japanese-vocabulary/%e6%b3%a8%e5%b0%84-%e3%81%a1%e3%82%85%e3%81%86%e3%81%97%e3%82%83-chuusha-meaning/
駐車場,parking lot,<em>(No detailed table found)</em>,,,https://jlptsensei.com/learn-japanese-vocabulary/%e9%a7%90%e8%bb%8a%e5%a0%b4-%e3%81%a1%e3%82%85%e3%81%86%e3%81%97%e3%82%83%e3%81%98%e3%82%87%e3%81%86-chuushajou-meaning/
大分,considerably; greatly; a lot​,<em>(No detailed table found)</em>,,,https://jlptsensei.com/learn-japanese-vocabulary/%e5%a4%a7%e5%88%86-daibu-meaning-considerably/
大学生,university student; college student,<em>(No detailed table found)</em>,,,https://jlptsensei.com/learn-japanese-vocabulary/%e5%a4%a7%e5%ad%a6%e7%94%9f-daigakusei-university-student/
大事,Learn Japanese vocabulary: 【だいじ】(daiji). Meaning: important; serious; crucial.,<em>(No detailed table found)</em>,Example #1私はだいじなことを忘れていました。ふりがなromajiEnglishわたしはだいじなことをわすれていました。watashi wa daiji na koto o wasurete imashita.I was forgetting something important.,Example #2これには大事な点が2つあります。ふりがなromajiEnglishこれにはだいじなてんがふたつあります。kore ni wa daiji na ten ga futatsu arimasu.There are two important points to this.,https://jlptsensei.com/learn-japanese-vocabulary/%e5%a4%a7%e4%ba%8b-%e3%81%a0%e3%81%84%e3%81%98-daiji-meaning/
大体,Learn Japanese vocabulary: 【だいたい】(daitai). Meaning: outline; main point; gist​ general; substantially; approximately; about​; roughly,<em>(No detailed table found)</em>,Example #1それはだいたいいくらになりますか？ふりがなromajiEnglishそれはだいたいいくらになりますか？sore wa daitai ikura ni narimasuka?Roughly how much is that going to be?,Example #2彼はだいたい私と同じ大きさです。ふりがなromajiEnglishかれはだいたいわたしとおなじおおきさです。kare wa daitai watashi to onaji ookisa desu.He is about the same size as me.,https://jlptsensei.com/learn-japanese-vocabulary/%e5%a4%a7%e4%bd%93-%e3%81%a0%e3%81%84%e3%81%9f%e3%81%84-daitai-meaning/
暖房,heating,<em>(No detailed table found)</em>,,,https://jlptsensei.com/learn-japanese-vocabulary/%e6%9a%96%e6%88%bf-%e3%81%a0%e3%82%93%e3%81%bc%e3%81%86-danbou-meaning/
男性,man; male,<em>(No detailed table found)</em>,,,https://jlptsensei.com/learn-japanese-vocabulary/%e7%94%b7%e6%80%a7-dansei-man/
できるだけ,Learn Japanese vocabulary: (dekiru dake). Meaning: as much as possible.,<em>(No detailed table found)</em>,Example #1できるだけ早く来なさい。ふりがなromajiEnglishできるだけはやくきなさい。dekiru dake hayaku kinasai.Come as soon as possible.,Example #2私はできるだけ速く走る。ふりがなromajiEnglishわたしはできるだけはやくはしる。watashi wa dekiru dake hayaku hashiru.I will run as fast as possible.,https://jlptsensei.com/learn-japanese-vocabulary/%e3%81%a7%e3%81%8d%e3%82%8b%e3%81%a0%e3%81%91-dekiru-dake-meaning/
電報,Learn Japanese vocabulary: 【でんぽう】(denpou). Meaning: telegram.,<em>(No detailed table found)</em>,Example #1私は彼女からでんぽうを受け取った。ふりがなromajiEnglishわたしはかのじょからでんぽうをうけとった。watashi wa kanojo kara denpou o uketotta.I received a telegram from her.,Example #2誰が私に電報をよこしたのか。ふりがなromajiEnglishだれがわたしにでんぽうをよこしたのか。dare ga watashi ni denpou o yokoshita no ka.Who sent me the telegram?,https://jlptsensei.com/learn-japanese-vocabulary/%e9%9b%bb%e5%a0%b1-%e3%81%a7%e3%82%93%e3%81%bd%e3%81%86-denpou-meaning/
電灯,electric light,<em>(No detailed table found)</em>,,,https://jlptsensei.com/learn-japanese-vocabulary/%e9%9b%bb%e7%81%af-%e3%81%a7%e3%82%93%e3%81%a8%e3%81%86-dentou-meaning/
どんどん,Learn Japanese vocabulary: (dondon). Meaning: rapidly; quickly; steadily​ continuously; one after the other; in succession,<em>(No detailed table found)</em>,Example #1それはどんどん増えてきた。ふりがなromajiEnglishそれはどんどんふえてきた。sore wa dondon fuete kita.That rapidly increased.,Example #2あなたをどんどん好きになりました。ふりがなromajiEnglishあなたをどんどんすきになりました。anata o dondon suki ni narimashita.I have increasingly liked you more.,https://jlptsensei.com/learn-japanese-vocabulary/%e3%81%a9%e3%82%93%e3%81%a9%e3%82%93-dondon-meaning/
泥棒,thief,<em>(No detailed table found)</em>,,,https://jlptsensei.com/learn-japanese-vocabulary/%e6%b3%a5%e6%a3%92-%e3%81%a9%e3%82%8d%e3%81%bc%e3%81%86-dorobou-meaning/
動物園,zoo; zoological gardens,<em>(No detailed table found)</em>,,,https://jlptsensei.com/learn-japanese-vocabulary/%e5%8b%95%e7%89%a9%e5%9c%92-%e3%81%a9%e3%81%86%e3%81%b6%e3%81%a4%e3%81%88%e3%82%93-doubutsuen-meaning/
道具,tool,<em>(No detailed table found)</em>,,,https://jlptsensei.com/learn-japanese-vocabulary/%e9%81%93%e5%85%b7-%e3%81%a9%e3%81%86%e3%81%90-dougu-meaning/
枝,Learn Japanese vocabulary: 【えだ】(eda). Meaning: branch; bough; twig.,<em>(No detailed table found)</em>,Example #1リスは枝の上にいます。ふりがなromajiEnglishリスはえだのうえにいます。risu wa eda no ue ni imasu.A squirrel is on the branch.,Example #2彼は枝からりんごをねじり取った。ふりがなromajiEnglishかれはえだからりんごをねじりとった。kare wa eda kara ringo o nejiri totta.He wrenched an apple from the branch.,https://jlptsensei.com/learn-japanese-vocabulary/%e6%9e%9d-%e3%81%88%e3%81%a0-eda-meaning/
遠慮,Learn Japanese vocabulary: 【えんりょ】(enryo). Meaning: reserve; constraint; restraint; modesty; discretion; refraining.,<em>(No detailed table found)</em>,Example #1私はそれほどえんりょしません。ふりがなromajiEnglishわたしはそれほどえんりょしません。watashi wa sorehodo enryo shimasen.I don't restrain myself that much.,Example #2タバコはご遠慮ください。ふりがなromajiEnglishタバコはごえんりょください。tabako wa go enryo kudasai.Please refrain from smoking.,https://jlptsensei.com/learn-japanese-vocabulary/%e9%81%a0%e6%85%ae-%e3%81%88%e3%82%93%e3%82%8a%e3%82%87-enryo-meaning/
選ぶ,to choose,<em>(No detailed table found)</em>,,,https://jlptsensei.com/learn-japanese-vocabulary/%e9%81%b8%e3%81%b6-%e3%81%88%e3%82%89%e3%81%b6-erabu-meaning/
エスカレーター,escalator,<em>(No detailed table found)</em>,,,https://jlptsensei.com/learn-japanese-vocabulary/%e3%82%a8%e3%82%b9%e3%82%ab%e3%83%ac%e3%83%bc%e3%82%bf%e3%83%bc-esukareetaa-meaning/
ファックス,Learn Japanese vocabulary: (fakkusu). Meaning: fax.,<em>(No detailed table found)</em>,Example #1ファックスの番号を教えていただけますか？ふりがなromajiEnglishファックスのばんごうをおしえていただけますか？fakkusu no bangou o oshiete itadakemasu ka?Could you tell me your fax number?,Example #2できるだけ早くこのファックスを送って下さい。ふりがなromajiEnglishできるだけはやくこのファックスをおくって下さい。dekiru dake hayaku kono fakkusu o okutte kudasai.Please get this fax off as soon as you can.,https://jlptsensei.com/learn-japanese-vocabulary/%e3%83%95%e3%82%a1%e3%83%83%e3%82%af%e3%82%b9-fakkusu-meaning/
不便,inconvenience,<em>(No detailed table found)</em>,,,https://jlptsensei.com/learn-japanese-vocabulary/%e4%b8%8d%e4%be%bf-%e3%81%b5%e3%81%b9%e3%82%93-fuben-meaning/
増える,Learn Japanese vocabulary: 【ふえる】(fueru). Meaning: to increase.,<em>(No detailed table found)</em>,Example #1私たちはぶかつの時間が増える。ふりがなromajiEnglishわたしたちはぶかつのじかんがふえる。watashi wa bukatsu no jikan ga fueru.Our club activities time is increasing.,Example #2私はあなたの生徒が増えると嬉しいです。ふりがなromajiEnglishわたしはあなたのせいとがふえるとうれしいです。watashi wa anata no seito ga fueru to ureshii desu.I would be happy if your students increase.,https://jlptsensei.com/learn-japanese-vocabulary/%e5%a2%97%e3%81%88%e3%82%8b-%e3%81%b5%e3%81%88%e3%82%8b-fueru-meaning/
深い,deep,<em>(No detailed table found)</em>,,,https://jlptsensei.com/learn-japanese-vocabulary/%e6%b7%b1%e3%81%84-%e3%81%b5%e3%81%8b%e3%81%84-fukai-meaning/
復習,Learn Japanese vocabulary: 【ふくしゅう】(fukushuu) Meaning: review (of learned material); revision.,<em>(No detailed table found)</em>,Example #1復習しましょう。ふりがなromajiEnglishふくしゅうしましょう。fukushuu shimashou.Let's review.,Example #2第５課を復習しましょう。ふりがなromajiEnglishだい５かをふくしゅうしましょう。dai 5 ka wo fukushuu shimashou.Let's review Lesson 5.,https://jlptsensei.com/learn-japanese-vocabulary/%e5%be%a9%e7%bf%92-fukushuu-review/
複雑,Learn Japanese vocabulary: 【ふくざつ】(fukuzatsu). Meaning: complex; complicated; intricate; mixed (feelings).,<em>(No detailed table found)</em>,Example #1それは私にとって複雑でした。ふりがなromajiEnglishそれはわたしにとってふくざつでした。sore wa watashi ni totte fukuzatsu deshita.It was complicated for me.,Example #2私の家族はふくざつな関係です。ふりがなromajiEnglishわたしのかぞくはふくざつなかんけいです。watashi no kazoku wa fukuzatsu na kankei desu.My family has a complex relationship.,https://jlptsensei.com/learn-japanese-vocabulary/%e8%a4%87%e9%9b%91-%e3%81%b5%e3%81%8f%e3%81%96%e3%81%a4-fukuzatsu-meaning/
踏む,to step on,<em>(No detailed table found)</em>,,,https://jlptsensei.com/learn-japanese-vocabulary/%e8%b8%8f%e3%82%80-%e3%81%b5%e3%82%80-fumu-meaning/
船,ship,<em>(No detailed table found)</em>,,,https://jlptsensei.com/learn-japanese-vocabulary/%e8%88%b9-%e3%81%b5%e3%81%ad-fune-meaning/
降り出す,to start to rain,<em>(No detailed table found)</em>,,,https://jlptsensei.com/learn-japanese-vocabulary/%e9%99%8d%e3%82%8a%e5%87%ba%e3%81%99-%e3%81%b5%e3%82%8a%e3%81%a0%e3%81%99-furidasu-meaning/
布団,"Japanese bedding, futon",<em>(No detailed table found)</em>,,,https://jlptsensei.com/learn-japanese-vocabulary/%e5%b8%83%e5%9b%a3-%e3%81%b5%e3%81%a8%e3%82%93-futon-meaning/
太る,to become fat,<em>(No detailed table found)</em>,,,https://jlptsensei.com/learn-japanese-vocabulary/%e5%a4%aa%e3%82%8b-%e3%81%b5%e3%81%a8%e3%82%8b-futoru-meaning/
普通,usually,<em>(No detailed table found)</em>,,,https://jlptsensei.com/learn-japanese-vocabulary/%e6%99%ae%e9%80%9a-%e3%81%b5%e3%81%a4%e3%81%86-futsuu-meaning/
ガラス,Learn Japanese vocabulary: (garasu). Meaning: a glass.,<em>(No detailed table found)</em>,Example #1そこではガラス細工を売っています。ふりがなromajiEnglishそこではガラスさいくをうっています。soko de garasu saiku o utte imasu.Glass crafts are sold there.,Example #2彼はガラスの破片で手を切った。ふりがなromajiEnglishかれはガラスのはへんでてをきった。kare wa garasu no hahen de te o kitta.He cut his hand on a piece of glass.,https://jlptsensei.com/learn-japanese-vocabulary/%e3%82%ac%e3%83%a9%e3%82%b9-garasu-meaning/
ガソリン,Learn Japanese vocabulary: (gasorin). Meaning: gasoline; petrol.,<em>(No detailed table found)</em>,Example #1彼女の車にガソリンを入れた。ふりがなromajiEnglishかのじょのくるまにガソリンをいれた。kanojo no kuruma ni gasorin o ireta.I put gasoline in her car.,Example #2私の兄はガソリンの店で働いています。ふりがなromajiEnglishわたしのあにはガソリンのみせではたらいています。watashi no ani wa gasorin no mise de hataraite imasu.My brother works at a gasoline store.,https://jlptsensei.com/learn-japanese-vocabulary/%e3%82%ac%e3%82%bd%e3%83%aa%e3%83%b3-gasorin-meaning/
ガソリンスタンド,petrol station,<em>(No detailed table found)</em>,,,https://jlptsensei.com/learn-japanese-vocabulary/%e3%82%ac%e3%82%bd%e3%83%aa%e3%83%b3%e3%82%b9%e3%82%bf%e3%83%b3%e3%83%89-gasorin-sutando-meaning/
ガス,petrol,<em>(No detailed table found)</em>,,,https://jlptsensei.com/learn-japanese-vocabulary/%e3%82%ac%e3%82%b9-gasu-meaning/
原因,cause,<em>(No detailed table found)</em>,,,https://jlptsensei.com/learn-japanese-vocabulary/%e5%8e%9f%e5%9b%a0-%e3%81%92%e3%82%93%e3%81%84%e3%82%93-genin-meaning/
下宿,lodging,<em>(No detailed table found)</em>,,,https://jlptsensei.com/learn-japanese-vocabulary/%e4%b8%8b%e5%ae%bf-%e3%81%92%e3%81%97%e3%82%85%e3%81%8f-geshuku-meaning/
技術,"art,technology,skill",<em>(No detailed table found)</em>,,,https://jlptsensei.com/learn-japanese-vocabulary/%e6%8a%80%e8%a1%93-%e3%81%8e%e3%81%98%e3%82%85%e3%81%a4-gijutsu-meaning/
ごちそう,a feast,<em>(No detailed table found)</em>,,,https://jlptsensei.com/learn-japanese-vocabulary/%e3%81%94%e3%81%a1%e3%81%9d%e3%81%86-gochisou-meaning/
ごみ,rubbish,<em>(No detailed table found)</em>,,,https://jlptsensei.com/learn-japanese-vocabulary/%e3%81%94%e3%81%bf-gomi-meaning/
ご覧になる,(respectful) to see,<em>(No detailed table found)</em>,,,https://jlptsensei.com/learn-japanese-vocabulary/%e3%81%94%e8%a6%a7%e3%81%ab%e3%81%aa%e3%82%8b-%e3%81%94%e3%82%89%e3%82%93%e3%81%ab%e3%81%aa%e3%82%8b-goran-ni-naru-meaning/
ご主人,your husband; her husband,<em>(No detailed table found)</em>,,,https://jlptsensei.com/learn-japanese-vocabulary/%e3%81%94%e4%b8%bb%e4%ba%ba-%e3%81%94%e3%81%97%e3%82%85%e3%81%98%e3%82%93-goshujin-meaning/
ご存じ,Learn Japanese vocabulary: 【ごぞんじ】(gozonji). Meaning: knowing.,<em>(No detailed table found)</em>,Example #1あの人をご存じですか。ふりがなromajiEnglishあのひとをごぞんじですか。ano hito wa gozonji desuka.Do you know that man?,Example #2私がたまごを嫌いなのはご存じでしょう。ふりがなromajiEnglishわたしがたまごをきらいなのはごぞんじでしょう。watashi ga tamago o kirai na no wa gozonji deshou.You know that I don't like eggs.,https://jlptsensei.com/learn-japanese-vocabulary/%e3%81%94%e5%ad%98%e3%81%98-%e3%81%94%e3%81%9e%e3%82%93%e3%81%98-gozonji-meaning/
具合,condition; health,<em>(No detailed table found)</em>,,,https://jlptsensei.com/learn-japanese-vocabulary/%e5%85%b7%e5%90%88-%e3%81%90%e3%81%82%e3%81%84-guai-meaning/
葉,leaves; leaf,<em>(No detailed table found)</em>,,,https://jlptsensei.com/learn-japanese-vocabulary/%e8%91%89-%e3%81%af-ha-meaning/
拝見,seeing; looking at​,<em>(No detailed table found)</em>,,,https://jlptsensei.com/learn-japanese-vocabulary/%e6%8b%9d%e8%a6%8b-%e3%81%af%e3%81%84%e3%81%91%e3%82%93-haiken-meaning/
歯医者,dentist,<em>(No detailed table found)</em>,,,https://jlptsensei.com/learn-japanese-vocabulary/%e6%ad%af%e5%8c%bb%e8%80%85-%e3%81%af%e3%81%84%e3%81%97%e3%82%83-haisha-meaning/
はっきり,Learn Japanese vocabulary: (hakkiri). Meaning: clearly; plainly; distinctly​.,<em>(No detailed table found)</em>,Example #1私の声がはっきり聞こえますか。ふりがなromajiEnglishわたしのこえがはっきりきこえますか。watashi no koe ga hakkiri kikoe masuka.Can you hear my voice clearly?,Example #2それはまだはっきり決まっていない。ふりがなromajiEnglishそれはまだはっきりきまっていない。sore wa mada hakkiri kimatte inai.That hasn't been clearly decided on.,https://jlptsensei.com/learn-japanese-vocabulary/%e3%81%af%e3%81%a3%e3%81%8d%e3%82%8a-hakkiri-meaning/
運ぶ,to carry,<em>(No detailed table found)</em>,,,https://jlptsensei.com/learn-japanese-vocabulary/%e9%81%8b%e3%81%b6-%e3%81%af%e3%81%93%e3%81%b6-hakobu-meaning/
花見,cherry blossom viewing; flower viewing,<em>(No detailed table found)</em>,,,https://jlptsensei.com/learn-japanese-vocabulary/%e8%8a%b1%e8%a6%8b-hanami-cherry-blossom-viewing/
ハンドバッグ,handbag,<em>(No detailed table found)</em>,,,https://jlptsensei.com/learn-japanese-vocabulary/%e3%83%8f%e3%83%b3%e3%83%89%e3%83%90%e3%83%83%e3%82%b0-handobaggu-meaning/
反対,opposition,<em>(No detailed table found)</em>,,,https://jlptsensei.com/learn-japanese-vocabulary/%e5%8f%8d%e5%af%be-%e3%81%af%e3%82%93%e3%81%9f%e3%81%84-hantai-meaning/
払う,to pay,<em>(No detailed table found)</em>,,,https://jlptsensei.com/learn-japanese-vocabulary/%e6%89%95%e3%81%86-%e3%81%af%e3%82%89%e3%81%86-harau-meaning/
発音,pronunciation,<em>(No detailed table found)</em>,,,https://jlptsensei.com/learn-japanese-vocabulary/%e7%99%ba%e9%9f%b3-%e3%81%af%e3%81%a4%e3%81%8a%e3%82%93-hatsuon-meaning/
林,woods; forest,<em>(No detailed table found)</em>,,,https://jlptsensei.com/learn-japanese-vocabulary/%e6%9e%97-%e3%81%af%e3%82%84%e3%81%97-hayashi-meaning/
恥ずかしい,Learn Japanese vocabulary: 【はずかしい】(hazukashii). Meaning: embarrassing; embarrassed; ashamed; shy.,<em>(No detailed table found)</em>,Example #1私はとても恥ずかしい。ふりがなromajiEnglishわたしはとてもはずかしい。watashi wa totemo hazukashii.I am very embarrassed.,Example #2彼のことを恥ずかしいと思います。ふりがなromajiEnglishかれのことをはずかしいとおもいます。kare no koto o hazukashii to omoimasu.I'm embarrassed about him.,https://jlptsensei.com/learn-japanese-vocabulary/%e6%81%a5%e3%81%9a%e3%81%8b%e3%81%97%e3%81%84-%e3%81%af%e3%81%9a%e3%81%8b%e3%81%97%e3%81%84-hazukashii-meaning/
変,Learn Japanese vocabulary: 【へん】(hen). Meaning: strange; peculiar; weird.,<em>(No detailed table found)</em>,Example #1私は変な音を聞いた。ふりがなromajiEnglishわたしはへんなおとをきいた。watashi wa hen na oto o kiita.I heard a strange sound.,Example #2このチーズは変な味がする。ふりがなromajiEnglishこのチーズはへんなあじがする。kono chiizu wa hen na aji ga suru.This cheese has a peculiar taste.,https://jlptsensei.com/learn-japanese-vocabulary/%e5%a4%89-%e3%81%b8%e3%82%93-hen-meaning/
返事,reply; answer; response,<em>(No detailed table found)</em>,,,https://jlptsensei.com/learn-japanese-vocabulary/%e8%bf%94%e4%ba%8b-%e3%81%b8%e3%82%93%e3%81%98-henji-meaning/
火,fire,<em>(No detailed table found)</em>,,,https://jlptsensei.com/learn-japanese-vocabulary/%e7%81%ab-%e3%81%b2-hi-meaning/
酷い,Learn Japanese vocabulary: 【ひどい】(hidoi). Meaning: very bad; terrible; awful​.,<em>(No detailed table found)</em>,Example #1昨日はひどい雨でした。ふりがなromajiEnglishきのうはひどいあめでした。kinou wa hidoi ame deshita.There was terrible rain yesterday.,Example #2彼はひどい風邪をひいた。ふりがなromajiEnglishかれはひどいかぜをひいた。kare wa hidoi kaze o hiita.He caught a terrible cold.,https://jlptsensei.com/learn-japanese-vocabulary/%e9%85%b7%e3%81%84-%e3%81%b2%e3%81%a9%e3%81%84-hidoi-meaning/
冷える,"Learn Japanese vocabulary: 【ひえる】(hieru). Meaning: to grow cold (from room temperature, e.g. in refrigerator); to get chilly; to cool down.",<em>(No detailed table found)</em>,Example #1それが冷えるのは時間がかかる。ふりがなromajiEnglishそれがひえるのはじかんがかかる。sore ga hieru no wa jikan ga kakaru.It takes time for that to chill.,Example #2私の手はとても冷えてしまった。ふりがなromajiEnglishわたしのてはとてもひえてしまった。watashi no te wa totemo hiete shimatta.My hands got so chilly.,https://jlptsensei.com/learn-japanese-vocabulary/%e5%86%b7%e3%81%88%e3%82%8b-%e3%81%b2%e3%81%88%e3%82%8b-hieru-meaning/
髭,beard,<em>(No detailed table found)</em>,,,https://jlptsensei.com/learn-japanese-vocabulary/%e9%ab%ad-%e3%81%b2%e3%81%92-hige-meaning/
非常に,extremely,<em>(No detailed table found)</em>,,,https://jlptsensei.com/learn-japanese-vocabulary/%e9%9d%9e%e5%b8%b8%e3%81%ab-%e3%81%b2%e3%81%98%e3%82%87%e3%81%86%e3%81%ab-hijou-ni-meaning/
光,light,<em>(No detailed table found)</em>,,,https://jlptsensei.com/learn-japanese-vocabulary/%e5%85%89-%e3%81%b2%e3%81%8b%e3%82%8a-hikari-meaning/
光る,to shine,<em>(No detailed table found)</em>,,,https://jlptsensei.com/learn-japanese-vocabulary/%e5%85%89%e3%82%8b-%e3%81%b2%e3%81%8b%e3%82%8b-hikaru-meaning/
引き出し,drawer,<em>(No detailed table found)</em>,,,https://jlptsensei.com/learn-japanese-vocabulary/%e5%bc%95%e3%81%8d%e5%87%ba%e3%81%97-%e3%81%b2%e3%81%8d%e3%81%a0%e3%81%97-hikidashi-meaning/
引き出す,to withdraw,<em>(No detailed table found)</em>,,,https://jlptsensei.com/learn-japanese-vocabulary/%e5%bc%95%e3%81%8d%e5%87%ba%e3%81%99-%e3%81%b2%e3%81%8d%e3%81%a0%e3%81%99-hikidasu-meaning/
引っ越す,to move house,<em>(No detailed table found)</em>,,,https://jlptsensei.com/learn-japanese-vocabulary/%e5%bc%95%e3%81%a3%e8%b6%8a%e3%81%99-%e3%81%b2%e3%81%a3%e3%81%93%e3%81%99-hikkosu-meaning/
飛行場,airfield; airport,<em>(No detailed table found)</em>,,,https://jlptsensei.com/learn-japanese-vocabulary/%e9%a3%9b%e8%a1%8c%e5%a0%b4-%e3%81%b2%e3%81%93%e3%81%86%e3%81%98%e3%82%87%e3%81%86-hikoujou-meaning/
開く,to open; to undo; to unseal; to unpack,<em>(No detailed table found)</em>,,,https://jlptsensei.com/learn-japanese-vocabulary/%e9%96%8b%e3%81%8f-hiraku-to-open-undo/
拾う,to pick up,<em>(No detailed table found)</em>,,,https://jlptsensei.com/learn-japanese-vocabulary/%e6%8b%be%e3%81%86-%e3%81%b2%e3%82%8d%e3%81%86-hirou-meaning/
昼間,daytime; during the day,<em>(No detailed table found)</em>,,,https://jlptsensei.com/learn-japanese-vocabulary/%e6%98%bc%e9%96%93-hiruma-daytime/
昼休み,Learn Japanese vocabulary: 【ひるやすみ】(hiruyasumi) Meaning: lunch break; noon recess; noon rest period.,<em>(No detailed table found)</em>,Example #1昼休みにしよう。ふりがなromajiEnglishひるやすみにしよう。hiruyasumi ni shiyou.Let's break for lunch.,Example #2私は今昼休みです。ふりがなromajiEnglishわたしはいまひるやすみです。watashi wa ima hiru yasumi desu.I'm on my lunch break now.,https://jlptsensei.com/learn-japanese-vocabulary/%e6%98%bc%e4%bc%91%e3%81%bf-hiruyasumi-lunch-break/
久しぶり,Learn Japanese vocabulary: 【ひさしぶり】(hisashiburi). Meaning: a long time (since the last time); first in a long time.,<em>(No detailed table found)</em>,Example #1久しぶりにお酒を飲みました。ふりがなromajiEnglishひさしぶりにおさけをのみました。hisashiburi ni osake o nomimashita.I am drank alcohol for the first time in a while.,Example #2あなたの顔を久しぶりに見た。ふりがなromajiEnglishあなたのかおをひさしぶりにみた。anata no kao o hisashiburi ni mita.I saw your face for the first time in a long time.,https://jlptsensei.com/learn-japanese-vocabulary/%e4%b9%85%e3%81%97%e3%81%b6%e3%82%8a-%e3%81%b2%e3%81%95%e3%81%97%e3%81%b6%e3%82%8a-hisashiburi-meaning/
褒める,to praise,<em>(No detailed table found)</em>,,,https://jlptsensei.com/learn-japanese-vocabulary/%e8%a4%92%e3%82%81%e3%82%8b-%e3%81%bb%e3%82%81%e3%82%8b-homeru-meaning/
翻訳,translation,<em>(No detailed table found)</em>,,,https://jlptsensei.com/learn-japanese-vocabulary/%e7%bf%bb%e8%a8%b3-%e3%81%bb%e3%82%93%e3%82%84%e3%81%8f-honyaku-meaning/
星,star,<em>(No detailed table found)</em>,,,https://jlptsensei.com/learn-japanese-vocabulary/%e6%98%9f-%e3%81%bb%e3%81%97-hoshi-meaning/
ほとんど,Learn Japanese vocabulary: (hotondo). Meaning: mostly; nearly; practically; all but; almost​; hardly.,<em>(No detailed table found)</em>,Example #1私はほとんど寝ていません。ふりがなromajiEnglishわたしはほとんどねていません。watashi wa hotondo nete imasen.I mostly don't sleep.,Example #2彼はほとんど失敗しない。ふりがなromajiEnglishかれはほとんどしっぱいしない。kare wa hotondo shippai shinai.He hardly fails.,https://jlptsensei.com/learn-japanese-vocabulary/%e3%81%bb%e3%81%a8%e3%82%93%e3%81%a9-hotondo-meaning/
法律,law,<em>(No detailed table found)</em>,,,https://jlptsensei.com/learn-japanese-vocabulary/%e6%b3%95%e5%be%8b-%e3%81%bb%e3%81%86%e3%82%8a%e3%81%a4-houritsu-meaning/
放送,to broadcast,<em>(No detailed table found)</em>,,,https://jlptsensei.com/learn-japanese-vocabulary/%e6%94%be%e9%80%81-%e3%81%bb%e3%81%86%e3%81%9d%e3%81%86-housou-meaning/
一度,once; one time; on one occasion,<em>(No detailed table found)</em>,,,https://jlptsensei.com/learn-japanese-vocabulary/%e4%b8%80%e5%ba%a6-ichido-meaning-once/
以外,Learn Japanese vocabulary: 【いがい】(igai) Meaning: with the exception of; excepting.,<em>(No detailed table found)</em>,Example #1仕事以外のことも話せてよかったです。ふりがなromajiEnglishしごといがいのこともはなせてよかったです。shigoto igai no koto mo hanasete yokatta desu.I was glad to be able to talk about something other than work.,Example #2私は彼女以外はみんな好きだ。ふりがなromajiEnglishわたしはかのじょいがいはみんなすきだ。watashi wa kanojo igai wa minna suki da.I like everyone aside from her.,https://jlptsensei.com/learn-japanese-vocabulary/%e4%bb%a5%e5%a4%96-igai-exception-of/
医学,Learn Japanese vocabulary: 【いがく】(igaku) Meaning: medical science; medicine.,<em>(No detailed table found)</em>,Example #1私は医学を専攻しています。ふりがなromajiEnglishわたしはいがくをせんこうしています。watashi wa igaku wo senkou shiteimasu.I'm majoring in medicine.,Example #2私はアメリカで医学を学ぶつもりです。ふりがなromajiEnglishわたしはアメリカでいがくをまなぶつもりです。watashi wa amerika de igaku wo manabu tsumori desu.I plan to study medicine in America.,https://jlptsensei.com/learn-japanese-vocabulary/%e5%8c%bb%e5%ad%a6-igaku-medical-science/
いじめる,to tease,<em>(No detailed table found)</em>,,,https://jlptsensei.com/learn-japanese-vocabulary/%e3%81%84%e3%81%98%e3%82%81%e3%82%8b-ijimeru-meaning/
以上,Learn Japanese vocabulary: 【いじょう】(ijou). Meaning: not less than; … and more; … and upwards​ beyond … (e.g. one’s means); further (e.g. nothing further to say);...,<em>(No detailed table found)</em>,Example #1私からは以上でございます。ふりがなromajiEnglishわたしからはいじょうでございます。watashi kara ijou degozaimasu.I do not have any further statements to make.,Example #2ご注文は以上ですか？ふりがなromajiEnglishごちゅうもんはいじょうですか？gochuumon wa ijou desuka?Is that all for your order?,https://jlptsensei.com/learn-japanese-vocabulary/%e4%bb%a5%e4%b8%8a-%e3%81%84%e3%81%98%e3%82%87%e3%81%86-ijou-meaning/
以下,not exceeding,<em>(No detailed table found)</em>,,,https://jlptsensei.com/learn-japanese-vocabulary/%e4%bb%a5%e4%b8%8b-%e3%81%84%e3%81%8b-ika-meaning/
意見,Learn Japanese vocabulary: (iken) Meaning: opinion; view; comment.,<em>(No detailed table found)</em>,Example #1意見を聞かせてください。ふりがなromajiEnglishいけんをきかせてください。iken wo kikasete kudasai.Please tell me your opinion.,Example #2私の意見は違います。ふりがなromajiEnglishわたしのいけんはちがいます。watashi no iken wa chigaimasu.My opinion is different.,https://jlptsensei.com/learn-japanese-vocabulary/%e6%84%8f%e8%a6%8b-iken-opinion/
生き物,living thing,<em>(No detailed table found)</em>,,,https://jlptsensei.com/learn-japanese-vocabulary/%e7%94%9f%e3%81%8d%e7%89%a9-%e3%81%84%e3%81%8d%e3%82%82%e3%81%ae-ikimono-meaning/
生きる,to live,<em>(No detailed table found)</em>,,,https://jlptsensei.com/learn-japanese-vocabulary/%e7%94%9f%e3%81%8d%e3%82%8b-%e3%81%84%e3%81%8d%e3%82%8b-ikiru-meaning/
以内,Learn Japanese vocabulary: 【いない】(inai). Meaning: within.,<em>(No detailed table found)</em>,Example #11時間いないにあなたに電話します。ふりがなromajiEnglish1じかんいないにあなたにでんわします。ichi jikan inai ni anata ni denwa shimasu.I will call you within an hour.,Example #2彼女は１じかん以内に戻ります。ふりがなromajiEnglishかのじょは１じかんいないにもどります。kanojo wa ichi jikan inai ni modori masu.She will return within an hour.,https://jlptsensei.com/learn-japanese-vocabulary/%e4%bb%a5%e5%86%85-%e3%81%84%e3%81%aa%e3%81%84-inai-meaning/
田舎,Learn Japanese vocabulary: 【いなか】(inaka). Meaning: rural area; countryside.,<em>(No detailed table found)</em>,Example #1彼はいなかに住んでいる。ふりがなromajiEnglishかれはいなかにすんでいる。kare wa inaka ni sunde iru.He dwells in the countryside.,Example #2私は田舎に住みたい。ふりがなromajiEnglishわたしはいなかにすみたい。watashi wa inaka ni sumitai.I want to live in rural areas.,https://jlptsensei.com/learn-japanese-vocabulary/%e7%94%b0%e8%88%8e-%e3%81%84%e3%81%aa%e3%81%8b-inaka-meaning/
祈る,to pray,<em>(No detailed table found)</em>,,,https://jlptsensei.com/learn-japanese-vocabulary/%e7%a5%88%e3%82%8b-%e3%81%84%e3%81%ae%e3%82%8b-inoru-meaning/
いっぱい,Learn Japanese vocabulary: (ippai). Meaning: full; a lot; much​.,<em>(No detailed table found)</em>,Example #1私はサラダをいっぱい食べた。ふりがなromajiEnglishわたしはサラダをいっぱいたべた。watashi wa sarada o ippai tabeta.I ate a lot of salad.,Example #2私はもうお腹がいっぱいです。ふりがなromajiEnglishわたしはもうおなかがいっぱいです。watashi wa mou onaka ga ippai desu.I am already full.,https://jlptsensei.com/learn-japanese-vocabulary/%e3%81%84%e3%81%a3%e3%81%b1%e3%81%84-ippai-meaning/
色んな,various,<em>(No detailed table found)</em>,,,https://jlptsensei.com/learn-japanese-vocabulary/%e8%89%b2%e3%82%93%e3%81%aa-ironna-meaning/
石,stone,<em>(No detailed table found)</em>,,,https://jlptsensei.com/learn-japanese-vocabulary/%e7%9f%b3-%e3%81%84%e3%81%97-ishi-meaning/
急ぐ,to hurry; to rush; to hasten; to make something happen sooner,<em>(No detailed table found)</em>,,,https://jlptsensei.com/learn-japanese-vocabulary/%e6%80%a5%e3%81%90-isogu-to-hurry/
一生懸命,Learn Japanese vocabulary: 【いっしょうけんめい】(isshoukenmei) Meaning: very hard; with utmost effort; with all one’s might; for dear life​.,<em>(No detailed table found)</em>,Example #1私は一生懸命勉強しました。ふりがなromajiEnglishわたしはいっしょうけんめいべんきょうしました。watashi wa isshoukenmei benkyou shimashita.I have been studying hard.,Example #2彼女は一生懸命働いている。ふりがなromajiEnglishかのじょはいっしょうけんめいはたらいている。kanojo wa isshoukenmei hataraite iru.She is hard at work.,https://jlptsensei.com/learn-japanese-vocabulary/%e4%b8%80%e7%94%9f%e6%87%b8%e5%91%bd-isshoukenmei-meaning-with-utmost-effort/
頂く,Learn Japanese vocabulary: 【いただく】(itadaku). Meaning: to receive; to get; to accept; to take.,<em>(No detailed table found)</em>,Example #1もしかしたら休暇をいただくかもしれません。ふりがなromajiEnglishもしかしたらきゅうかをいただくかもしれません。moshika shitara kyuuka o itadaku kamo shiremasen.I might receive a vacation.,Example #2あなたから頂いた手紙がとても嬉しかった。ふりがなromajiEnglishあなたからいただいたてがみがとてもうれしかった。anata kara itadaita tegami ga totemo ureshikatta.I was very happy about the letter that I received from you.,https://jlptsensei.com/learn-japanese-vocabulary/%e9%a0%82%e3%81%8f-%e3%81%84%e3%81%9f%e3%81%a0%e3%81%8f-itadaku-meaning/
致す,(humble) to do,<em>(No detailed table found)</em>,,,https://jlptsensei.com/learn-japanese-vocabulary/%e8%87%b4%e3%81%99-%e3%81%84%e3%81%9f%e3%81%99-itasu-meaning/
糸,thread,<em>(No detailed table found)</em>,,,https://jlptsensei.com/learn-japanese-vocabulary/%e7%b3%b8-%e3%81%84%e3%81%a8-ito-meaning/
ジャム,jam,<em>(No detailed table found)</em>,,,https://jlptsensei.com/learn-japanese-vocabulary/%e3%82%b8%e3%83%a3%e3%83%a0-jamu-meaning/
字,character,<em>(No detailed table found)</em>,,,https://jlptsensei.com/learn-japanese-vocabulary/%e5%ad%97-%e3%81%98-ji-meaning/
時代,period,<em>(No detailed table found)</em>,,,https://jlptsensei.com/learn-japanese-vocabulary/%e6%99%82%e4%bb%a3-%e3%81%98%e3%81%a0%e3%81%84-jidai-meaning/
事故,accident,<em>(No detailed table found)</em>,,,https://jlptsensei.com/learn-japanese-vocabulary/%e4%ba%8b%e6%95%85-%e3%81%98%e3%81%93-jiko-meaning/
事務所,office,<em>(No detailed table found)</em>,,,https://jlptsensei.com/learn-japanese-vocabulary/%e4%ba%8b%e5%8b%99%e6%89%80-%e3%81%98%e3%82%80%e3%81%97%e3%82%87-jimusho-meaning/
神社,Shinto shrine,<em>(No detailed table found)</em>,,,https://jlptsensei.com/learn-japanese-vocabulary/%e7%a5%9e%e7%a4%be-jinja-meaning-shinto-shrine/
人口,Learn Japanese vocabulary: 【 じんこう 】(jinkou) Meaning: population.,<em>(No detailed table found)</em>,Example #1日本は人口が多い。ふりがなromajiEnglishにほんはじんこうがおおい。nihon wa jinkou ga ooi.Japan has a large population.,Example #2日本の人口は何人ですか。ふりがなromajiEnglishにほんのじんこうはなんにんですか。nihon no jinkou wa nannin desu ka.What is the population of Japan?,https://jlptsensei.com/learn-japanese-vocabulary/%e4%ba%ba%e5%8f%a3-jinkou-population/
人生,human life,<em>(No detailed table found)</em>,,,https://jlptsensei.com/learn-japanese-vocabulary/%e4%ba%ba%e7%94%9f-%e3%81%98%e3%82%93%e3%81%9b%e3%81%84-jinsei-meaning/
地震,earthquake,<em>(No detailed table found)</em>,,,https://jlptsensei.com/learn-japanese-vocabulary/%e5%9c%b0%e9%9c%87-jishin-meaning-earthquake/
辞典,dictionary,<em>(No detailed table found)</em>,,,https://jlptsensei.com/learn-japanese-vocabulary/%e8%be%9e%e5%85%b8-%e3%81%98%e3%81%a6%e3%82%93-jiten-meaning/
自由,freedom,<em>(No detailed table found)</em>,,,https://jlptsensei.com/learn-japanese-vocabulary/%e8%87%aa%e7%94%b1-%e3%81%98%e3%82%86%e3%81%86-jiyuu-meaning/
女性,woman; female,<em>(No detailed table found)</em>,,,https://jlptsensei.com/learn-japanese-vocabulary/%e5%a5%b3%e6%80%a7-%e3%81%98%e3%82%87%e3%81%9b%e3%81%84-josei-meaning/
準備,to prepare,<em>(No detailed table found)</em>,,,https://jlptsensei.com/learn-japanese-vocabulary/%e6%ba%96%e5%82%99-%e3%81%98%e3%82%85%e3%82%93%e3%81%b3-junbi-meaning/
十分,enough; sufficient; plenty; adequate; satisfactory,<em>(No detailed table found)</em>,,,https://jlptsensei.com/learn-japanese-vocabulary/%e5%8d%81%e5%88%86-juubun-meaning-sufficient/
柔道,judo,<em>(No detailed table found)</em>,,,https://jlptsensei.com/learn-japanese-vocabulary/%e6%9f%94%e9%81%93-%e3%81%98%e3%82%85%e3%81%86%e3%81%a9%e3%81%86-juudou-meaning/
住所,address,<em>(No detailed table found)</em>,,,https://jlptsensei.com/learn-japanese-vocabulary/%e4%bd%8f%e6%89%80-%e3%81%98%e3%82%85%e3%81%86%e3%81%97%e3%82%87-juusho-meaning/
カーテン,curtain,<em>(No detailed table found)</em>,,,https://jlptsensei.com/learn-japanese-vocabulary/%e3%82%ab%e3%83%bc%e3%83%86%e3%83%b3-kaaten-meaning/
壁,wall,<em>(No detailed table found)</em>,,,https://jlptsensei.com/learn-japanese-vocabulary/%e5%a3%81-%e3%81%8b%e3%81%b9-kabe-meaning/
課長,section manager; section chief,<em>(No detailed table found)</em>,,,https://jlptsensei.com/learn-japanese-vocabulary/%e8%aa%b2%e9%95%b7-kachou-section-manager/
帰り,Learn Japanese vocabulary: 【かえり】(kaeri). Meaning: return; coming back.,<em>(No detailed table found)</em>,Example #1今日は帰りが遅いです。ふりがなromajiEnglishきょうはかえりがおそいです。kyou wa kaeri ga osoi desu.I will be late home today.,Example #2これは帰りの切符だ。ふりがなromajiEnglishこれはかえりのきっぷだ。kore wa kaeri no kippu da.Here's my return ticket.,https://jlptsensei.com/learn-japanese-vocabulary/%e5%b8%b0%e3%82%8a-%e3%81%8b%e3%81%88%e3%82%8a-kaeri-meaning/
変える,Learn Japanese vocabulary: 【かえる】(kaeru). Meaning: to change; to alter; to transform; to convert; to turn; to vary​ to reform; to revise; to amend,<em>(No detailed table found)</em>,Example #1それは変えるひつようがある。ふりがなromajiEnglishそれはかえるひつようがある。sore wa kaeru hitsuyou ga aru.There is a need for that to change.,Example #2過去は変えることができない。ふりがなromajiEnglishかこはかえることができない。kako wa kaeru koto ga dekinai.You cannot change the past.,https://jlptsensei.com/learn-japanese-vocabulary/%e5%a4%89%e3%81%88%e3%82%8b-%e3%81%8b%e3%81%88%e3%82%8b-kaeru-meaning/
科学,science,<em>(No detailed table found)</em>,,,https://jlptsensei.com/learn-japanese-vocabulary/%e7%a7%91%e5%ad%a6-kagaku-science/
鏡,Learn Japanese vocabulary: 【かがみ】(kagami). Meaning: mirror.,<em>(No detailed table found)</em>,Example #1私はかがみの前で歌います。ふりがなromajiEnglishわたしはかがみのまえでうたいます。watashi wa kagami no mae de utaimasu.I sing in front of the mirror.,Example #2このかがみは誰かが忘れた物です。ふりがなromajiEnglishこのかがみはだれかがわすれたものです。kono kagami wa dareka ga wasureta mono desu.This mirror is something that someone has forgotten.,https://jlptsensei.com/learn-japanese-vocabulary/%e9%8f%a1-%e3%81%8b%e3%81%8c%e3%81%bf-kagami-meaning/
海岸,coast,<em>(No detailed table found)</em>,,,https://jlptsensei.com/learn-japanese-vocabulary/%e6%b5%b7%e5%b2%b8-%e3%81%8b%e3%81%84%e3%81%8c%e3%82%93-kaigan-meaning/
会議,Learn Japanese vocabulary: 【かいぎ】(kaigi) Meaning: meeting; conference; session; assembly.,<em>(No detailed table found)</em>,Example #1会議は５時までに終わります。ふりがなromajiEnglishかいぎは５じまでにおわります。kaigi wa 5 ji made ni owari masu.The meeting will go until 5.,Example #2大阪において、国際会議が行われた。ふりがなromajiEnglishおおさかにおいて、こくさいかいぎがおこなわれた。oosaka ni oite kokusai kaigi ga okonawareta.There was an international meeting held in Osaka.,https://jlptsensei.com/learn-japanese-vocabulary/%e4%bc%9a%e8%ad%b0-kaigi-meaning-meeting/
会議室,conference room; conference hall; council room,<em>(No detailed table found)</em>,,,https://jlptsensei.com/learn-japanese-vocabulary/%e4%bc%9a%e8%ad%b0%e5%ae%a4-kaigishitsu-meaning-conference-room/
会場,assembly hall; meeting place; venue; grounds,<em>(No detailed table found)</em>,,,https://jlptsensei.com/learn-japanese-vocabulary/%e4%bc%9a%e5%a0%b4-kaijou-meeting-place/
会話,Learn Japanese vocabulary: (kaiwa) Meaning: conversation.,<em>(No detailed table found)</em>,Example #1私たちはほとんど日本語で会話をする。ふりがなromajiEnglishわたしたちはほとんどにほんごでかいわをする。watashitachi wa hotondo nihongo de kaiwa wo suru.We speak mostly in Japanese.,Example #2あなたと日本語で会話したい。ふりがなromajiEnglishあなたとにほんごでかいわしたい。anata to nihongo de kaiwa shitai.I want to have a conversation with you in Japanese.,https://jlptsensei.com/learn-japanese-vocabulary/%e4%bc%9a%e8%a9%b1-kaiwa-conversation/
火事,fire,<em>(No detailed table found)</em>,,,https://jlptsensei.com/learn-japanese-vocabulary/%e7%81%ab%e4%ba%8b-%e3%81%8b%e3%81%98-kaji-meaning/
格好,Learn Japanese vocabulary: 【かっこう】(kakkou). Meaning: shape; form; figure; posture; pose appearance​,<em>(No detailed table found)</em>,Example #1あなたはそのかっこうが似合っていますね。ふりがなromajiEnglishあなたはそのかっこうがにあっていますね。anata wa sono kakkou ga niatte imasu ne.You look good in those clothes!,Example #2この洋服のかっこうが気に入った。ふりがなromajiEnglishこのようふくのかっこうがきにはいった。kono youfuku no kakkou ga ki ni haitta.I like the cut of the coat.,https://jlptsensei.com/learn-japanese-vocabulary/%e6%a0%bc%e5%a5%bd-%e3%81%8b%e3%81%a3%e3%81%93%e3%81%86-kakkou-meaning/
構う,to mind,<em>(No detailed table found)</em>,,,https://jlptsensei.com/learn-japanese-vocabulary/%e6%a7%8b%e3%81%86-%e3%81%8b%e3%81%be%e3%81%86-kamau-meaning/
髪,hair,<em>(No detailed table found)</em>,,,https://jlptsensei.com/learn-japanese-vocabulary/%e9%ab%aa-%e3%81%8b%e3%81%bf-kami-meaning/
噛む,"to bite,to chew",<em>(No detailed table found)</em>,,,https://jlptsensei.com/learn-japanese-vocabulary/%e5%99%9b%e3%82%80-%e3%81%8b%e3%82%80-kamu-meaning/
家内,(my) wife; inside the home; one's family,<em>(No detailed table found)</em>,,,https://jlptsensei.com/learn-japanese-vocabulary/%e5%ae%b6%e5%86%85-kanai-wife-inside-home/
必ず,Learn Japanese vocabulary: 【かならず】(kanarazu). Meaning: always; without exception; necessarily; certainly; without fail; positively; invariably.,<em>(No detailed table found)</em>,Example #1その本はかならず売れる。ふりがなromajiEnglishそのほんはかならずうれる。sono hon wa kanarazu ureru.That book will certainly sell.,Example #2僕たちはかならず勝つ。ふりがなromajiEnglishぼくたちはかならずかつ。boku tachi wa kanarazu katsu.We will always win.,https://jlptsensei.com/learn-japanese-vocabulary/%e5%bf%85%e3%81%9a-%e3%81%8b%e3%81%aa%e3%82%89%e3%81%9a-kanarazu-meaning/
悲しい,sad,<em>(No detailed table found)</em>,,,https://jlptsensei.com/learn-japanese-vocabulary/%e6%82%b2%e3%81%97%e3%81%84-%e3%81%8b%e3%81%aa%e3%81%97%e3%81%84-kanashii-meaning/
考える,to think,<em>(No detailed table found)</em>,,,https://jlptsensei.com/learn-japanese-vocabulary/%e8%80%83%e3%81%88%e3%82%8b-%e3%81%8b%e3%82%93%e3%81%8c%e3%81%88%e3%82%8b-kangaeru-meaning/
看護婦,female nurse,<em>(No detailed table found)</em>,,,https://jlptsensei.com/learn-japanese-vocabulary/%e7%9c%8b%e8%ad%b7%e5%a9%a6-%e3%81%8b%e3%82%93%e3%81%94%e3%81%b5-kangofu-meaning/
関係,relationship,<em>(No detailed table found)</em>,,,https://jlptsensei.com/learn-japanese-vocabulary/%e9%96%a2%e4%bf%82-%e3%81%8b%e3%82%93%e3%81%91%e3%81%84-kankei-meaning/
彼女,Learn Japanese vocabulary: 【かのじょ】(kanojo). Meaning: she; her​.,<em>(No detailed table found)</em>,Example #1彼女は誰ですか。ふりがなromajiEnglish彼女はだれですか。kanojo wa dare desuka.Who is she?,Example #2彼女は子どもがいない。ふりがなromajiEnglishかのじょはこどもがいない。kanojo wa kodomo ga inai.She has no children.,https://jlptsensei.com/learn-japanese-vocabulary/%e5%bd%bc%e5%a5%b3-%e3%81%8b%e3%81%ae%e3%81%98%e3%82%87-kanojo-meaning/
簡単,simple; easy,<em>(No detailed table found)</em>,,,https://jlptsensei.com/learn-japanese-vocabulary/%e7%b0%a1%e5%8d%98-%e3%81%8b%e3%82%93%e3%81%9f%e3%82%93-kantan-meaning/
彼,Learn Japanese vocabulary: 【かれ】(kare). Meaning: he; him​; his.,<em>(No detailed table found)</em>,Example #1私は彼のぶかです。ふりがなromajiEnglishわたしはかれのぶかです。watashi wa kare no buka desu.I am his subordinate.,Example #2これは彼の本ですか。ふりがなromajiEnglishこれはかれのほんですか。kore wa kare no hon desuka.Is this his book?,https://jlptsensei.com/learn-japanese-vocabulary/%e5%bd%bc-%e3%81%8b%e3%82%8c-kare-meaning/
彼ら,they; them,<em>(No detailed table found)</em>,,,https://jlptsensei.com/learn-japanese-vocabulary/%e5%bd%bc%e3%82%89-%e3%81%8b%e3%82%8c%e3%82%89-karera-meaning/
形,Learn Japanese vocabulary: 【かたち】(katachi). Meaning: form; shape; figure​.,<em>(No detailed table found)</em>,Example #1その山の形は面白いですね。ふりがなromajiEnglishそのやまのかたちはおもしろいですね。sono yama no katachi wa omoshiroi desune.The shape of the mountain is interesting.,Example #2この商品の形はしっかりしている。ふりがなromajiEnglishこのしょうひんのかたちはしっかりしている。kono shouhin no katachi wa shikkari shite iru.The shape of this product is very solid.,https://jlptsensei.com/learn-japanese-vocabulary/%e5%bd%a2-%e3%81%8b%e3%81%9f%e3%81%a1-katachi-meaning/
片付ける,to tidy up,<em>(No detailed table found)</em>,,,https://jlptsensei.com/learn-japanese-vocabulary/%e7%89%87%e4%bb%98%e3%81%91%e3%82%8b-%e3%81%8b%e3%81%9f%e3%81%a5%e3%81%91%e3%82%8b-katadzukeru-meaning/
硬い,Learn Japanese vocabulary: 【かたい】(katai). Meaning: hard.,<em>(No detailed table found)</em>,Example #1このペンは硬いです。ふりがなromajiEnglishこのペンはかたいです。kono pen wa katai desu.This pen is hard.,"Example #2ストラップが硬いので変更したいです。ふりがなromajiEnglishストラップがかたいのでへんこうしたいです。sutorappu ga katai no de henkou shitai desu.Since the strap is hard, I want to change it.",https://jlptsensei.com/learn-japanese-vocabulary/%e7%a1%ac%e3%81%84-%e3%81%8b%e3%81%9f%e3%81%84-katai-meaning/
勝つ,Learn Japanese vocabulary: 【かつ】(katsu). Meaning: to win.,<em>(No detailed table found)</em>,Example #1今はどちらが勝っているのですか。ふりがなromajiEnglishいまはどちらがかっているのですか。ima wa dochira ga katte iru no desuka.Which side is winning now?,Example #2我々のチームは勝っている。ふりがなromajiEnglishわれわれのチームはかっている。wareware no chiimu wa katte iru.Our team is winning.,https://jlptsensei.com/learn-japanese-vocabulary/%e5%8b%9d%e3%81%a4-%e3%81%8b%e3%81%a4-katsu-meaning/
乾く,to get dry,<em>(No detailed table found)</em>,,,https://jlptsensei.com/learn-japanese-vocabulary/%e4%b9%be%e3%81%8f-%e3%81%8b%e3%82%8f%e3%81%8f-kawaku-meaning/
代わり,instead; in place,<em>(No detailed table found)</em>,,,https://jlptsensei.com/learn-japanese-vocabulary/%e4%bb%a3%e3%82%8f%e3%82%8a-%e3%81%8b%e3%82%8f%e3%82%8a-kawari-meaning/
変わる,to change,<em>(No detailed table found)</em>,,,https://jlptsensei.com/learn-japanese-vocabulary/%e5%a4%89%e3%82%8f%e3%82%8b-%e3%81%8b%e3%82%8f%e3%82%8b-kawaru-meaning/
通う,"Learn Japanese vocabulary: 【かよう】(kayou). Meaning: to go to and from (a place); to go back and forth between; to run between (e.g. bus, train, etc.);...",<em>(No detailed table found)</em>,Example #1彼らはバスで学校にかよう。ふりがなromajiEnglishかれらはバスでがっこうにかよう。karera wa basu de gakkou ni kayou.They go to school by bus.,Example #2あなたはまだスポーツクラブに通っていますか？ふりがなromajiEnglishあなたはまだスポーツクラブにかよっていますか？anata wa mada supootsu kurabu ni kayotte imasu ka?Are you still go to the sports club?,https://jlptsensei.com/learn-japanese-vocabulary/%e9%80%9a%e3%81%86-%e3%81%8b%e3%82%88%e3%81%86-kayou-meaning/
飾る,Learn Japanese vocabulary: 【かざる】(kazaru). Meaning: to decorate; to ornament; to adorn.,<em>(No detailed table found)</em>,Example #1あなたの部屋にこれを飾ってください。ふりがなromajiEnglishあなたのへやにこれをかざってください。anata no heya ni kore o kazatte kudasai.Please decorate your room with this.,Example #2私はすてきな空き缶を飾っています。ふりがなromajiEnglishわたしはすてきなあきかんをかざっています。watashi wa suteki na akikan o kazatte imasu.I decorate stuff with great empty cans.,https://jlptsensei.com/learn-japanese-vocabulary/%e9%a3%be%e3%82%8b-%e3%81%8b%e3%81%96%e3%82%8b-kazaru-meaning/
毛,Learn Japanese vocabulary: 【け】(ke). Meaning: hair or fur.,<em>(No detailed table found)</em>,Example #1彼女の髪のけは長い。ふりがなromajiEnglishかのじょのかみのけいはながい。konojo no kami no kei wa nagai.Her hair is long.,Example #2彼の毛はとても柔らかい。ふりがなromajiEnglishかれのけはとてもやわらかい。kare no kei wa totemo yawarakai.His hair is very soft.,https://jlptsensei.com/learn-japanese-vocabulary/%e6%af%9b-%e3%81%91-ke-meaning/
ケーキ,Learn Japanese vocabulary: (keeki). Meaning: cake.,<em>(No detailed table found)</em>,Example #1私はケーキが好きです。ふりがなromajiEnglishわたしはケーキがすきです。watashi wa keeki ga suki desu.I am fond of cake.,Example #2私はケーキを持って来ましたよ。ふりがなromajiEnglishわたしはケーキをもってきましたよ。watashi wa keeki o motte kimashita yo.I brought a cake.,https://jlptsensei.com/learn-japanese-vocabulary/%e3%82%b1%e3%83%bc%e3%82%ad-keeki-meaning/
怪我,to injure,<em>(No detailed table found)</em>,,,https://jlptsensei.com/learn-japanese-vocabulary/%e6%80%aa%e6%88%91-%e3%81%91%e3%81%8c-kega-meaning/
計画,to plan,<em>(No detailed table found)</em>,,,https://jlptsensei.com/learn-japanese-vocabulary/%e8%a8%88%e7%94%bb-%e3%81%91%e3%81%84%e3%81%8b%e3%81%8f-keikaku-meaning/
経験,to experience,<em>(No detailed table found)</em>,,,https://jlptsensei.com/learn-japanese-vocabulary/%e7%b5%8c%e9%a8%93-%e3%81%91%e3%81%84%e3%81%91%e3%82%93-keiken-meaning/
警察,police,<em>(No detailed table found)</em>,,,https://jlptsensei.com/learn-japanese-vocabulary/%e8%ad%a6%e5%af%9f-%e3%81%91%e3%81%84%e3%81%95%e3%81%a4-keisatsu-meaning/
経済,"finance, economy",<em>(No detailed table found)</em>,,,https://jlptsensei.com/learn-japanese-vocabulary/%e7%b5%8c%e6%b8%88-%e3%81%91%e3%81%84%e3%81%96%e3%81%84-keizai-meaning/
見物,sightseeing; visit,<em>(No detailed table found)</em>,,,https://jlptsensei.com/learn-japanese-vocabulary/%e8%a6%8b%e7%89%a9-%e3%81%91%e3%82%93%e3%81%b6%e3%81%a4-kenbutsu-meaning/
喧嘩,Learn Japanese vocabulary: 【けんか】(kenka). Meaning: quarrel; brawl; fight; squabble; scuffle; argument.,<em>(No detailed table found)</em>,Example #1私は娘とけんかをした。ふりがなromajiEnglishわたしはむすめとけんかをした。watashi wa musume to kenka o shita.I had an argument with my daughter.,Example #2私達はあまりけんかをしない。ふりがなromajiEnglishわたしたちはあまりけんかをしない。watashitachi wa amari kenka o shinai.We don't quarrel too much.,https://jlptsensei.com/learn-japanese-vocabulary/%e5%96%a7%e5%98%a9-%e3%81%91%e3%82%93%e3%81%8b-kenka-meaning/
研究,Learn Japanese vocabulary: 【けんきゅう】(kenkyuu). Meaning: research.,<em>(No detailed table found)</em>,Example #1このけんきゅうは私が行いました。ふりがなromajiEnglishこのけんきゅうはわたしがおこないました。kono kenkyuu wa watashi ga okonai mashita.I carried out this research.,Example #2あなたの研究は順調ですか？ふりがなromajiEnglishあなたのけんきゅうはじゅんちょうですか？anata no kenkyuu wa junchou desuka?Is your research going well?,https://jlptsensei.com/learn-japanese-vocabulary/%e7%a0%94%e7%a9%b6-%e3%81%91%e3%82%93%e3%81%8d%e3%82%85%e3%81%86-kenkyuu-meaning/
研究室,laboratory,<em>(No detailed table found)</em>,,,https://jlptsensei.com/learn-japanese-vocabulary/%e7%a0%94%e7%a9%b6%e5%ae%a4-%e3%81%91%e3%82%93%e3%81%8d%e3%82%85%e3%81%86%e3%81%97%e3%81%a4-kenkyuushitsu-meaning/
消しゴム,eraser,<em>(No detailed table found)</em>,,,https://jlptsensei.com/learn-japanese-vocabulary/%e6%b6%88%e3%81%97%e3%82%b4%e3%83%a0-%e3%81%91%e3%81%97%e3%81%94%e3%82%80-keshigomu-meaning/
景色,scenery,<em>(No detailed table found)</em>,,,https://jlptsensei.com/learn-japanese-vocabulary/%e6%99%af%e8%89%b2-%e3%81%91%e3%81%97%e3%81%8d-keshiki-meaning/
気,spirit,<em>(No detailed table found)</em>,,,https://jlptsensei.com/learn-japanese-vocabulary/%e6%b0%97-%e3%81%8d-ki-meaning/
厳しい,Learn Japanese vocabulary: 【きびしい】(kibishii). Meaning: strict; rigid hard (to do); difficult; tricky,<em>(No detailed table found)</em>,Example #1私のボスはきびしいです。ふりがなromajiEnglishわたしのボスはきびしいです。watashi no bosu wa kibishii desu.My boss is strict.,Example #2彼は厳しいですか。ふりがなromajiEnglishかれはきびしいですか。kare wa kibishii desuka.Is he strict?,https://jlptsensei.com/learn-japanese-vocabulary/%e5%8e%b3%e3%81%97%e3%81%84-%e3%81%8d%e3%81%b3%e3%81%97%e3%81%84-kibishii-meaning/
気分,feeling; mood,<em>(No detailed table found)</em>,,,https://jlptsensei.com/learn-japanese-vocabulary/%e6%b0%97%e5%88%86-kibun-meaning-feeling/
機会,Learn Japanese vocabulary: 【きかい】(kikai) Meaning: chance; opportunity.,<em>(No detailed table found)</em>,Example #1もう一度機会をください。ふりがなromajiEnglishもういちどきかいをください。mou ichido kikai wo kudasai.Please give me one more chance.,Example #2これは最後の機会かもしれない。ふりがなromajiEnglishこれはさいごのきかいかもしれない。kore wa saigo no kikai kamo shirenai.This might be my last chance.,https://jlptsensei.com/learn-japanese-vocabulary/%e6%a9%9f%e4%bc%9a-kikai-meaning-chance/
危険,danger,<em>(No detailed table found)</em>,,,https://jlptsensei.com/learn-japanese-vocabulary/%e5%8d%b1%e9%99%ba-%e3%81%8d%e3%81%91%e3%82%93-kiken-meaning/
聞こえる,Learn Japanese vocabulary: 【 きこえる 】(kikoeru) Meaning: to be heard; to be audible; to be said.,<em>(No detailed table found)</em>,Example #1何が聞こえるか？ふりがなromajiEnglishなにがきこえるか？nani ga kikoeru ka?What do you hear?,Example #2ハッキリ聞こえる。ふりがなromajiEnglishはっきりきこえる。hakkiri kikoeru.I can hear it distinctly.,https://jlptsensei.com/learn-japanese-vocabulary/%e8%81%9e%e3%81%93%e3%81%88%e3%82%8b-kikoeru-to-be-said/
決まる,to be decided,<em>(No detailed table found)</em>,,,https://jlptsensei.com/learn-japanese-vocabulary/%e6%b1%ba%e3%81%be%e3%82%8b-%e3%81%8d%e3%81%be%e3%82%8b-kimaru-meaning/
決める,to decide,<em>(No detailed table found)</em>,,,https://jlptsensei.com/learn-japanese-vocabulary/%e6%b1%ba%e3%82%81%e3%82%8b-%e3%81%8d%e3%82%81%e3%82%8b-kimeru-meaning/
君,You,<em>(No detailed table found)</em>,,,https://jlptsensei.com/learn-japanese-vocabulary/%e5%90%9b-%e3%81%8d%e3%81%bf-kimi-meaning/
気持ち,feeling,<em>(No detailed table found)</em>,,,https://jlptsensei.com/learn-japanese-vocabulary/%e6%b0%97%e6%8c%81%e3%81%a1-%e3%81%8d%e3%82%82%e3%81%a1-kimochi-meaning/
着物,Learn Japanese vocabulary: 【きもの】(kimono). Meaning: kimono; Japanese traditional clothing.,<em>(No detailed table found)</em>,Example #1彼女達は着物が似合っていますね。ふりがなromajiEnglishかのじょたちはきものがにあっていますね。kanojo tachi wa kimono ga niatte imasu ne.They look good in a kimono.,Example #2その着物はお気に入りましたか。ふりがなromajiEnglishそのきものはおきにはいりましたか。sono kimono wa okini hairimasu ka.How do you like the kimono?,https://jlptsensei.com/learn-japanese-vocabulary/%e7%9d%80%e7%89%a9-%e3%81%8d%e3%82%82%e3%81%ae-kimono-meaning/
近所,neighbourhood,<em>(No detailed table found)</em>,,,https://jlptsensei.com/learn-japanese-vocabulary/%e8%bf%91%e6%89%80-%e3%81%8d%e3%82%93%e3%81%98%e3%82%87-kinjo-meaning/
絹,silk,<em>(No detailed table found)</em>,,,https://jlptsensei.com/learn-japanese-vocabulary/%e7%b5%b9-%e3%81%8d%e3%81%ac-kinu-meaning/
季節,Learn Japanese vocabulary: 【きせつ】(kisetsu). Meaning: season.,<em>(No detailed table found)</em>,"Example #1私はきせつの中で春が好きです。ふりがなromajiEnglishわたしはきせつのなかではるがすきです。watashi wa kisetsu no naka de haru ga suki desu.Out of all the seasons, I like spring.",Example #2この国は季節が４つあります。ふりがなromajiEnglishこのくにはきせつがよっつあります。kono kuni wa kisetsu ga yottsu arimasu.This country has four seasons.,https://jlptsensei.com/learn-japanese-vocabulary/%e5%ad%a3%e7%af%80-%e3%81%8d%e3%81%9b%e3%81%a4-kisetsu-meaning/
汽車,train,<em>(No detailed table found)</em>,,,https://jlptsensei.com/learn-japanese-vocabulary/%e6%b1%bd%e8%bb%8a-%e3%81%8d%e3%81%97%e3%82%83-kisha-meaning/
規則,rule,<em>(No detailed table found)</em>,,,https://jlptsensei.com/learn-japanese-vocabulary/%e8%a6%8f%e5%89%87-%e3%81%8d%e3%81%9d%e3%81%8f-kisoku-meaning/
子,child,<em>(No detailed table found)</em>,,,https://jlptsensei.com/learn-japanese-vocabulary/%e5%ad%90-%e3%81%93-ko-meaning/
心,heart,<em>(No detailed table found)</em>,,,https://jlptsensei.com/learn-japanese-vocabulary/%e5%bf%83-%e3%81%93%e3%81%93%e3%82%8d-kokoro-meaning/
国際,international,<em>(No detailed table found)</em>,,,https://jlptsensei.com/learn-japanese-vocabulary/%e5%9b%bd%e9%9a%9b-kokusai-international/
細かい,"small, fine",<em>(No detailed table found)</em>,,,https://jlptsensei.com/learn-japanese-vocabulary/%e7%b4%b0%e3%81%8b%e3%81%84-%e3%81%93%e3%81%be%e3%81%8b%e3%81%84-komakai-meaning/
米,Learn Japanese vocabulary: 【こめ】(kome). Meaning: (husked grains of) rice.,<em>(No detailed table found)</em>,Example #1彼らは米を生産している。ふりがなromajiEnglishかれらはこめをせいさんしている。karera wa kome o seisan shite iru.They produce rice.,Example #2そのお米はとても美味しいです。ふりがなromajiEnglishそのおこめはとてもおいしいです。sono okome wa totemo oishii desu.That rice is very delicious.,https://jlptsensei.com/learn-japanese-vocabulary/%e7%b1%b3-%e3%81%93%e3%82%81-kome-meaning/
込む,to be crowded,<em>(No detailed table found)</em>,,,https://jlptsensei.com/learn-japanese-vocabulary/%e8%be%bc%e3%82%80-%e3%81%93%e3%82%80-komu-meaning-2/
今度,Learn Japanese vocabulary: 【いま】(kondo) Meaning: this time; now next time; another time; shortly; soon​ recently; previous; last,<em>(No detailed table found)</em>,Example #1今度は何？ふりがなromajiEnglishこんどはなに？kondo wa nani?Now what?,Example #2今度いつ会おうか？ふりがなromajiEnglishこんどいつあおうか？kondo itsu aou ka?When shall we meet next?,https://jlptsensei.com/learn-japanese-vocabulary/%e4%bb%8a%e5%ba%a6-kondo-this-time/
この間,the other day; recently,<em>(No detailed table found)</em>,,,https://jlptsensei.com/learn-japanese-vocabulary/%e3%81%93%e3%81%ae%e9%96%93-%e3%81%93%e3%81%ae%e3%81%82%e3%81%84%e3%81%a0-kono-aida-meaning/
このごろ,these days; nowadays,<em>(No detailed table found)</em>,,,https://jlptsensei.com/learn-japanese-vocabulary/%e3%81%93%e3%81%ae%e3%81%94%e3%82%8d-kono-goro-meaning/
コンピュータ,computer,<em>(No detailed table found)</em>,,,https://jlptsensei.com/learn-japanese-vocabulary/%e3%82%b3%e3%83%b3%e3%83%94%e3%83%a5%e3%83%bc%e3%82%bf-konpyuuta-meaning/
コンサート,concert,<em>(No detailed table found)</em>,,,https://jlptsensei.com/learn-japanese-vocabulary/%e3%82%b3%e3%83%b3%e3%82%b5%e3%83%bc%e3%83%88-konsaato-meaning/
今夜,this evening; tonigh,<em>(No detailed table found)</em>,,,https://jlptsensei.com/learn-japanese-vocabulary/%e4%bb%8a%e5%a4%9c-konya-tonight/
これから,Learn Japanese vocabulary: (korekara). Meaning: after this.,<em>(No detailed table found)</em>,Example #1これからどうするべきか？ふりがなromajiEnglishこれからどうするべきか？korekara dou suru beki ka?What should we do from here?,Example #2私はこれから出かけます。ふりがなromajiEnglishわたしはこれからでかけます。watashi wa korekara dekakemasu.I'm going out now.,https://jlptsensei.com/learn-japanese-vocabulary/%e3%81%93%e3%82%8c%e3%81%8b%e3%82%89-korekara-meaning/
故障,to break-down,<em>(No detailed table found)</em>,,,https://jlptsensei.com/learn-japanese-vocabulary/%e6%95%85%e9%9a%9c-%e3%81%93%e3%81%97%e3%82%87%e3%81%86-koshou-meaning/
答え,response,<em>(No detailed table found)</em>,,,https://jlptsensei.com/learn-japanese-vocabulary/%e7%ad%94%e3%81%88-%e3%81%93%e3%81%9f%e3%81%88-kotae-meaning/
小鳥,small bird,<em>(No detailed table found)</em>,,,https://jlptsensei.com/learn-japanese-vocabulary/%e5%b0%8f%e9%b3%a5-%e3%81%93%e3%81%a8%e3%82%8a-kotori-meaning/
こう,Learn Japanese vocabulary: (kou). Meaning: tin this way; thus; such.,<em>(No detailed table found)</em>,Example #1僕のやり方はこうだ。ふりがなromajiEnglishぼくのやりかたはこうだ。boku no yarikata wa kou da.I proceed in this way.,"Example #2もしくは、本当のところはこうだったのだろう。ふりがなromajiEnglishもしくは、ほんとうのところはこうだったのだろう。moshikuwa, hontou no tokoro wa kou datta no darou.Or rather, I suppose the truth was this.",https://jlptsensei.com/learn-japanese-vocabulary/%e3%81%93%e3%81%86-kou-meaning/
校長,principal; headmaster,<em>(No detailed table found)</em>,,,https://jlptsensei.com/learn-japanese-vocabulary/%e6%a0%a1%e9%95%b7-kouchou-principal/
講堂,auditorium,<em>(No detailed table found)</em>,,,https://jlptsensei.com/learn-japanese-vocabulary/%e8%ac%9b%e5%a0%82-%e3%81%93%e3%81%86%e3%81%a9%e3%81%86-koudou-meaning/
郊外,Learn Japanese vocabulary: 【こうがい】(kougai) Meaning: suburb; residential area on the outskirt of a city.,<em>(No detailed table found)</em>,Example #1私は東京の郊外に住んでいる。ふりがなromajiEnglishわたしはとうきょうのこうがいにすんでいる。watashi wa toukyou no kougai ni sundeiru.I live on the outskirts of Tokyo.,Example #2彼女の家は郊外にある。ふりがなromajiEnglishかのじょのいえはこうがいにある。kanojo no ie wa kougai ni aru.Her home is in the suburbs.,https://jlptsensei.com/learn-japanese-vocabulary/%e9%83%8a%e5%a4%96-kougai-suburb/
講義,lecture,<em>(No detailed table found)</em>,,,https://jlptsensei.com/learn-japanese-vocabulary/%e8%ac%9b%e7%be%a9-%e3%81%93%e3%81%86%e3%81%8e-kougi-meaning/
工業,Learn Japanese vocabulary: 【こうぎょう】(kougyou). Meaning: (manufacturing) industry.,<em>(No detailed table found)</em>,Example #1この国のこうぎょうは発達している。ふりがなromajiEnglishこのくにのこうぎょうははったつしている。kono kuni no kougyou wa hattatsushite iru.This country's industry is developing.,Example #2私の町はこうぎょうで栄えています。ふりがなromajiEnglishわたしのまちはこうぎょうではえています。watashi no machi wa kougyou de haete imasu.My town prospers with industry.,https://jlptsensei.com/learn-japanese-vocabulary/%e5%b7%a5%e6%a5%ad-%e3%81%93%e3%81%86%e3%81%8e%e3%82%87%e3%81%86-kougyou-meaning/
工場,factory,<em>(No detailed table found)</em>,,,https://jlptsensei.com/learn-japanese-vocabulary/%e5%b7%a5%e5%a0%b4-%e3%81%93%e3%81%86%e3%81%98%e3%82%87%e3%81%86-koujou-meaning/
高校,Learn Japanese vocabulary: 【こうこう】(koukou) Meaning: senior high school; high school​.,<em>(No detailed table found)</em>,Example #1私は高校に通っています。ふりがなromajiEnglishわたしはこうこうにかよっています。watashi wa koukou ni kayotteimasu.I go to high school.,Example #2私は高校の時ランニングを始めました。ふりがなromajiEnglishわたしはこうこうのときランニングをはじめました。watashi wa koukou no toki ranningu wo hajimemashita.I started running in my high school days.,https://jlptsensei.com/learn-japanese-vocabulary/%e9%ab%98%e6%a0%a1-koukou-high-school/
高校生,Learn Japanese vocabulary: 【こうこうせい】(koukousei) Meaning: high school student.,<em>(No detailed table found)</em>,Example #1あなたも高校生ですか？ふりがなromajiEnglishあなたもこうこうせいですか？anata mo koukousei desu ka?Are you also a high school student?,"Example #2彼らは来年、高校生になります。ふりがなromajiEnglishかれらはらいねん、こうこうせいになります。karera wa rainen, koukousei ni narimasu.They will become high school students next year.",https://jlptsensei.com/learn-japanese-vocabulary/%e9%ab%98%e6%a0%a1%e7%94%9f-koukousei-high-school-student/
公務員,Learn Japanese vocabulary: 【こうむいん】(koumuin). Meaning: government worker; public servant; civil servant.,<em>(No detailed table found)</em>,Example #1私はこうむいんになりたいです。ふりがなromajiEnglishわたしはこうむいんになりたいです。watashi wa koumuin ni naritai desu.I want to be a civil servant.,Example #2このアパートは公務員しか住めない。ふりがなromajiEnglishこのアパートはこうむいんしかすめない。kono apaato wa koumuin shika sumenai.Only civil servants can live in this apartment.,https://jlptsensei.com/learn-japanese-vocabulary/%e5%85%ac%e5%8b%99%e5%93%a1-%e3%81%93%e3%81%86%e3%82%80%e3%81%84%e3%82%93-koumuin-meaning/
高等学校,high school,<em>(No detailed table found)</em>,,,https://jlptsensei.com/learn-japanese-vocabulary/%e9%ab%98%e7%ad%89%e5%ad%a6%e6%a0%a1-koutougakkou-high-school/
交通,Learn Japanese vocabulary: 【こうつう】(koutsuu). Meaning: traffic.,<em>(No detailed table found)</em>,Example #1ここはこうつうが激しい。ふりがなromajiEnglishここはこうつうがはげしい。koko wa koutsuu ga hageshii.The traffic is heavy here.,Example #2彼女は交通じこで死亡した。ふりがなromajiEnglishかのじょはこうつうじこでしぼうした。kanojo wa koutsuu jiko de shibou shita.She met her death in a traffic accident.,https://jlptsensei.com/learn-japanese-vocabulary/%e4%ba%a4%e9%80%9a-%e3%81%93%e3%81%86%e3%81%a4%e3%81%86-koutsuu-meaning/
怖い,frightening,<em>(No detailed table found)</em>,,,https://jlptsensei.com/learn-japanese-vocabulary/%e6%80%96%e3%81%84-%e3%81%93%e3%82%8f%e3%81%84-kowai-meaning/
壊れる,to be broken,<em>(No detailed table found)</em>,,,https://jlptsensei.com/learn-japanese-vocabulary/%e5%a3%8a%e3%82%8c%e3%82%8b-%e3%81%93%e3%82%8f%e3%82%8c%e3%82%8b-kowareru-meaning/
壊す,to break,<em>(No detailed table found)</em>,,,https://jlptsensei.com/learn-japanese-vocabulary/%e5%a3%8a%e3%81%99-%e3%81%93%e3%82%8f%e3%81%99-kowasu-meaning/
首,neck,<em>(No detailed table found)</em>,,,https://jlptsensei.com/learn-japanese-vocabulary/%e9%a6%96-%e3%81%8f%e3%81%b3-kubi-meaning/
下さる,Learn Japanese vocabulary: 【くださる】(kudasaru). Meaning: to give; to confer; to bestow​ to kindly do for one; to oblige; to favour; to favor,<em>(No detailed table found)</em>,Example #1この本は私にくださるのですか。ふりがなromajiEnglishこのほんはわたしにくださるのですか。kono hon wa watashi ni kudasaru no desuka.Is this book for me?,Example #2そう言って下さるのは貴方だけです。ふりがなromajiEnglishそういってくださるのはあなただけです。sou itte kudasaru no wa anata dake desu.It is kind of you to say so.,https://jlptsensei.com/learn-japanese-vocabulary/%e4%b8%8b%e3%81%95%e3%82%8b-%e3%81%8f%e3%81%a0%e3%81%95%e3%82%8b-kudasaru-meaning/
雲,cloud,<em>(No detailed table found)</em>,,,https://jlptsensei.com/learn-japanese-vocabulary/%e9%9b%b2-%e3%81%8f%e3%82%82-kumo-meaning/
君,suffix for familiar young male,<em>(No detailed table found)</em>,,,https://jlptsensei.com/learn-japanese-vocabulary/%e5%90%9b-%e3%81%8f%e3%82%93-kun-meaning/
比べる,Learn Japanese vocabulary: 【くらべる】(kuraberu). Meaning: to compare; to make a comparison.,<em>(No detailed table found)</em>,Example #1私は前とくらべると元気です。ふりがなromajiEnglishわたしはまえとくらべるとげんきです。watashi wa mae to kureberu to genki desu.I'm healthier compared to before.,"Example #2君の靴と比べると、僕のは大きい。ふりがなromajiEnglishきみのくつとくらべると、ぼくのはおおきい。kimi no kutsu to kuraberu to, boku no wa ookii.Compared to your shoes, mine are larger.",https://jlptsensei.com/learn-japanese-vocabulary/%e6%af%94%e3%81%b9%e3%82%8b-%e3%81%8f%e3%82%89%e3%81%b9%e3%82%8b-kuraberu-meaning/
暮れる,to get dark,<em>(No detailed table found)</em>,,,https://jlptsensei.com/learn-japanese-vocabulary/%e6%9a%ae%e3%82%8c%e3%82%8b-%e3%81%8f%e3%82%8c%e3%82%8b-kureru-meaning/
草,grass,<em>(No detailed table found)</em>,,,https://jlptsensei.com/learn-japanese-vocabulary/%e8%8d%89-%e3%81%8f%e3%81%95-kusa-meaning/
空気,air,<em>(No detailed table found)</em>,,,https://jlptsensei.com/learn-japanese-vocabulary/%e7%a9%ba%e6%b0%97-%e3%81%8f%e3%81%86%e3%81%8d-kuuki-meaning/
空港,airport,<em>(No detailed table found)</em>,,,https://jlptsensei.com/learn-japanese-vocabulary/%e7%a9%ba%e6%b8%af-%e3%81%8f%e3%81%86%e3%81%93%e3%81%86-kuukou-meaning/
客,guest; customer,<em>(No detailed table found)</em>,,,https://jlptsensei.com/learn-japanese-vocabulary/%e5%ae%a2-%e3%81%8d%e3%82%83%e3%81%8f-kyaku-meaning/
教育,education,<em>(No detailed table found)</em>,,,https://jlptsensei.com/learn-japanese-vocabulary/%e6%95%99%e8%82%b2-%e3%81%8d%e3%82%87%e3%81%86%e3%81%84%e3%81%8f-kyouiku-meaning/
教会,Learn Japanese vocabulary: 【きょうかい】(kyoukai) Meaning: church; congregation; Christian church.,<em>(No detailed table found)</em>,Example #1私たちは教会で結婚します。ふりがなromajiEnglishわたしたちはきょうかいでけっこんします。watashi tachi wa kyoukai de kekkon shimasu.We will get married in a church.,Example #2わたしは毎週の日曜日に教会に行きます。ふりがなromajiEnglishわたしはまいしゅうのにちようびにきょうかいにいきます。watashi wa maishuu no nichiyoubi ni kyoukai ni ikimasu.I go to church every week on Sunday.,https://jlptsensei.com/learn-japanese-vocabulary/%e6%95%99%e4%bc%9a-kyoukai-meaning-church/
興味,interest (in something); curiosity (about something); zest (for),<em>(No detailed table found)</em>,,,https://jlptsensei.com/learn-japanese-vocabulary/%e8%88%88%e5%91%b3-kyoumi-meaning-interest/
競争,Learn Japanese vocabulary: 【きょうそう】(kyousou). Meaning: competition; contest; rivalry; race.,<em>(No detailed table found)</em>,Example #1私は彼ときょうそうした。ふりがなromajiEnglishわたしはかれときょうそうした。watashi wa kare to kyousou shita.I had a race with him.,Example #2彼はきょうそうで7位だった。ふりがなromajiEnglishかれはきょうそうで7いだった。kare wa kyousou de 7 i datta.He was seventh in the competition.,https://jlptsensei.com/learn-japanese-vocabulary/%e7%ab%b6%e4%ba%89-%e3%81%8d%e3%82%87%e3%81%86%e3%81%9d%e3%81%86-kyousou-meaning/
急,sudden; abrupt; unexpected,<em>(No detailed table found)</em>,,,https://jlptsensei.com/learn-japanese-vocabulary/%e6%80%a5-kyuu-sudden/
急行,hurrying (to somewhere); rushing; hastening,<em>(No detailed table found)</em>,,,https://jlptsensei.com/learn-japanese-vocabulary/%e6%80%a5%e8%a1%8c-kyuukou-to-hurry/
間違える,to make a mistake (in),<em>(No detailed table found)</em>,,,https://jlptsensei.com/learn-japanese-vocabulary/%e9%96%93%e9%81%95%e3%81%88%e3%82%8b-%e3%81%be%e3%81%a1%e3%81%8c%e3%81%88%e3%82%8b-machigaeru-meaning/
参る,(humble) to go; to come,<em>(No detailed table found)</em>,,,https://jlptsensei.com/learn-japanese-vocabulary/%e5%8f%82%e3%82%8b-%e3%81%be%e3%81%84%e3%82%8b-mairu-meaning/
負ける,to lose,<em>(No detailed table found)</em>,,,https://jlptsensei.com/learn-japanese-vocabulary/%e8%b2%a0%e3%81%91%e3%82%8b-%e3%81%be%e3%81%91%e3%82%8b-makeru-meaning/
漫画,comic,<em>(No detailed table found)</em>,,,https://jlptsensei.com/learn-japanese-vocabulary/%e6%bc%ab%e7%94%bb-%e3%81%be%e3%82%93%e3%81%8c-manga-meaning/
間に合う,to be in time (for),<em>(No detailed table found)</em>,,,https://jlptsensei.com/learn-japanese-vocabulary/%e9%96%93%e3%81%ab%e5%90%88%e3%81%86-%e3%81%be%e3%81%ab%e3%81%82%e3%81%86-maniau-meaning/
真ん中,middle; centre; center,<em>(No detailed table found)</em>,,,https://jlptsensei.com/learn-japanese-vocabulary/%e7%9c%9f%e3%82%93%e4%b8%ad-%e3%81%be%e3%82%93%e3%81%aa%e3%81%8b-mannaka-meaning/
周り,around,<em>(No detailed table found)</em>,,,https://jlptsensei.com/learn-japanese-vocabulary/%e5%91%a8%e3%82%8a-%e3%81%be%e3%82%8f%e3%82%8a-mawari-meaning/
回る,Learn Japanese vocabulary: 【まわる】(mawaru). Meaning: to go around; to turn; to revolve​.,<em>(No detailed table found)</em>,Example #1あちこちを見て回るのが好きです。ふりがなromajiEnglishあちこちを見て回るのが好きです。achikochi o mite mawaru no ga suki desu.I like looking around many different places.,Example #2地球はたいようの周りをまわる。ふりがなromajiEnglishちきゅうはたいようのまわりをまわる。chikyuu wa taiyou no mawari o mawaru.The Earth goes around the Sun.,https://jlptsensei.com/learn-japanese-vocabulary/%e5%9b%9e%e3%82%8b-%e3%81%be%e3%82%8f%e3%82%8b-mawaru-meaning/
まず,Learn Japanese vocabulary: (mazu). Meaning: first (of all); firstly; to start with; above all​.,<em>(No detailed table found)</em>,Example #1私はまず手を洗います。ふりがなromajiEnglishわたしはまずてをあらいます。watashi wa mazu te o araimasu.I'll wash my hands first.,Example #2あなたはまずそれを送ってください。ふりがなromajiEnglishあなたはまずそれをおくってください。anata wa mazu sore o okutte kudasai.Please send that first of all.,https://jlptsensei.com/learn-japanese-vocabulary/%e3%81%be%e3%81%9a-mazu-meaning/
召し上がる,to eat; to drink​,<em>(No detailed table found)</em>,,,https://jlptsensei.com/learn-japanese-vocabulary/%e5%8f%ac%e3%81%97%e4%b8%8a%e3%81%8c%e3%82%8b-%e3%82%81%e3%81%97%e3%81%82%e3%81%8c%e3%82%8b-meshiagaru-meaning/
珍しい,unusual; rare,<em>(No detailed table found)</em>,,,https://jlptsensei.com/learn-japanese-vocabulary/%e7%8f%8d%e3%81%97%e3%81%84-%e3%82%81%e3%81%9a%e3%82%89%e3%81%97%e3%81%84-mezurashii-meaning/
見える,Learn Japanese vocabulary: (mieru) – Meaning: to be seen; to be in sight; to look; to seem.,<em>(No detailed table found)</em>,Example #1彼は若く見える。ふりがなromajiEnglishかれはわかくみえる。kare wa wakaku mieru.He looks young.,Example #2同じに見える。ふりがなromajiEnglishおなじにみえる。onaji ni mieru.They look the same.,https://jlptsensei.com/learn-japanese-vocabulary/%e8%a6%8b%e3%81%88%e3%82%8b-mieru-to-be-seen-to-seem/
港,Learn Japanese vocabulary: 【みなと】(minato). Meaning: harbour; harbor; port.,<em>(No detailed table found)</em>,Example #1それは港のどこに置いてありますか。ふりがなromajiEnglishそれはみなとのどこにおいてありますか。sore wa minato no doko ni oite arimasu ka.Where in the harbor is it located?,Example #2何時にその港に行けばいいですか。ふりがなromajiEnglishなんじにそのみなとにいけばいいですか。nanji ni sono minato ni ikeba ii desuka.What time should I get to that port?,https://jlptsensei.com/learn-japanese-vocabulary/%e6%b8%af-%e3%81%bf%e3%81%aa%e3%81%a8-minato-meaning/
味噌,fermented condiment made from soybeans,<em>(No detailed table found)</em>,,,https://jlptsensei.com/learn-japanese-vocabulary/%e5%91%b3%e5%99%8c-miso-meaning-miso/
見つかる,to be found; to be discovered,<em>(No detailed table found)</em>,,,https://jlptsensei.com/learn-japanese-vocabulary/%e8%a6%8b%e3%81%a4%e3%81%8b%e3%82%8b-mitsukaru-to-be-found/
見つける,to discover; to find; to come across; to detect; to spot,<em>(No detailed table found)</em>,,,https://jlptsensei.com/learn-japanese-vocabulary/%e8%a6%8b%e3%81%a4%e3%81%91%e3%82%8b-mitsukeru-to-discover-find/
都,capital,<em>(No detailed table found)</em>,,,https://jlptsensei.com/learn-japanese-vocabulary/%e9%83%bd-%e3%81%bf%e3%82%84%e3%81%93-miyako-meaning/
湖,lake,<em>(No detailed table found)</em>,,,https://jlptsensei.com/learn-japanese-vocabulary/%e6%b9%96-%e3%81%bf%e3%81%9a%e3%81%86%e3%81%bf-mizuumi-meaning/
戻る,to turn back,<em>(No detailed table found)</em>,,,https://jlptsensei.com/learn-japanese-vocabulary/%e6%88%bb%e3%82%8b-%e3%82%82%e3%81%a9%e3%82%8b-modoru-meaning/
木綿,cotton (material),<em>(No detailed table found)</em>,,,https://jlptsensei.com/learn-japanese-vocabulary/%e6%9c%a8%e7%b6%bf-momen-meaning-cotton/
森,forest,<em>(No detailed table found)</em>,,,https://jlptsensei.com/learn-japanese-vocabulary/%e6%a3%ae-%e3%82%82%e3%82%8a-mori-meaning/
もし,Learn Japanese vocabulary: (moshi). Meaning: if; in case; supposing.,<em>(No detailed table found)</em>,"Example #1もし１億円あったら、いろいろな国を旅行したいです。ふりがなromajiEnglishもしいちおくえんあったら、いろいろなくにをりょこうしたいです。moshi 1 okuen attara, iroiro na kuni o ryokou shitai desu.If I had 100 million yen (1 million usd), I would like to travel to various countries.",,https://jlptsensei.com/learn-japanese-vocabulary/%e3%82%82%e3%81%97-moshi-meaning/
申し上げる,to say; to offer,<em>(No detailed table found)</em>,,,https://jlptsensei.com/learn-japanese-vocabulary/%e7%94%b3%e3%81%97%e4%b8%8a%e3%81%92%e3%82%8b-%e3%82%82%e3%81%86%e3%81%97%e3%81%82%e3%81%92%e3%82%8b-moushiageru-meaning/
申す,to be called; to say,<em>(No detailed table found)</em>,,,https://jlptsensei.com/learn-japanese-vocabulary/%e7%94%b3%e3%81%99-%e3%82%82%e3%81%86%e3%81%99-mousu-meaning/
もうすぐ,Learn Japanese vocabulary: (mousugu). Meaning: soon; shortly; before long; nearly; almost​.,<em>(No detailed table found)</em>,Example #1私はもうすぐ38歳です。ふりがなromajiEnglishわたしはもうすぐ38さいです。watashi wa mousugu 38 sai desu.I'm almost 38.,Example #2私はもうすぐ帰ります。ふりがなromajiEnglishわたしはもうすぐかえります。watashi wa mousugu kaerimasu.I'll go home soon.,https://jlptsensei.com/learn-japanese-vocabulary/%e3%82%82%e3%81%86%e3%81%99%e3%81%90-mousugu-meaning/
迎える,to go out to meet,<em>(No detailed table found)</em>,,,https://jlptsensei.com/learn-japanese-vocabulary/%e8%bf%8e%e3%81%88%e3%82%8b-%e3%82%80%e3%81%8b%e3%81%88%e3%82%8b-mukaeru-meaning/
昔,"olden days, former",<em>(No detailed table found)</em>,,,https://jlptsensei.com/learn-japanese-vocabulary/%e6%98%94-%e3%82%80%e3%81%8b%e3%81%97-mukashi-meaning/
向かう,to head towards,<em>(No detailed table found)</em>,,,https://jlptsensei.com/learn-japanese-vocabulary/%e5%90%91%e3%81%8b%e3%81%86-%e3%82%80%e3%81%8b%e3%81%86-mukau-meaning/
無理,Learn Japanese vocabulary: 【むり】(muri). Meaning: impossible​ to work too hard; to try too hard​,<em>(No detailed table found)</em>,Example #1それは無理です。ふりがなromajiEnglishそれはむりです。sore wa muri desu.That is impossible.,Example #2あなたは無理をしないで下さい。ふりがなromajiEnglishあなたはむりをしないでください。anata wa muri o shinaide kudasai.Please don't overdo it.,https://jlptsensei.com/learn-japanese-vocabulary/%e7%84%a1%e7%90%86-%e3%82%80%e3%82%8a-muri-meaning/
虫,insect,<em>(No detailed table found)</em>,,,https://jlptsensei.com/learn-japanese-vocabulary/%e8%99%ab-%e3%82%80%e3%81%97-mushi-meaning/
息子,son,<em>(No detailed table found)</em>,,,https://jlptsensei.com/learn-japanese-vocabulary/%e6%81%af%e5%ad%90-%e3%82%80%e3%81%99%e3%81%93-musuko-meaning/
娘,daughter,<em>(No detailed table found)</em>,,,https://jlptsensei.com/learn-japanese-vocabulary/%e5%a8%98-%e3%82%80%e3%81%99%e3%82%81-musume-meaning/
投げる,to throw or cast away,<em>(No detailed table found)</em>,,,https://jlptsensei.com/learn-japanese-vocabulary/%e6%8a%95%e3%81%92%e3%82%8b-%e3%81%aa%e3%81%92%e3%82%8b-nageru-meaning/
泣く,to weep,<em>(No detailed table found)</em>,,,https://jlptsensei.com/learn-japanese-vocabulary/%e6%b3%a3%e3%81%8f-%e3%81%aa%e3%81%8f-naku-meaning/
無くなる,"Learn Japanese vocabulary: 【なくなる】(naku naru). Meaning: to be lost (e.g. luggage); to be missing​ to disappear (e.g. pain); to be lost (e.g. a dream, confidence)​",<em>(No detailed table found)</em>,Example #1私はやる気が無くなる。ふりがなromajiEnglishわたしはやるきがなくなる。watashi wa yaruki ga naku naru.It makes me lose my motivation.,Example #2あなたはそれが無くなるまで使って下さい。ふりがなromajiEnglishあなたはそれがなくなるまでつかってください。anata wa sore ga naku naru made tsukatte kudasai.Please use that until it disappears.,https://jlptsensei.com/learn-japanese-vocabulary/%e7%84%a1%e3%81%8f%e3%81%aa%e3%82%8b-%e3%81%aa%e3%81%8f%e3%81%aa%e3%82%8b-naku-naru-meaning/
亡くなる,to die,<em>(No detailed table found)</em>,,,https://jlptsensei.com/learn-japanese-vocabulary/%e4%ba%a1%e3%81%8f%e3%81%aa%e3%82%8b-%e3%81%aa%e3%81%8f%e3%81%aa%e3%82%8b-nakunaru-meaning/
生,raw,<em>(No detailed table found)</em>,,,https://jlptsensei.com/learn-japanese-vocabulary/%e7%94%9f-%e3%81%aa%e3%81%be-nama-meaning/
直る,"to be fixed,to be repaired",<em>(No detailed table found)</em>,,,https://jlptsensei.com/learn-japanese-vocabulary/%e7%9b%b4%e3%82%8b-%e3%81%aa%e3%81%8a%e3%82%8b-naoru-meaning/
治る,to be cured; to heal,<em>(No detailed table found)</em>,,,https://jlptsensei.com/learn-japanese-vocabulary/%e6%b2%bb%e3%82%8b-%e3%81%aa%e3%81%8a%e3%82%8b-naoru-meaning/
慣れる,Learn Japanese vocabulary: 【なれる】(nareru). Meaning: to get used to; to grow accustomed to; to become familiar with.,<em>(No detailed table found)</em>,Example #1彼はすぐチームに慣れるだろう。ふりがなromajiEnglishかれはすぐチームになれるだろう。kare wa sugu ni chiimu ni nareru darou.He will probably get used to the team right away.,Example #2あなたはすぐに学校に慣れるでしょう。ふりがなromajiEnglishあなたはすぐにがっこうになれるでしょう。anata wa sugu ni gakkou ni nareru deshou.You will probably get used to school right away.,https://jlptsensei.com/learn-japanese-vocabulary/%e6%85%a3%e3%82%8c%e3%82%8b-%e3%81%aa%e3%82%8c%e3%82%8b-nareru-meaning/
鳴る,to sound,<em>(No detailed table found)</em>,,,https://jlptsensei.com/learn-japanese-vocabulary/%e9%b3%b4%e3%82%8b-%e3%81%aa%e3%82%8b-naru-meaning/
なるほど,now I understand,<em>(No detailed table found)</em>,,,https://jlptsensei.com/learn-japanese-vocabulary/%e3%81%aa%e3%82%8b%e3%81%bb%e3%81%a9-naruhodo-meaning/
寝坊,Learn Japanese vocabulary: 【ねぼう】(nebou) Meaning: sleeping in late; oversleeping.,<em>(No detailed table found)</em>,Example #1私は今朝は寝坊をした。ふりがなromajiEnglishわたしはけさはねぼうをした。watashi wa kesa wa nebou wo shita.I overslept this morning.,Example #2彼はときどき寝坊する。ふりがなromajiEnglishかれはときどきねぼうする。kare wa tokidoki nebou suru.He sometimes sleeps in.,https://jlptsensei.com/learn-japanese-vocabulary/%e5%af%9d%e5%9d%8a-nebou-oversleeping/
値段,price; cost,<em>(No detailed table found)</em>,,,https://jlptsensei.com/learn-japanese-vocabulary/%e5%80%a4%e6%ae%b5-%e3%81%ad%e3%81%a0%e3%82%93-nedan-meaning/
眠い,sleepy,<em>(No detailed table found)</em>,,,https://jlptsensei.com/learn-japanese-vocabulary/%e7%9c%a0%e3%81%84-%e3%81%ad%e3%82%80%e3%81%84-nemui-meaning/
眠る,to sleep,<em>(No detailed table found)</em>,,,https://jlptsensei.com/learn-japanese-vocabulary/%e7%9c%a0%e3%82%8b-%e3%81%ad%e3%82%80%e3%82%8b-nemuru-meaning/
熱,Learn Japanese vocabulary: 【ねつ】(netsu). Meaning: fever.,<em>(No detailed table found)</em>,Example #1君はねつが高いだよ。ふりがなromajiEnglishきみはねつがたかいだよ。kimi wa netsu ga takai da yo.You have a high fever.,Example #2私は熱が下がりません。ふりがなromajiEnglishわたしはねつがさがりません。watashi wa netsu ga sagarimasen.My fever won't go down.,https://jlptsensei.com/learn-japanese-vocabulary/%e7%86%b1-%e3%81%ad%e3%81%a4-netsu-meaning/
苦い,Learn Japanese vocabulary: 【にがい】(nigai). Meaning: bitter.,<em>(No detailed table found)</em>,Example #1この薬は苦いです。ふりがなromajiEnglishこのくすりはにがいです。kono kusuri wa nigai desu.This medicine tastes bitter.,Example #2私は苦いものが好きだ。ふりがなromajiEnglishわたしはにがいものがすきだ。watashi wa nigai mono ga suki da.I have a fancy for bitter things.,https://jlptsensei.com/learn-japanese-vocabulary/%e8%8b%a6%e3%81%84-%e3%81%ab%e3%81%8c%e3%81%84-nigai-meaning/
逃げる,to escape,<em>(No detailed table found)</em>,,,https://jlptsensei.com/learn-japanese-vocabulary/%e9%80%83%e3%81%92%e3%82%8b-%e3%81%ab%e3%81%92%e3%82%8b-nigeru-meaning/
二階建て,two-storied building,<em>(No detailed table found)</em>,,,https://jlptsensei.com/learn-japanese-vocabulary/%e4%ba%8c%e9%9a%8e%e5%bb%ba%e3%81%a6-%e3%81%ab%e3%81%8b%e3%81%84%e3%81%a0%e3%81%a6-nikaidate-meaning/
人形,Learn Japanese vocabulary: 【にんぎょう】(ningyou). Meaning: doll.,<em>(No detailed table found)</em>,Example #1彼女はにんぎょうが好きだ。ふりがなromajiEnglishかのじょはにんぎょうがすきだ。kanojo wa ningyou ga suki da.She likes dolls.,Example #2彼女は人形を作っていますか。ふりがなromajiEnglishかのじょはにんぎょうをつくっていますか。kanojo wa ningyou o tsukutte imasu ka.Is she making a doll?,https://jlptsensei.com/learn-japanese-vocabulary/%e4%ba%ba%e5%bd%a2-%e3%81%ab%e3%82%93%e3%81%8e%e3%82%87%e3%81%86-ningyou-meaning/
匂い,a smell,<em>(No detailed table found)</em>,,,https://jlptsensei.com/learn-japanese-vocabulary/%e5%8c%82%e3%81%84-%e3%81%ab%e3%81%8a%e3%81%84-nioi-meaning/
似る,"Learn Japanese vocabulary: 【にる】(niru). Meaning: to resemble; to look like; to take after​ to be similar (in status, condition, etc.); to be close; to be...",<em>(No detailed table found)</em>,Example #1彼と僕はにてるのだろうか。ふりがなromajiEnglishかれとぼくはにてるのだろうか。kare to boku wa niteru no darou ka.I wonder if he and I are alike.,Example #2このゲームはトランプと似てると思います。ふりがなromajiEnglishこのゲームはトランプとにてるとおもいます。kono geemu wa toranpu to niteru to omoimasu.I think that this game is similar to playing cards.,https://jlptsensei.com/learn-japanese-vocabulary/%e4%bc%bc%e3%82%8b-%e3%81%ab%e3%82%8b-niru-meaning/
喉,Learn Japanese vocabulary: 【のど】(nodo). Meaning: throat.,<em>(No detailed table found)</em>,Example #1私ののどが少し痛いです。ふりがなromajiEnglishわたしののどがすこしいたいです。watashi no nodo ga sukoshi itai desu.My throat hurts a little.,Example #2あなたは風邪でのどが痛いのですか。ふりがなromajiEnglishあなたはかぜでのどがいたいのですか。anata wa kaze de nodo ga itai no desuka.Is your throat sore from the cold?,https://jlptsensei.com/learn-japanese-vocabulary/%e5%96%89-%e3%81%ae%e3%81%a9-nodo-meaning/
残る,to remain,<em>(No detailed table found)</em>,,,https://jlptsensei.com/learn-japanese-vocabulary/%e6%ae%8b%e3%82%8b-%e3%81%ae%e3%81%93%e3%82%8b-nokoru-meaning/
乗り換える,to change between buses or trains,<em>(No detailed table found)</em>,,,https://jlptsensei.com/learn-japanese-vocabulary/%e4%b9%97%e3%82%8a%e6%8f%9b%e3%81%88%e3%82%8b-%e3%81%ae%e3%82%8a%e3%81%8b%e3%81%88%e3%82%8b-norikaeru-meaning/
乗り物,vehicle,<em>(No detailed table found)</em>,,,https://jlptsensei.com/learn-japanese-vocabulary/%e4%b9%97%e3%82%8a%e7%89%a9-%e3%81%ae%e3%82%8a%e3%82%82%e3%81%ae-norimono-meaning/
濡れる,Learn Japanese vocabulary: 【ぬれる】(nureru). Meaning: to get wet.,<em>(No detailed table found)</em>,Example #1なぜあなたはぬれているのですか？ふりがなromajiEnglishなぜあなたはぬれているのですか？naze anata wa nurete iru no desuka?Why are you wet?,Example #2彼女の服は雨でぬれていた。ふりがなromajiEnglishかのじょのふくはあめでぬれていた。kanojo no fuku wa ame de nurete ita.Her clothes were wet from the rain.,https://jlptsensei.com/learn-japanese-vocabulary/%e6%bf%a1%e3%82%8c%e3%82%8b-%e3%81%ac%e3%82%8c%e3%82%8b-nureru-meaning/
塗る,to paint; to plaster,<em>(No detailed table found)</em>,,,https://jlptsensei.com/learn-japanese-vocabulary/%e5%a1%97%e3%82%8b-%e3%81%ac%e3%82%8b-nuru-meaning/
盗む,to steal,<em>(No detailed table found)</em>,,,https://jlptsensei.com/learn-japanese-vocabulary/%e7%9b%97%e3%82%80-%e3%81%ac%e3%81%99%e3%82%80-nusumu-meaning/
入学,Learn Japanese vocabulary: 【にゅうがく】(nyuugaku) Meaning: entry to school or university; enrollment.,<em>(No detailed table found)</em>,Example #1私はその高校に入学したい。ふりがなromajiEnglishわたしはそのこうこうににゅうがくしたい。watashi wa sono koukou ni nyuugaku shitai.I want to enter that high school.,Example #2彼はその大学に入学できますか？ふりがなromajiEnglishかれはそのだいがくににゅうがくできますか？kare wa sono daigaku ni nyuugaku dekimasuka?Can he enroll at that university?,https://jlptsensei.com/learn-japanese-vocabulary/%e5%85%a5%e5%ad%a6-nyuugaku-entry-to-school/
入院,hospitalization,<em>(No detailed table found)</em>,,,https://jlptsensei.com/learn-japanese-vocabulary/%e5%85%a5%e9%99%a2-nyuuin-hospitalization/
落ちる,to fall or drop,<em>(No detailed table found)</em>,,,https://jlptsensei.com/learn-japanese-vocabulary/%e8%90%bd%e3%81%a1%e3%82%8b-%e3%81%8a%e3%81%a1%e3%82%8b-ochiru-meaning/
踊り,a dance,<em>(No detailed table found)</em>,,,https://jlptsensei.com/learn-japanese-vocabulary/%e8%b8%8a%e3%82%8a-%e3%81%8a%e3%81%a9%e3%82%8a-odori-meaning/
驚く,to be surprised,<em>(No detailed table found)</em>,,,https://jlptsensei.com/learn-japanese-vocabulary/%e9%a9%9a%e3%81%8f-%e3%81%8a%e3%81%a9%e3%82%8d%e3%81%8f-odoroku-meaning/
踊る,Learn Japanese vocabulary: 【おどる】(odoru). Meaning: to dance.,<em>(No detailed table found)</em>,Example #1私はおどることが出来ない。ふりがなromajiEnglishわたしはおどることができない。watashi wa odoru koto ga dekinai.I can't dance.,Example #2彼はダンスを踊るのが好きです。ふりがなromajiEnglishかれはダンスをおどるのがすきです。kare wa dansu o odoru no ga suki desu.He likes to do dances.,https://jlptsensei.com/learn-japanese-vocabulary/%e8%b8%8a%e3%82%8b-%e3%81%8a%e3%81%a9%e3%82%8b-odoru-meaning/
お出でになる,(respectful) to be,<em>(No detailed table found)</em>,,,https://jlptsensei.com/learn-japanese-vocabulary/%e3%81%8a%e5%87%ba%e3%81%a7%e3%81%ab%e3%81%aa%e3%82%8b-%e3%81%8a%e3%81%84%e3%81%a7%e3%81%ab%e3%81%aa%e3%82%8b-oide-ni-naru-meaning/
お祝い,congratulation,<em>(No detailed table found)</em>,,,https://jlptsensei.com/learn-japanese-vocabulary/%e3%81%8a%e7%a5%9d%e3%81%84-%e3%81%8a%e3%81%84%e3%82%8f%e3%81%84-oiwai-meaning/
お嬢さん,(another's) daughter,<em>(No detailed table found)</em>,,,https://jlptsensei.com/learn-japanese-vocabulary/%e3%81%8a%e5%ac%a2%e3%81%95%e3%82%93-%e3%81%8a%e3%81%98%e3%82%87%e3%81%86%e3%81%95%e3%82%93-ojousan-meaning/
可笑しい,Learn Japanese vocabulary: 【おかしい】(okashii). Meaning: strange; odd; funny; peculiar; weird; unusual; eccentric​.,<em>(No detailed table found)</em>,Example #1あなたの頭はおかしいです。ふりがなromajiEnglishあなたのあたまはおかしいです。anata no atama wa okashii desu.You are strange.,Example #2この文章は可笑しいですか？ふりがなromajiEnglishこのぶんしょうはおかしいですか？kono bunshou wa okashii desuka?Are these sentences strange?,https://jlptsensei.com/learn-japanese-vocabulary/%e5%8f%af%e7%ac%91%e3%81%97%e3%81%84-%e3%81%8a%e3%81%8b%e3%81%97%e3%81%84-okashii-meaning/
行う,Learn Japanese vocabulary: 【おこなう】(okonau). Meaning: to perform; to do; to conduct oneself; to carry out.,<em>(No detailed table found)</em>,Example #1今日は授業をおこなうのですか？ふりがなromajiEnglishきょうはじゅぎょうをおこなうのですか？kyou wa jugyou o okonau no desuka?Will you be conducting class today?,Example #2私はそれを行うでしょう。ふりがなromajiEnglishわたしはそれをおこなうでしょう。watashi wa sore o okonau deshou.I will probably carry that out.,https://jlptsensei.com/learn-japanese-vocabulary/%e8%a1%8c%e3%81%86-%e3%81%8a%e3%81%93%e3%81%aa%e3%81%86-okonau-meaning/
怒る,to be angry,<em>(No detailed table found)</em>,,,https://jlptsensei.com/learn-japanese-vocabulary/%e6%80%92%e3%82%8b-%e3%81%8a%e3%81%93%e3%82%8b-okoru-meaning/
起こす,to wake,<em>(No detailed table found)</em>,,,https://jlptsensei.com/learn-japanese-vocabulary/%e8%b5%b7%e3%81%93%e3%81%99-%e3%81%8a%e3%81%93%e3%81%99-okosu-meaning/
億,one hundred million,<em>(No detailed table found)</em>,,,https://jlptsensei.com/learn-japanese-vocabulary/%e5%84%84-%e3%81%8a%e3%81%8f-oku-meaning/
屋上,rooftop​,<em>(No detailed table found)</em>,,,https://jlptsensei.com/learn-japanese-vocabulary/%e5%b1%8b%e4%b8%8a-%e3%81%8a%e3%81%8f%e3%81%98%e3%82%87%e3%81%86-okujou-meaning/
遅れる,to be late,<em>(No detailed table found)</em>,,,https://jlptsensei.com/learn-japanese-vocabulary/%e9%81%85%e3%82%8c%e3%82%8b-%e3%81%8a%e3%81%8f%e3%82%8c%e3%82%8b-okureru-meaning/
贈り物,present; gift,<em>(No detailed table found)</em>,,,https://jlptsensei.com/learn-japanese-vocabulary/%e8%b4%88%e3%82%8a%e7%89%a9-%e3%81%8a%e3%81%8f%e3%82%8a%e3%82%82%e3%81%ae-okurimono-meaning/
送る,Learn Japanese vocabulary: 【おくる】(okuru). Meaning: to send (a thing); to dispatch; to despatch; to transmit to take or escort (a person somewhere); to see off...,<em>(No detailed table found)</em>,Example #1わたしは彼女を自宅へ送る。ふりがなromajiEnglishわたしはかのじょをじたくへおくる。watashi wa kanojo o jitaku e okuru.I will send her home.,Example #2この絵を彼の家に送ってください。ふりがなromajiEnglishこのえをかれのいえにおくってください。kono e o kare no ie ni okutte kudasai.Please send this painting to his home.,https://jlptsensei.com/learn-japanese-vocabulary/%e9%80%81%e3%82%8b-%e3%81%8a%e3%81%8f%e3%82%8b-okuru-meaning/
お祭り,festival,<em>(No detailed table found)</em>,,,https://jlptsensei.com/learn-japanese-vocabulary/%e3%81%8a%e7%a5%ad%e3%82%8a-%e3%81%8a%e3%81%be%e3%81%a4%e3%82%8a-omatsuri-meaning/
お見舞い,Learn Japanese vocabulary: 【おみまい】(omimai). Meaning: calling on someone who is ill; enquiry; inquiry​.,<em>(No detailed table found)</em>,Example #1彼は私のおみまいに来てくれた。ふりがなromajiEnglishかれはわたしのおみまいにきてくれた。kare wa watashi no omimai ni kite kureta.He came to visit me at the hospital.,Example #2彼のお見舞いに行きたい。ふりがなromajiEnglishかれのおみまいにいきたい。kare no omimai ni ikitai.I want to go see how he's doing.,https://jlptsensei.com/learn-japanese-vocabulary/%e3%81%8a%e8%a6%8b%e8%88%9e%e3%81%84-%e3%81%8a%e3%81%bf%e3%81%be%e3%81%84-omimai-meaning/
お土産,souvenir,<em>(No detailed table found)</em>,,,https://jlptsensei.com/learn-japanese-vocabulary/%e3%81%8a%e5%9c%9f%e7%94%a3-%e3%81%8a%e3%81%bf%e3%82%84%e3%81%92-omiyage-meaning/
おもちゃ,toy,<em>(No detailed table found)</em>,,,https://jlptsensei.com/learn-japanese-vocabulary/%e3%81%8a%e3%82%82%e3%81%a1%e3%82%83-omocha-meaning/
思い出す,Learn Japanese vocabulary: 【おもいだす】(omoidasu). Meaning: to recall; to remember; to recollect.,<em>(No detailed table found)</em>,Example #1それをおもいだす暇もなかった。ふりがなromajiEnglishそれをおもいだすひまもなかった。sore o omoidasu hima mo nakatta.I didn't have the time to remember that.,Example #2私はいつでもあなたを思い出す。ふりがなromajiEnglishわたしはいつでもあなたをおもいだす。watashi wa itsu demo anata o omoidasu.I always remember you.,https://jlptsensei.com/learn-japanese-vocabulary/%e6%80%9d%e3%81%84%e5%87%ba%e3%81%99-%e3%81%8a%e3%82%82%e3%81%84%e3%81%a0%e3%81%99-omoidasu-meaning/
表,"Learn Japanese vocabulary: 【おもて】(omote). Meaning: surface​ front (of a building, etc.); obverse side (i.e. “head”) of a coin",<em>(No detailed table found)</em>,Example #1子どもたちが表に遊んでいる。ふりがなromajiEnglishこどもたちがおもてにあそんでいる。kodomo tachi ga omote ni asonde iru.The children are playing front.,Example #2家のおもてに庭があります。ふりがなromajiEnglishいえのおもてににわがあります。ie no omote ni niwa ga arimasu.There is a garden on the front of the house.,https://jlptsensei.com/learn-japanese-vocabulary/%e8%a1%a8-%e3%81%8a%e3%82%82%e3%81%a6-omote-meaning/
オートバイ,motorcycle,<em>(No detailed table found)</em>,,,https://jlptsensei.com/learn-japanese-vocabulary/%e3%82%aa%e3%83%bc%e3%83%88%e3%83%90%e3%82%a4-ootobai-meaning/
お礼,thanks,<em>(No detailed table found)</em>,,,https://jlptsensei.com/learn-japanese-vocabulary/%e3%81%8a%e7%a4%bc-%e3%81%8a%e3%82%8c%e3%81%84-orei-meaning/
折れる,to break; to be broken,<em>(No detailed table found)</em>,,,https://jlptsensei.com/learn-japanese-vocabulary/%e6%8a%98%e3%82%8c%e3%82%8b-%e3%81%8a%e3%82%8c%e3%82%8b-oreru-meaning/
下りる,to get off,<em>(No detailed table found)</em>,,,https://jlptsensei.com/learn-japanese-vocabulary/%e4%b8%8b%e3%82%8a%e3%82%8b-%e3%81%8a%e3%82%8a%e3%82%8b-oriru-meaning/
折る,Learn Japanese vocabulary: 【おる】(oru). Meaning: to break; to fracture; to break off; to snap off; to pick (e.g. flowers) to fold; to bend,<em>(No detailed table found)</em>,Example #1彼は足を折っている。ふりがなromajiEnglishかれはあしをおっている。kare wa ashi o otte iru.He broke his leg.,Example #2あなたはこの紙を折ってください。ふりがなromajiEnglishあなたはこのかみをおってください。anata wa kono kami o otte kudasai.Please fold this paper.,https://jlptsensei.com/learn-japanese-vocabulary/%e6%8a%98%e3%82%8b-%e3%81%8a%e3%82%8b-oru-meaning/
押し入れ,closet,<em>(No detailed table found)</em>,,,https://jlptsensei.com/learn-japanese-vocabulary/%e6%8a%bc%e3%81%97%e5%85%a5%e3%82%8c-oshiire-closet/
仰る,(respectful) to say,<em>(No detailed table found)</em>,,,https://jlptsensei.com/learn-japanese-vocabulary/%e4%bb%b0%e3%82%8b-%e3%81%8a%e3%81%a3%e3%81%97%e3%82%83%e3%82%8b-ossharu-meaning/
お宅,your home,<em>(No detailed table found)</em>,,,https://jlptsensei.com/learn-japanese-vocabulary/%e3%81%8a%e5%ae%85-%e3%81%8a%e3%81%9f%e3%81%8f-otaku-meaning/
音,sound; note,<em>(No detailed table found)</em>,,,https://jlptsensei.com/learn-japanese-vocabulary/%e9%9f%b3-%e3%81%8a%e3%81%a8-oto-meaning/
落とす,to drop,<em>(No detailed table found)</em>,,,https://jlptsensei.com/learn-japanese-vocabulary/%e8%90%bd%e3%81%a8%e3%81%99-%e3%81%8a%e3%81%a8%e3%81%99-otosu-meaning/
お釣り,change (for a purchase)​,<em>(No detailed table found)</em>,,,https://jlptsensei.com/learn-japanese-vocabulary/%e3%81%8a%e9%87%a3%e3%82%8a-%e3%81%8a%e3%81%a4%e3%82%8a-otsuri-meaning/
夫,husband,<em>(No detailed table found)</em>,,,https://jlptsensei.com/learn-japanese-vocabulary/%e5%a4%ab-%e3%81%8a%e3%81%a3%e3%81%a8-otto-meaning/
終わり,the end,<em>(No detailed table found)</em>,,,https://jlptsensei.com/learn-japanese-vocabulary/%e7%b5%82%e3%82%8f%e3%82%8a-%e3%81%8a%e3%82%8f%e3%82%8a-owari-meaning/
親,Learn Japanese vocabulary: 【おや】(oya). Meaning: parent; parents; mother and father​.,<em>(No detailed table found)</em>,Example #1私のおやはとても優しいです。ふりがなromajiEnglishわたしのおやはとてもやさしいです。watashi no oya wa totemo yasashii desu.My parents are very nice.,Example #2彼の親は２人とも医者です。ふりがなromajiEnglishかれのおやはふたりともいしゃです。kare no oya wa futari tomo isha desu.Both his parents are doctors.,https://jlptsensei.com/learn-japanese-vocabulary/%e8%a6%aa-%e3%81%8a%e3%82%84-oya-meaning/
泳ぎ方,Learn Japanese vocabulary: 【およぎかた】(oyogikata). Meaning: way of swimming.,<em>(No detailed table found)</em>,Example #1私はおよぎかたを知らない。ふりがなromajiEnglishわたしはおよぎかたをしらない。watashi wa oyogikata o shiranai.I don't know how to swim.,Example #2彼に泳ぎ方を教えるつもりです。ふりがなromajiEnglishかれにおよぎかたをおしえるつもりです。kare ni oyogikata o oshieru tsumori desu.I will teach him how to swim.,https://jlptsensei.com/learn-japanese-vocabulary/%e6%b3%b3%e3%81%8e%e6%96%b9-%e3%81%8a%e3%82%88%e3%81%8e%e3%81%8b%e3%81%9f-oyogikata-meaning/
パート,part; part time,<em>(No detailed table found)</em>,,,https://jlptsensei.com/learn-japanese-vocabulary/%e3%83%91%e3%83%bc%e3%83%88-paato-meaning/
パソコン,personal computer,<em>(No detailed table found)</em>,,,https://jlptsensei.com/learn-japanese-vocabulary/%e3%83%91%e3%82%bd%e3%82%b3%e3%83%b3-pasokon-meaning/
ピアノ,piano,<em>(No detailed table found)</em>,,,https://jlptsensei.com/learn-japanese-vocabulary/%e3%83%94%e3%82%a2%e3%83%8e-piano-meaning/
プレゼント,present; gift,<em>(No detailed table found)</em>,,,https://jlptsensei.com/learn-japanese-vocabulary/%e3%83%97%e3%83%ac%e3%82%bc%e3%83%b3%e3%83%88-purezento-meaning/
冷房,air conditioning,<em>(No detailed table found)</em>,,,https://jlptsensei.com/learn-japanese-vocabulary/%e5%86%b7%e6%88%bf-%e3%82%8c%e3%81%84%e3%81%bc%e3%81%86-reibou-meaning/
レジ,Learn Japanese vocabulary: 【】(reji). Meaning: cashier​; (cash) register​.,<em>(No detailed table found)</em>,Example #1お会計はレジでお願いします。ふりがなromajiEnglishおかいけいはレジでおねがいします。okaikei wa reji de onegai shimasu.Please pay the cashier.,"Example #2あそこにレジがあります。こちらへどうぞ。ふりがなromajiEnglishあそこにレジがあります。こちらへどうぞ。asoko ni reji ga arimasu. kochira e douzo.There’s a cashier over there. This way, please.",https://jlptsensei.com/learn-japanese-vocabulary/%e3%83%ac%e3%82%b8-reji-meaning/
歴史,history,<em>(No detailed table found)</em>,,,https://jlptsensei.com/learn-japanese-vocabulary/%e6%ad%b4%e5%8f%b2-%e3%82%8c%e3%81%8d%e3%81%97-rekishi-meaning/
連絡,to contact; to get in touch​,<em>(No detailed table found)</em>,,,https://jlptsensei.com/learn-japanese-vocabulary/%e9%80%a3%e7%b5%a1-%e3%82%8c%e3%82%93%e3%82%89%e3%81%8f-renraku-meaning/
レポート,report,<em>(No detailed table found)</em>,,,https://jlptsensei.com/learn-japanese-vocabulary/%e3%83%ac%e3%83%9d%e3%83%bc%e3%83%88-repooto-meaning/
利用,Learn Japanese vocabulary: 【りよう】(riyou) Meaning: use; utilization; application.,<em>(No detailed table found)</em>,Example #1それを何時まで利用できますか？ふりがなromajiEnglishそれをなんじまでりようできますか？sore wo nanji made riyou dekimasu ka?Until what time can I use that?,Example #2このカードで図書館を利用できる。ふりがなromajiEnglishこのカードでとしょかんをりようできる。kono kaado de toshokan wo riyou dekiru.With this card you can access the library.,https://jlptsensei.com/learn-japanese-vocabulary/%e5%88%a9%e7%94%a8-riyou-use/
理由,reason,<em>(No detailed table found)</em>,,,https://jlptsensei.com/learn-japanese-vocabulary/%e7%90%86%e7%94%b1-%e3%82%8a%e3%82%86%e3%81%86-riyuu-meaning/
留守,absence,<em>(No detailed table found)</em>,,,https://jlptsensei.com/learn-japanese-vocabulary/%e7%95%99%e5%ae%88-%e3%82%8b%e3%81%99-rusu-meaning/
旅館,traditional inn; Japanese-style lodging,<em>(No detailed table found)</em>,,,https://jlptsensei.com/learn-japanese-vocabulary/%e9%a4%a8-ryokan-japanese-style-inn/
両方,both sides,<em>(No detailed table found)</em>,,,https://jlptsensei.com/learn-japanese-vocabulary/%e4%b8%a1%e6%96%b9-%e3%82%8a%e3%82%87%e3%81%86%e3%81%bb%e3%81%86-ryouhou-meaning/
寂しい,lonely,<em>(No detailed table found)</em>,,,https://jlptsensei.com/learn-japanese-vocabulary/%e5%af%82%e3%81%97%e3%81%84-%e3%81%95%e3%81%b3%e3%81%97%e3%81%84-sabishii-meaning/
下がる,to get down,<em>(No detailed table found)</em>,,,https://jlptsensei.com/learn-japanese-vocabulary/%e4%b8%8b%e3%81%8c%e3%82%8b-%e3%81%95%e3%81%8c%e3%82%8b-sagaru-meaning/
探す,"Learn Japanese vocabulary: 【さがす】(sagasu). Meaning: to search (for something desired, needed); to look for to search (for something lost); to seek (a suspect in a...",<em>(No detailed table found)</em>,Example #1あなたは何を探しているの？ふりがなromajiEnglishあなたはなにをさがしているの？anata wa nani o sagashite iru no?What are you looking for?,Example #2私は仕事を探しています。ふりがなromajiEnglishわたしはしごとをさがしています。watashi wa shigoto o sagashite imasu.I'm searching for a job.,https://jlptsensei.com/learn-japanese-vocabulary/%e6%8e%a2%e3%81%99-%e3%81%95%e3%81%8c%e3%81%99-sagasu-meaning/
下げる,to lower,<em>(No detailed table found)</em>,,,https://jlptsensei.com/learn-japanese-vocabulary/%e4%b8%8b%e3%81%92%e3%82%8b-%e3%81%95%e3%81%92%e3%82%8b-sageru-meaning/
最後,Learn Japanese vocabulary: 【さいご】(saigo). Meaning: end; conclusion last; final; latest; most recent,<em>(No detailed table found)</em>,Example #1私たちはさいごまで頑張った。ふりがなromajiEnglishわたしたちはさいごまでがんばった。watashi tachi wa saigo made ganbatta.We tried or best to the very end.,Example #2私はさいごにロンドンで彼を見た。ふりがなromajiEnglishわたしはさいごにロンドンでかれを見みた。watashi wa saigo ni rondon de kare o mita.I saw him last in London.,https://jlptsensei.com/learn-japanese-vocabulary/%e6%9c%80%e5%be%8c-%e3%81%95%e3%81%84%e3%81%94-saigo-meaning/
最近,recently,<em>(No detailed table found)</em>,,,https://jlptsensei.com/learn-japanese-vocabulary/%e6%9c%80%e8%bf%91-%e3%81%95%e3%81%84%e3%81%8d%e3%82%93-saikin-meaning/
最初,beginning; first,<em>(No detailed table found)</em>,,,https://jlptsensei.com/learn-japanese-vocabulary/%e6%9c%80%e5%88%9d-saisho-meaning/
坂,Learn Japanese vocabulary: 【さか】(saka). Meaning: slope; hill.,<em>(No detailed table found)</em>,Example #1彼はその坂を上った。ふりがなromajiEnglishかれはそのさかをのぼった。kare wa sono saka o nobotta.He went up that hill.,Example #2あなたはこの坂を進んでください。ふりがなromajiEnglishあなたはこのさかをすすんでください。anata wa kono saka o susunde kudasai.Please continue on this slope.,https://jlptsensei.com/learn-japanese-vocabulary/%e5%9d%82-%e3%81%95%e3%81%8b-saka-meaning/
盛ん,popularity; prosperous,<em>(No detailed table found)</em>,,,https://jlptsensei.com/learn-japanese-vocabulary/%e7%9b%9b%e3%82%93-%e3%81%95%e3%81%8b%e3%82%93-sakan-meaning/
昨夜,last night,<em>(No detailed table found)</em>,,,https://jlptsensei.com/learn-japanese-vocabulary/%e6%98%a8%e5%a4%9c-sakuya-last-night/
サンダル,sandal,<em>(No detailed table found)</em>,,,https://jlptsensei.com/learn-japanese-vocabulary/%e3%82%b5%e3%83%b3%e3%83%80%e3%83%ab-sandaru-meaning/
サンドイッチ,sandwich,<em>(No detailed table found)</em>,,,https://jlptsensei.com/learn-japanese-vocabulary/%e3%82%b5%e3%83%b3%e3%83%89%e3%82%a4%e3%83%83%e3%83%81-sandoicchi-meaning/
産業,Learn Japanese vocabulary: 【さんぎょう】(sangyou). Meaning: industry.,<em>(No detailed table found)</em>,Example #1彼らはさんぎょうを勉強します。ふりがなromajiEnglishかれらはさんぎょうをべんきょうします。karera wa sangyou o benkyou shimasu.They study industry.,Example #2この町のおもな産業は何ですか。ふりがなromajiEnglishこのまちのおもなさんぎょうはなんですか。kono machi no omona sangyou wa nan desuka.What is the main industry in this town?,https://jlptsensei.com/learn-japanese-vocabulary/%e7%94%a3%e6%a5%ad-%e3%81%95%e3%82%93%e3%81%8e%e3%82%87%e3%81%86-sangyou-meaning/
サラダ,Learn Japanese vocabulary: (sarada). Meaning: salad.,<em>(No detailed table found)</em>,Example #1このサラダは美味しくない。ふりがなromajiEnglishこのサラダはおいしくない。kono sarada wa oishikunai.This salad isn't delicious.,Example #2もう少しサラダはいかがですか。ふりがなromajiEnglishもうすこしサラダはいかがですか。mou sukoshi sarada wa ikaga desuka.Would you like some more salad?,https://jlptsensei.com/learn-japanese-vocabulary/%e3%82%b5%e3%83%a9%e3%83%80-sarada-meaning/
再来月,month after next,<em>(No detailed table found)</em>,,,https://jlptsensei.com/learn-japanese-vocabulary/%e5%86%8d%e6%9d%a5%e6%9c%88-saraigetsu-month-after-next/
再来週,week after next,<em>(No detailed table found)</em>,,,https://jlptsensei.com/learn-japanese-vocabulary/%e5%86%8d%e6%9d%a5%e9%80%b1-saraishuu-week-after-next/
差し上げる,Learn Japanese vocabulary: 【さしあげる】(sashiageru). Meaning: to give; to offer​ to lift up; to hold up; to raise​,<em>(No detailed table found)</em>,Example #1私はこれをあなたに差し上げます。ふりがなromajiEnglishわたしはこれをあなたにさしあげます。watashi wa kore o anata ni sashiagemasu.I am going to give you these.,Example #2飲み物を差し上げましょうか。ふりがなromajiEnglishのみものをさしあげましょうか。nomimono o sashiage mashou ka.May I offer you a drink?,https://jlptsensei.com/learn-japanese-vocabulary/%e5%b7%ae%e3%81%97%e4%b8%8a%e3%81%92%e3%82%8b-%e3%81%95%e3%81%97%e3%81%82%e3%81%92%e3%82%8b-sashiageru-meaning/
騒ぐ,"to make noise,to be excited",<em>(No detailed table found)</em>,,,https://jlptsensei.com/learn-japanese-vocabulary/%e9%a8%92%e3%81%90-%e3%81%95%e3%82%8f%e3%81%90-sawagu-meaning/
触る,to touch,<em>(No detailed table found)</em>,,,https://jlptsensei.com/learn-japanese-vocabulary/%e8%a7%a6%e3%82%8b-%e3%81%95%e3%82%8f%e3%82%8b-sawaru-meaning/
生物,Learn Japanese vocabulary: 【せいぶつ】(seibutsu). Meaning: living thing; organism; creature; life; biology.,<em>(No detailed table found)</em>,Example #1彼はせいぶつの試験でカンニングした。ふりがなromajiEnglishかれはせいぶつのしけんでカンニングした。kare wa seibutsu no shiken de kanningu shita.He cheated on the biology exam.,Example #2火星には生物が存在しない。ふりがなromajiEnglishかせいにはせいぶつがそんざいしない。kasei ni wa seibutsu ga sonzai shinai.There's no life on Mars.,https://jlptsensei.com/learn-japanese-vocabulary/%e7%94%9f%e7%89%a9-%e3%81%9b%e3%81%84%e3%81%b6%e3%81%a4-seibutsu-meaning/
政治,politics,<em>(No detailed table found)</em>,,,https://jlptsensei.com/learn-japanese-vocabulary/%e6%94%bf%e6%b2%bb-%e3%81%9b%e3%81%84%e3%81%98-seiji-meaning/
生活,Learn Japanese vocabulary: 【せいかつ】(seikatsu). Meaning: living; life (one’s daily existence); livelihood.,<em>(No detailed table found)</em>,Example #1あなたの生活はとても楽しそうです。ふりがなromajiEnglishあなたのせいかつはとてもたのしそうです。anata no seikatsu wa totemo tanoshisou desu.Your life looks very fun.,Example #2私たちの生活は苦しかった。ふりがなromajiEnglishわたしたちのせいかつはくるしかった。watashitachi no seikatsu wa kurushikatta.Our life was difficult.,https://jlptsensei.com/learn-japanese-vocabulary/%e7%94%9f%e6%b4%bb-%e3%81%9b%e3%81%84%e3%81%8b%e3%81%a4-seikatsu-meaning/
生命,life,<em>(No detailed table found)</em>,,,https://jlptsensei.com/learn-japanese-vocabulary/%e7%94%9f%e5%91%bd-%e3%81%9b%e3%81%84%e3%82%81%e3%81%84-seimei-meaning/
生産,production,<em>(No detailed table found)</em>,,,https://jlptsensei.com/learn-japanese-vocabulary/%e7%94%9f%e7%94%a3-%e3%81%9b%e3%81%84%e3%81%95%e3%82%93-seisan-meaning/
西洋,the west; Western countries,<em>(No detailed table found)</em>,,,https://jlptsensei.com/learn-japanese-vocabulary/%e8%a5%bf%e6%b4%8b-seiyou-meaning-the-west/
世界,the world,<em>(No detailed table found)</em>,,,https://jlptsensei.com/learn-japanese-vocabulary/%e4%b8%96%e7%95%8c-%e3%81%9b%e3%81%8b%e3%81%84-sekai-meaning/
席,seat,<em>(No detailed table found)</em>,,,https://jlptsensei.com/learn-japanese-vocabulary/%e5%b8%ad-%e3%81%9b%e3%81%8d-seki-meaning/
線,Learn Japanese vocabulary: 【せん】(sen). Meaning: line; stripe; stria​ line (e.g. telephone line); wire ray (e.g. X-ray); beam line (e.g. of a railroad); track; route; lane​,<em>(No detailed table found)</em>,Example #1このせんは電気が通っている。ふりがなromajiEnglishこのせんはでんきがとおっている。kono sen wa denki ga tootte iru.This wire is charged with electricity.,Example #23本の線は点Dで交わっている。ふりがなromajiEnglish3ぽんのせんはてんDでまじわっている。3 pon no sen wa ten D de majiwatte iru.The three lines intersect at point D.,https://jlptsensei.com/learn-japanese-vocabulary/%e7%b7%9a-%e3%81%9b%e3%82%93-sen-meaning/
背中,back (of body),<em>(No detailed table found)</em>,,,https://jlptsensei.com/learn-japanese-vocabulary/%e8%83%8c%e4%b8%ad-%e3%81%9b%e3%81%aa%e3%81%8b-senaka-meaning/
先輩,senior,<em>(No detailed table found)</em>,,,https://jlptsensei.com/learn-japanese-vocabulary/%e5%85%88%e8%bc%a9-%e3%81%9b%e3%82%93%e3%81%b1%e3%81%84-senpai-meaning/
戦争,war,<em>(No detailed table found)</em>,,,https://jlptsensei.com/learn-japanese-vocabulary/%e6%88%a6%e4%ba%89-%e3%81%9b%e3%82%93%e3%81%9d%e3%81%86-sensou-meaning/
説明,Learn Japanese vocabulary: 【せつめい】(setsumei) Meaning: explanation.,<em>(No detailed table found)</em>,Example #1英語で説明する。ふりがなromajiEnglishえいごでせつめいする。eigo de setsumei suru.I will explain it in English.,Example #2私はうまく説明できません。ふりがなromajiEnglishわたしはうまくせつめいできません。watashi wa umaku setsumei dekimasen.I cannot explain it very well.,https://jlptsensei.com/learn-japanese-vocabulary/%e8%aa%ac%e6%98%8e-setsumei-meaning-explanation/
社長,Learn Japanese vocabulary: 【 しゃちょう 】(shachou) Meaning: company president; manager; director.,<em>(No detailed table found)</em>,Example #1私は社長になりたい。ふりがなromajiEnglishわたしはしゃちょうになりたい。watashi wa shachou ni naritai.I want to become a CEO.,Example #2今日は社長はいますか？ふりがなromajiEnglishきょうはしゃちょうはいますか？kyou wa shachou wa imasu ka?Is the company president here today?,https://jlptsensei.com/learn-japanese-vocabulary/%e7%a4%be%e9%95%b7-shachou-company-president/
社会,Learn Japanese vocabulary: 【しゃかい】(shakai) Meaning: society; public; community; the world.,<em>(No detailed table found)</em>,Example #1私は社会人です。ふりがなromajiEnglishわたしはしゃかいじんです。watashi wa shakaijin desu.I am a full-fledged member of society. (an adult),Example #2私は来年社会人になる。ふりがなromajiEnglishわたしはらいねんしゃかいじんになる。watashi wa rainen shakaijin ni naru.I will become a working adult next year.,https://jlptsensei.com/learn-japanese-vocabulary/%e7%a4%be%e4%bc%9a-shakai-meaning-society/
市,city,<em>(No detailed table found)</em>,,,https://jlptsensei.com/learn-japanese-vocabulary/%e5%b8%82-%e3%81%97-shi-meaning/
試合,"match,game",<em>(No detailed table found)</em>,,,https://jlptsensei.com/learn-japanese-vocabulary/%e8%a9%a6%e5%90%88-%e3%81%97%e3%81%82%e3%81%84-shiai-meaning/
叱る,to scold,<em>(No detailed table found)</em>,,,https://jlptsensei.com/learn-japanese-vocabulary/%e5%8f%b1%e3%82%8b-%e3%81%97%e3%81%8b%e3%82%8b-shikaru-meaning/
仕方,way; method,<em>(No detailed table found)</em>,,,https://jlptsensei.com/learn-japanese-vocabulary/%e4%bb%95%e6%96%b9-%e3%81%97%e3%81%8b%e3%81%9f-shikata-meaning/
試験,examination,<em>(No detailed table found)</em>,,,https://jlptsensei.com/learn-japanese-vocabulary/%e8%a9%a6%e9%a8%93-%e3%81%97%e3%81%91%e3%82%93-shiken-meaning/
しっかり,firmly; steadily,<em>(No detailed table found)</em>,,,https://jlptsensei.com/learn-japanese-vocabulary/%e3%81%97%e3%81%a3%e3%81%8b%e3%82%8a-shikkari-meaning/
島,island,<em>(No detailed table found)</em>,,,https://jlptsensei.com/learn-japanese-vocabulary/%e5%b3%b6-%e3%81%97%e3%81%be-shima-meaning/
市民,citizen,<em>(No detailed table found)</em>,,,https://jlptsensei.com/learn-japanese-vocabulary/%e5%b8%82%e6%b0%91-%e3%81%97%e3%81%bf%e3%82%93-shimin-meaning/
品物,goods; article; thing,<em>(No detailed table found)</em>,,,https://jlptsensei.com/learn-japanese-vocabulary/%e5%93%81%e7%89%a9-shinamono-goods/
新聞社,newspaper company,<em>(No detailed table found)</em>,,,https://jlptsensei.com/learn-japanese-vocabulary/%e6%96%b0%e8%81%9e%e7%a4%be-shinbunsha-newspaper-company/
親切,Learn Japanese vocabulary: 【しんせつ】(shinsetsu). Meaning: kind; gentle; considerate; generous; friendly; nice.,<em>(No detailed table found)</em>,Example #1あなたはとても親切です。ふりがなromajiEnglishあなたはとてもしんせつです。anata wa totemo shinsetsu desu.You are very kind.,Example #2あなたの親切に感謝します。ふりがなromajiEnglishあなたのしんせつにかんしゃします。anata no shinsetsu ni kansha shimasu.Thank you for your kindness.,https://jlptsensei.com/learn-japanese-vocabulary/%e8%a6%aa%e5%88%87-%e3%81%97%e3%82%93%e3%81%9b%e3%81%a4-shinsetsu-meaning/
失敗,failure,<em>(No detailed table found)</em>,,,https://jlptsensei.com/learn-japanese-vocabulary/%e5%a4%b1%e6%95%97-%e3%81%97%e3%81%a3%e3%81%b1%e3%81%84-shippai-meaning/
調べる,Learn Japanese vocabulary: 【しらべる】(shiraberu). Meaning: to investigate; to check up; to inquire; to search.,<em>(No detailed table found)</em>,Example #1彼はかのじょを調べている。ふりがなromajiEnglishかれはかのじょをしらべている。kare wa kanojo o shirabete iru.He has examined her.,Example #2それらを調べておいてください。ふりがなromajiEnglishそれらをしらべておいてください。sorera wa shirabete oite kudasai.Please check them out.,https://jlptsensei.com/learn-japanese-vocabulary/%e8%aa%bf%e3%81%b9%e3%82%8b-%e3%81%97%e3%82%89%e3%81%b9%e3%82%8b-shiraberu-meaning/
知らせる,to notify,<em>(No detailed table found)</em>,,,https://jlptsensei.com/learn-japanese-vocabulary/%e7%9f%a5%e3%82%89%e3%81%9b%e3%82%8b-%e3%81%97%e3%82%89%e3%81%9b%e3%82%8b-shiraseru-meaning/
下着,underwear,<em>(No detailed table found)</em>,,,https://jlptsensei.com/learn-japanese-vocabulary/%e4%b8%8b%e7%9d%80-%e3%81%97%e3%81%9f%e3%81%8e-shitagi-meaning/
食料品,food; groceries,<em>(No detailed table found)</em>,,,https://jlptsensei.com/learn-japanese-vocabulary/%e9%a3%9f%e6%96%99%e5%93%81-shokuryouhin-groceries/
小学校,elementary school,<em>(No detailed table found)</em>,,,https://jlptsensei.com/learn-japanese-vocabulary/%e5%b0%8f%e5%ad%a6%e6%a0%a1-shougakkou-elementary-school/
生じる,to produce,<em>(No detailed table found)</em>,,,https://jlptsensei.com/learn-japanese-vocabulary/%e7%94%9f%e3%81%98%e3%82%8b-%e3%81%97%e3%82%87%e3%81%86%e3%81%98%e3%82%8b-shoujiru-meaning/
紹介,Learn Japanese vocabulary: 【しょうかい】(shoukai). Meaning: introduction; presentation; referral.,<em>(No detailed table found)</em>,Example #1研究のしょうかいをさせてください。ふりがなromajiEnglishけんきゅうのしょうかいをさせてください。kenkyuu no shoukai o sasete kudasai.Please allow me to introduce my research.,Example #2彼の紹介で彼女と知り合った。ふりがなromajiEnglishかれのしょうかいでかのじょとしりあった。kare no shoukai de kanojo to shiriatta.I made her acquaintance through his introduction.,https://jlptsensei.com/learn-japanese-vocabulary/%e7%b4%b9%e4%bb%8b-%e3%81%97%e3%82%87%e3%81%86%e3%81%8b%e3%81%84-shoukai-meaning/
将来,future,<em>(No detailed table found)</em>,,,https://jlptsensei.com/learn-japanese-vocabulary/%e5%b0%86%e6%9d%a5-%e3%81%97%e3%82%87%e3%81%86%e3%82%89%e3%81%84-shourai-meaning/
小説,novel,<em>(No detailed table found)</em>,,,https://jlptsensei.com/learn-japanese-vocabulary/%e5%b0%8f%e8%aa%ac-%e3%81%97%e3%82%87%e3%81%86%e3%81%9b%e3%81%a4-shousetsu-meaning/
趣味,Learn Japanese vocabulary: 【しゅみ】(shumi) Meaning: hobby; pastime; preference.,<em>(No detailed table found)</em>,Example #1趣味は何ですか？ふりがなromajiEnglishしゅみはなんですか？shumi wa nandesu ka?What are your hobbies?,Example #2私の趣味は読書です。ふりがなromajiEnglishわたしのしゅみはどくしょです。watashi no shumi wa dokusho desu.My hobby is reading.,https://jlptsensei.com/learn-japanese-vocabulary/%e8%b6%a3%e5%91%b3-shumi-meaning-hobby/
習慣,Learn Japanese vocabulary: 【しゅうかん】(shuukan) Meaning: habit; custom; cultural practice.,<em>(No detailed table found)</em>,Example #1私には悪い習慣があります。ふりがなromajiEnglishわたしにはわるいしゅうかんがあります。watashi ni wa warui shuukan ga arimasu.I have bad habits.,Example #2その習慣はドイツで始まった。ふりがなromajiEnglishそのしゅうかんはドイツではじまった。sono shuukan wa doitsu de hajimatta.The custom originated in Germany.,https://jlptsensei.com/learn-japanese-vocabulary/%e7%bf%92%e6%85%a3-shuukan-habit/
祖母,grandmother,<em>(No detailed table found)</em>,,,https://jlptsensei.com/learn-japanese-vocabulary/%e7%a5%96%e6%af%8d-sobo-meaning-grandmother/
育てる,Learn Japanese vocabulary: 【そだてる】(sodateru). Meaning: to raise; to rear; to bring up​ to train; to teach; to educate​ to promote the growth of; to nurture;...,<em>(No detailed table found)</em>,Example #1私は花をそだてることが好きです。ふりがなromajiEnglishわたしははなをそだてることがすきです。watashi wa hana o sodateru koto ga suki desu.I like growing flowers.,Example #2私たちはそれをどのように育てるか。ふりがなromajiEnglishわたしたちはそれをどのようにそだてるか。watashi tachi wa sore o dono you ni sodateru ka.How do we raise that?,https://jlptsensei.com/learn-japanese-vocabulary/%e8%82%b2%e3%81%a6%e3%82%8b-%e3%81%9d%e3%81%a0%e3%81%a6%e3%82%8b-sodateru-meaning/
祖父,grandfather,<em>(No detailed table found)</em>,,,https://jlptsensei.com/learn-japanese-vocabulary/%e7%a5%96%e7%88%b6-sofu-meaning-grandfather/
ソフト,soft,<em>(No detailed table found)</em>,,,https://jlptsensei.com/learn-japanese-vocabulary/%e3%82%bd%e3%83%95%e3%83%88-sofuto-meaning/
そんな,"Learn Japanese vocabulary: (sonna). Meaning: such (about the actions of the listener, or about ideas expressed or understood by the listener); like that; that sort...",<em>(No detailed table found)</em>,Example #1私はそんなに強くありません。ふりがなromajiEnglishわたしはそんなにつよくありません。watashi wa sonna ni tsuyoku arimasen.I am not that strong.,Example #2私はそんな危険なことできない。ふりがなromajiEnglishわたしはそんなきけんなことできない。watashi wa sonna kiken na koto dekinai.I can't do such a dangerous thing.,https://jlptsensei.com/learn-japanese-vocabulary/%e3%81%9d%e3%82%93%e3%81%aa-sonna-meaning/
それで,Learn Japanese vocabulary: (sore de). Meaning: and; thereupon; because of that​.,<em>(No detailed table found)</em>,Example #1それでそこへ行きました。ふりがなromajiEnglishそれでそこへいきました。sore de soko e ikimashita.And then I went there.,Example #2それでやっと安心した。ふりがなromajiEnglishそれでやっとあんしんした。sore de yatto anshin shita.I was finally relieved with that.,https://jlptsensei.com/learn-japanese-vocabulary/%e3%81%9d%e3%82%8c%e3%81%a7-sore-de-meaning/
それほど,to that extent,<em>(No detailed table found)</em>,,,https://jlptsensei.com/learn-japanese-vocabulary/%e3%81%9d%e3%82%8c%e3%81%bb%e3%81%a9-sore-hodo-meaning/
そろそろ,Learn Japanese vocabulary: (sorosoro). Meaning: gradually; soon.,<em>(No detailed table found)</em>,Example #1私はそろそろ寝ます。ふりがなromajiEnglishわたしはそろそろねます。watashi wa sorosoro nemasu.I am going to sleep soon.,Example #2この仕事はそろそろ終わるだろう。ふりがなromajiEnglishこのしごとはそろそろおわるだろう。kono shigoto wa sorosoro owaru darou.This job is likely to finish soon.,https://jlptsensei.com/learn-japanese-vocabulary/%e3%81%9d%e3%82%8d%e3%81%9d%e3%82%8d-sorosoro-meaning/
卒業,Learn Japanese vocabulary: 【そつぎょう】(sotsugyou). Meaning: graduation; completion (of a course).,<em>(No detailed table found)</em>,Example #1これはそつぎょうの時の写真です。ふりがなromajiEnglishこれはそつぎょうのときのしゃしんです。kore wa sotsugyou no toki no shashin desu.This is a picture from graduation.,Example #2彼はそつぎょうしたら教師になることにしました。ふりがなromajiEnglishかれはそつぎょうしたらきょうしになることにしました。kare wa sotsugyou shitara kyoushi ni naru koto ni shimashita.He will become a teacher when he graduates.,https://jlptsensei.com/learn-japanese-vocabulary/%e5%8d%92%e6%a5%ad-%e3%81%9d%e3%81%a4%e3%81%8e%e3%82%87%e3%81%86-sotsugyou-meaning/
相談,to discuss,<em>(No detailed table found)</em>,,,https://jlptsensei.com/learn-japanese-vocabulary/%e7%9b%b8%e8%ab%87-%e3%81%9d%e3%81%86%e3%81%a0%e3%82%93-soudan-meaning/
素晴らしい,wonderful,<em>(No detailed table found)</em>,,,https://jlptsensei.com/learn-japanese-vocabulary/%e7%b4%a0%e6%99%b4%e3%82%89%e3%81%97%e3%81%84-%e3%81%99%e3%81%b0%e3%82%89%e3%81%97%e3%81%84-subarashii-meaning/
滑る,to slide; to slip,<em>(No detailed table found)</em>,,,https://jlptsensei.com/learn-japanese-vocabulary/%e6%bb%91%e3%82%8b-%e3%81%99%e3%81%b9%e3%82%8b-suberu-meaning/
凄い,Learn Japanese vocabulary: 【すごい】(sugoi). Meaning: amazing (e.g. of strength); great (e.g. of skills); wonderful; terrific​.,<em>(No detailed table found)</em>,Example #1あなたはすごいと思います。ふりがなromajiEnglishあなたはすごいとおもいます。anata wa sugoi to omoimasu.I think you're amazing.,Example #2今日はすごい雨でした。ふりがなromajiEnglishきょうはすごいあめでした。kyou wa sugoi ame deshita.It was terrible rain today.,https://jlptsensei.com/learn-japanese-vocabulary/%e5%87%84%e3%81%84-%e3%81%99%e3%81%94%e3%81%84-sugoi-meaning/
水道,water supply,<em>(No detailed table found)</em>,,,https://jlptsensei.com/learn-japanese-vocabulary/%e6%b0%b4%e9%81%93-%e3%81%99%e3%81%84%e3%81%a9%e3%81%86-suidou-meaning/
水泳,Learn Japanese vocabulary: 【すいえい】(suiei). Meaning: swimming.,<em>(No detailed table found)</em>,Example #1彼はすいえいが好きです。ふりがなromajiEnglishかれはすいえいがすきです。kare wa suiei ga suki desu.He likes swimming.,Example #2僕はすいえいが下手です。ふりがなromajiEnglishぼくはすいえいがへたです。boku wa suiei ga heta desu.I'm not very good at swimming.,https://jlptsensei.com/learn-japanese-vocabulary/%e6%b0%b4%e6%b3%b3-%e3%81%99%e3%81%84%e3%81%88%e3%81%84-suiei-meaning/
すっかり,Learn Japanese vocabulary: (sukkari). Meaning: completely.,<em>(No detailed table found)</em>,Example #1すっかり自信を失くしてしまった。ふりがなromajiEnglishすっかりじしんをしつくしてしまった。sukkari jishin o shitsukushite shimatta.I completely lost my confidence.,Example #2私は英語をすっかり忘れてしまった。ふりがなromajiEnglishわたしはえいごをすっかりわすれてしまった。watashi wa eigo o sukkari wasurete shimatta.I completely forgot English.,https://jlptsensei.com/learn-japanese-vocabulary/%e3%81%99%e3%81%a3%e3%81%8b%e3%82%8a-sukkari-meaning/
空く,to be hungry,<em>(No detailed table found)</em>,,,https://jlptsensei.com/learn-japanese-vocabulary/%e7%a9%ba%e3%81%8f-%e3%81%99%e3%81%8f-suku-meaning/
スクリーン,screen,<em>(No detailed table found)</em>,,,https://jlptsensei.com/learn-japanese-vocabulary/%e3%82%b9%e3%82%af%e3%83%aa%e3%83%bc%e3%83%b3-sukuriin-meaning/
隅,corner; nook,<em>(No detailed table found)</em>,,,https://jlptsensei.com/learn-japanese-vocabulary/%e9%9a%85-%e3%81%99%e3%81%bf-sumi-meaning/
済む,to finish,<em>(No detailed table found)</em>,,,https://jlptsensei.com/learn-japanese-vocabulary/%e6%b8%88%e3%82%80-%e3%81%99%e3%82%80-sumu-meaning/
砂,sand,<em>(No detailed table found)</em>,,,https://jlptsensei.com/learn-japanese-vocabulary/%e7%a0%82-%e3%81%99%e3%81%aa-suna-meaning/
すり,pickpocket,<em>(No detailed table found)</em>,,,https://jlptsensei.com/learn-japanese-vocabulary/%e3%81%99%e3%82%8a-suri-meaning/
スーツケース,Learn Japanese vocabulary: (sustsukeesu). Meaning: suitcase.,<em>(No detailed table found)</em>,Example #1これは誰のスーツケースですか。ふりがなromajiEnglishこれはだれのスーツケースですか。kore wa dare no suutsukeesu desuka.Who does this suitcase belong to?,Example #2誰かが私のスーツケースを盗んだ。ふりがなromajiEnglishだれかがわたしのスーツケースをぬすんだ。dare ka ga watashi no suutsukeesu o nusunda.Somebody has stolen my suitcase.,https://jlptsensei.com/learn-japanese-vocabulary/%e3%82%b9%e3%83%bc%e3%83%84%e3%82%b1%e3%83%bc%e3%82%b9-sustsukeesu-meaning/
進む,to make progress,<em>(No detailed table found)</em>,,,https://jlptsensei.com/learn-japanese-vocabulary/%e9%80%b2%e3%82%80-%e3%81%99%e3%81%99%e3%82%80-susumu-meaning/
ステーキ,steak,<em>(No detailed table found)</em>,,,https://jlptsensei.com/learn-japanese-vocabulary/%e3%82%b9%e3%83%86%e3%83%bc%e3%82%ad-suteeki-meaning/
ステレオ,stereo,<em>(No detailed table found)</em>,,,https://jlptsensei.com/learn-japanese-vocabulary/%e3%82%b9%e3%83%86%e3%83%ac%e3%82%aa-sutereo-meaning/
捨てる,to throw away,<em>(No detailed table found)</em>,,,https://jlptsensei.com/learn-japanese-vocabulary/%e6%8d%a8%e3%81%a6%e3%82%8b-%e3%81%99%e3%81%a6%e3%82%8b-suteru-meaning/
数学,Learn Japanese vocabulary: 【すうがく】(suugaku) Meaning: mathematics; arithmetic.,<em>(No detailed table found)</em>,Example #1私は数学が苦手だ。ふりがなromajiEnglishわたしはすうがくがにがてだ。watashi wa suugaku ga nigate da.I am bad at math.,Example #2かれは数学を学びたい。ふりがなromajiEnglishかれはすうがくをまなびたい。kare wa suugaku wo manabitai.He wants to study math.,https://jlptsensei.com/learn-japanese-vocabulary/%e6%95%b0%e5%ad%a6-suugaku-mathematics/
スーツ,suit,<em>(No detailed table found)</em>,,,https://jlptsensei.com/learn-japanese-vocabulary/%e3%82%b9%e3%83%bc%e3%83%84-suutsu-meaning/
正しい,right; correct,<em>(No detailed table found)</em>,,,https://jlptsensei.com/learn-japanese-vocabulary/%e6%ad%a3%e3%81%97%e3%81%84-%e3%81%9f%e3%81%a0%e3%81%97%e3%81%84-tadashii-meaning/
退院,leaving hospital; discharge from hospital,<em>(No detailed table found)</em>,,,https://jlptsensei.com/learn-japanese-vocabulary/%e9%80%80%e9%99%a2-taiin-leaving-hospital/
台風,typhoon,<em>(No detailed table found)</em>,,,https://jlptsensei.com/learn-japanese-vocabulary/%e5%8f%b0%e9%a2%a8-%e3%81%9f%e3%81%84%e3%81%b5%e3%81%86-taifuu-meaning/
タイプ,"type,style",<em>(No detailed table found)</em>,,,https://jlptsensei.com/learn-japanese-vocabulary/%e3%82%bf%e3%82%a4%e3%83%97-taipu-meaning/
たいてい,Learn Japanese vocabulary: (taitei). Meaning: mostly; ordinarily; usually; generally​.,<em>(No detailed table found)</em>,Example #1たいてい22時には寝ます。ふりがなromajiEnglishたいてい22じにはねます。taitei 22 ji ni wa nemasu.I usually go to sleep at 10PM.,Example #2私はたいてい寝坊している。ふりがなromajiEnglishわたしはたいていねぼうしている。watashi wa taitei nebou shite iru.I usually get up late.,https://jlptsensei.com/learn-japanese-vocabulary/%e3%81%9f%e3%81%84%e3%81%a6%e3%81%84-taitei-meaning/
たまに,Learn Japanese vocabulary: (tamani). Meaning: occasionally; once in a while; now and then; rarely; seldom.,<em>(No detailed table found)</em>,Example #1私はそれをたまに使います。ふりがなromajiEnglishわたしはそれをたまにつかいます。watashi wa sore o tamani tsukaimasu.I occasionally use that.,Example #2彼女はたまに料理をします。ふりがなromajiEnglishかのじょはたまにりょうりをします。kanojo wa tamani ryouri o shimasu.She cooks occasionally.,https://jlptsensei.com/learn-japanese-vocabulary/%e3%81%9f%e3%81%be%e3%81%ab-tamani-meaning/
棚,shelves,<em>(No detailed table found)</em>,,,https://jlptsensei.com/learn-japanese-vocabulary/%e6%a3%9a-%e3%81%9f%e3%81%aa-tana-meaning/
誕生,birth,<em>(No detailed table found)</em>,,,https://jlptsensei.com/learn-japanese-vocabulary/%e8%aa%95%e7%94%9f-%e3%81%9f%e3%82%93%e3%81%98%e3%82%87%e3%81%86-tanjou-meaning/
楽しみ,Learn Japanese vocabulary: 【たのしみ】(tanoshimi). Meaning: enjoy; pleasure; anticipation; looking forward to​.,<em>(No detailed table found)</em>,Example #1それを楽しみにしている。ふりがなromajiEnglishそれをたのしみにしている。sore o tanoshimi ni shite iru.I look forward to it.,Example #2試合を見るのがたのしみだ。ふりがなromajiEnglishしあいをみるのがたのしみだ。shiai o miru no ga tanoshimi da.I enjoy watching matches.,https://jlptsensei.com/learn-japanese-vocabulary/%e6%a5%bd%e3%81%97%e3%81%bf-%e3%81%9f%e3%81%ae%e3%81%97%e3%81%bf-tanoshimi-meaning/
倒れる,"to fall (over, down)",<em>(No detailed table found)</em>,,,https://jlptsensei.com/learn-japanese-vocabulary/%e5%80%92%e3%82%8c%e3%82%8b-%e3%81%9f%e3%81%8a%e3%82%8c%e3%82%8b-taoreru-meaning/
足りる,to be sufficient; to be enough,<em>(No detailed table found)</em>,,,https://jlptsensei.com/learn-japanese-vocabulary/%e8%b6%b3%e3%82%8a%e3%82%8b-tariru-meaning-to-be-sufficient/
足す,to add (numbers / something),<em>(No detailed table found)</em>,,,https://jlptsensei.com/learn-japanese-vocabulary/%e8%b6%b3%e3%81%99-tasu-meaning-to-add/
畳,Japanese straw mat,<em>(No detailed table found)</em>,,,https://jlptsensei.com/learn-japanese-vocabulary/%e7%95%b3-%e3%81%9f%e3%81%9f%e3%81%bf-tatami-meaning/
建てる,Learn Japanese vocabulary: 【たてる】(tateru). Meaning: to build; to construct.,<em>(No detailed table found)</em>,Example #1その会社がこうじょうを建てる。ふりがなromajiEnglishそのかいしゃがこうじょうをたてる。sono kaisha ga koujou o tateru.That company is building a factory.,Example #2彼は新しい家を建てるつもりです。ふりがなromajiEnglishかれはあたらしいいえをたてるつもりです。kare wa atarashii ie o tateru tsumori desu.He is going to build a new house.,https://jlptsensei.com/learn-japanese-vocabulary/%e5%bb%ba%e3%81%a6%e3%82%8b-%e3%81%9f%e3%81%a6%e3%82%8b-tateru-meaning/
尋ねる,to ask,<em>(No detailed table found)</em>,,,https://jlptsensei.com/learn-japanese-vocabulary/%e5%b0%8b%e3%81%ad%e3%82%8b-%e3%81%9f%e3%81%9a%e3%81%ad%e3%82%8b-tazuneru-meaning/
訪ねる,Learn Japanese vocabulary: 【たずねる】(tazuneru). Meaning: to visit; to call on; to pay a visit to.,<em>(No detailed table found)</em>,Example #1私はあなたをたずねる。ふりがなromajiEnglishわたしはあなたをたずねる。watashi wa anata o tazuneru.I'll visit you.,Example #2明日彼を訪ねるつもりだ。ふりがなromajiEnglishあしたかれをたずねるつもりだ。ashita kare o tazuneru tsumori da.I'll call on him tomorrow.,https://jlptsensei.com/learn-japanese-vocabulary/%e8%a8%aa%e3%81%ad%e3%82%8b-%e3%81%9f%e3%81%9a%e3%81%ad%e3%82%8b-tazuneru-meaning/
手袋,glove,<em>(No detailed table found)</em>,,,https://jlptsensei.com/learn-japanese-vocabulary/%e6%89%8b%e8%a2%8b-%e3%81%a6%e3%81%b6%e3%81%8f%e3%82%8d-tebukuro-meaning/
丁寧,Learn Japanese vocabulary: 【ていねい】(teinei). Meaning: polite; courteous.,<em>(No detailed table found)</em>,Example #1あなたの日本語はていねいです。ふりがなromajiEnglishあなたのにほんごはていねいです。anata no nihongo wa teinei desu.Your Japanese is very polite.,Example #2お客さんにはていねいに応対してください。ふりがなromajiEnglishおきゃくさんにはていねいにおうたいしてください。okyaku san ni wa teinei ni outai shite kudasai.Please respond to customers politely.,https://jlptsensei.com/learn-japanese-vocabulary/%e4%b8%81%e5%af%a7-%e3%81%a6%e3%81%84%e3%81%ad%e3%81%84-teinei-meaning/
テキスト,text; textbook,<em>(No detailed table found)</em>,,,https://jlptsensei.com/learn-japanese-vocabulary/%e3%83%86%e3%82%ad%e3%82%b9%e3%83%88-tekisuto-meaning/
適当,Learn Japanese vocabulary: 【てきとう】(tekitou). Meaning: suitable; proper; appropriate; adequate; fit.,<em>(No detailed table found)</em>,Example #1私はてきとうにやっています。ふりがなromajiEnglishわたしはてきとうにやっています。watashi wa tekitou ni yatte imasu.I'm doing it properly.,Example #2このやさいをてきとうな大きさに切って下さい。ふりがなromajiEnglishこのやさいをてきとうなおおきさにきってください。kono yasai o tekitou na ookisa ni kitte kudasai.Please cut this vegetable into a suitable size.,https://jlptsensei.com/learn-japanese-vocabulary/%e9%81%a9%e5%bd%93-%e3%81%a6%e3%81%8d%e3%81%a8%e3%81%86-tekitou-meaning/
点,point; dot,<em>(No detailed table found)</em>,,,https://jlptsensei.com/learn-japanese-vocabulary/%e7%82%b9-%e3%81%a6%e3%82%93-ten-meaning/
店員,employee (of a store); shop assistant; clerk,<em>(No detailed table found)</em>,,,https://jlptsensei.com/learn-japanese-vocabulary/%e5%ba%97%e5%93%a1-tenin-employee/
テニス,tennis,<em>(No detailed table found)</em>,,,https://jlptsensei.com/learn-japanese-vocabulary/%e3%83%86%e3%83%8b%e3%82%b9-tenisu-meaning/
天気予報,weather forecast,<em>(No detailed table found)</em>,,,https://jlptsensei.com/learn-japanese-vocabulary/%e5%a4%a9%e6%b0%97%e4%ba%88%e5%a0%b1-%e3%81%a6%e3%82%93%e3%81%8d%e3%82%88%e3%81%bb%e3%81%86-tenkiyohou-meaning/
展覧会,exhibition,<em>(No detailed table found)</em>,,,https://jlptsensei.com/learn-japanese-vocabulary/%e5%b1%95%e8%a6%a7%e4%bc%9a-tenrankai-meaning-exhibition/
寺,temple,<em>(No detailed table found)</em>,,,https://jlptsensei.com/learn-japanese-vocabulary/%e5%af%ba-%e3%81%a6%e3%82%89-tera-meaning/
手伝う,Learn Japanese vocabulary: 【てつだう】(tetsudau). Meaning: to help; to assist; to aid​.,<em>(No detailed table found)</em>,Example #1彼のしごとは父を手伝うことです。ふりがなromajiEnglishかれのしごとはちちをてつだうことです。kare no shigoto wa chichi o tetsudau koto desu.His job is to help my father.,Example #2私は彼を手伝うべきです。ふりがなromajiEnglishわたしはかれをてつだうべきです。watashi wa kare o tetsudau beki desu.I should help him.,https://jlptsensei.com/learn-japanese-vocabulary/%e6%89%8b%e4%bc%9d%e3%81%86-%e3%81%a6%e3%81%a4%e3%81%a0%e3%81%86-tetsudau-meaning/
途中,on the way,<em>(No detailed table found)</em>,,,https://jlptsensei.com/learn-japanese-vocabulary/%e9%80%94%e4%b8%ad-%e3%81%a8%e3%81%a1%e3%82%85%e3%81%86-tochuu-meaning/
届ける,to send​,<em>(No detailed table found)</em>,,,https://jlptsensei.com/learn-japanese-vocabulary/%e5%b1%8a%e3%81%91%e3%82%8b-%e3%81%a8%e3%81%a9%e3%81%91%e3%82%8b-todokeru-meaning/
特急,"limited express (train, faster than an express)",<em>(No detailed table found)</em>,,,https://jlptsensei.com/learn-japanese-vocabulary/%e7%89%b9%e6%80%a5-tokkyuu-limited-express/
床屋,barber,<em>(No detailed table found)</em>,,,https://jlptsensei.com/learn-japanese-vocabulary/%e5%ba%8a%e5%b1%8b-%e3%81%a8%e3%81%93%e3%82%84-tokoya-meaning/
特別,Learn Japanese vocabulary: 【とくべつ】(tokubetsu) Meaning: special; particular; extraordinary; exceptional.,<em>(No detailed table found)</em>,Example #1それはとても特別だ。ふりがなromajiEnglishそれはとてもとくべつだ。sore wa totemo tokubetsu da.That is very special.,Example #2あなたは私にとって特別です。ふりがなromajiEnglishあなたはわたしにとってとくべつです。anata wa watashi ni totte tokubetsu desu.You are special to me.,https://jlptsensei.com/learn-japanese-vocabulary/%e7%89%b9%e5%88%a5-tokubetsu-special/
特に,Learn Japanese vocabulary: 【とくに】(tokuni) Meaning: particularly; especially; in particular; expressly.,<em>(No detailed table found)</em>,Example #1特にはないです。ふりがなromajiEnglishとくにはないです。tokuni wa nai desu.Not in particular.,Example #2私は特に数学がきらい。ふりがなromajiEnglishわたしはとくにすうがくがきらい。watashi wa tokuni suugaku ga kirai.I particularly hate math.,https://jlptsensei.com/learn-japanese-vocabulary/%e7%89%b9%e3%81%ab-tokuni-especially/
泊まる,Learn Japanese vocabulary: 【とまる】(tomaru). Meaning: to stay at (e.g. hotel); to lodge at to be docked; to be berthed; to be moored,<em>(No detailed table found)</em>,Example #1あなたはどこに泊まるの？ふりがなromajiEnglishあなたはどこにとまるの？anata wa doko ni tomaru no?Where will you stay?,"Example #2今夜も泊まるのですか？ふりがなromajiEnglishこんやもとまるのですか？konya mo tomaru no desuka?Will you stay tonight, too?",https://jlptsensei.com/learn-japanese-vocabulary/%e6%b3%8a%e3%81%be%e3%82%8b-%e3%81%a8%e3%81%be%e3%82%8b-tomaru-meaning/
止める,to stop something,<em>(No detailed table found)</em>,,,https://jlptsensei.com/learn-japanese-vocabulary/%e6%ad%a2%e3%82%81%e3%82%8b-%e3%81%a8%e3%82%81%e3%82%8b-tomeru-meaning/
遠く,distant,<em>(No detailed table found)</em>,,,https://jlptsensei.com/learn-japanese-vocabulary/%e9%81%a0%e3%81%8f-%e3%81%a8%e3%81%8a%e3%81%8f-tooku-meaning/
通る,Learn Japanese vocabulary: 【とおる】(tooru). Meaning: to go by; to go past; to go along; to travel along; to pass through; to use (a road); to...,<em>(No detailed table found)</em>,Example #1その川は町をとおって流れる。ふりがなromajiEnglishそのかわはまちをとおってながれる。sono kawa wa machi o tootte nagareru.The river flows through the town.,Example #2このバスはその大学を通りますか。ふりがなromajiEnglishこのバスはそのだいがくをとおりますか。kono basu wa sono daigaku o toorimasu ka.Does this bus pass by that university?,https://jlptsensei.com/learn-japanese-vocabulary/%e9%80%9a%e3%82%8b-%e3%81%a8%e3%81%8a%e3%82%8b-tooru-meaning/
取り替える,to exchange; to swap; to replace,<em>(No detailed table found)</em>,,,https://jlptsensei.com/learn-japanese-vocabulary/%e5%8f%96%e3%82%8a%e6%9b%bf%e3%81%88%e3%82%8b-torikaeru-to-exchange/
到頭,"finally, after all",<em>(No detailed table found)</em>,,,https://jlptsensei.com/learn-japanese-vocabulary/%e5%88%b0%e9%a0%ad-%e3%81%a8%e3%81%86%e3%81%a8%e3%81%86-toutou-meaning/
続ける,Learn Japanese vocabulary: 【つづける】(tsudzukeru). Meaning: to continue; to keep up; to keep on.,<em>(No detailed table found)</em>,Example #1ブログをつづけるか考えています。ふりがなromajiEnglishブログをつづけるかかんがえています。burogu o tsudukeru ka kangaete imasu.I'm thinking about if I can continue the blog.,Example #2私たちはバンド活動を続ける。ふりがなromajiEnglishわたしたちはバンドかつどうをつづける。watashi tachi wa bando katsudou o tsudukeru.Let's continue the band activity.,https://jlptsensei.com/learn-japanese-vocabulary/%e7%b6%9a%e3%81%91%e3%82%8b-%e3%81%a4%e3%81%a5%e3%81%91%e3%82%8b-tsudzukeru-meaning/
続く,Learn Japanese vocabulary: 【つづく】(tsudzuku). Meaning: to continue; to last; to go on to continue (without a break); to be unbroken,<em>(No detailed table found)</em>,Example #1あなたはこの事業がつづくのを望む。ふりがなromajiEnglishあなたはこのじぎょうがつづくのをのぞむ。anata wa kono jigyou o tsuduku no o nozomu.You hope this work will continue.,Example #2この状態が続くと良くない。ふりがなromajiEnglishこのじょうたいがつづくとよくない。kono joutai ga tsuduku to yokunai.It's not good if this situation continues.,https://jlptsensei.com/learn-japanese-vocabulary/%e7%b6%9a%e3%81%8f-%e3%81%a4%e3%81%a5%e3%81%8f-tsudzuku-meaning/
都合,Learn Japanese vocabulary: 【つごう】(tsugou). Meaning: circumstances; condition; convenience.,<em>(No detailed table found)</em>,Example #1ご都合はいかがですか。ふりがなromajiEnglishごつごうはいかがですか。go tsugou wa ikaga desuka.What would be convenient for you?,Example #2あなたの都合は良いか教えて下さい。ふりがなromajiEnglishあなたのつごうはよいかおしえてください。anata no tsugou wa yoi ka oshiete kudasai.Pleas tell me if it is inconvenient for you.,https://jlptsensei.com/learn-japanese-vocabulary/%e9%83%bd%e5%90%88-%e3%81%a4%e3%81%94%e3%81%86-tsugou-meaning/
捕まえる,to catch,<em>(No detailed table found)</em>,,,https://jlptsensei.com/learn-japanese-vocabulary/%e6%8d%95%e3%81%be%e3%81%88%e3%82%8b-%e3%81%a4%e3%81%8b%e3%81%be%e3%81%88%e3%82%8b-tsukamaeru-meaning/
漬ける,to soak; to pickle,<em>(No detailed table found)</em>,,,https://jlptsensei.com/learn-japanese-vocabulary/%e6%bc%ac%e3%81%91%e3%82%8b-%e3%81%a4%e3%81%91%e3%82%8b-tsukeru-meaning/
月,moon,<em>(No detailed table found)</em>,,,https://jlptsensei.com/learn-japanese-vocabulary/%e6%9c%88-%e3%81%a4%e3%81%8d-tsuki-meaning/
付く,Learn Japanese vocabulary: 【つく】(tsuku). Meaning: to be attached; to be connected with; to stick; to cling.,<em>(No detailed table found)</em>,Example #1その貨物にはラベルがついている。ふりがなromajiEnglishそのかもつにはラベルがついている。sono kamotsu ni wa raberu ga tsuite iru.There is a label attached on that cargo.,Example #2靴の底にガムが付いてしまった。ふりがなromajiEnglishくつのそこにガムがついてしまった。kutsu no soko ni gamu ga tsuite shimatta.Gum got stuck to the bottom of my shoe.,https://jlptsensei.com/learn-japanese-vocabulary/%e4%bb%98%e3%81%8f-%e3%81%a4%e3%81%8f-tsuku-meaning/
妻,(humble) wife,<em>(No detailed table found)</em>,,,https://jlptsensei.com/learn-japanese-vocabulary/%e5%a6%bb-%e3%81%a4%e3%81%be-tsuma-meaning/
連れる,Learn Japanese vocabulary: 【つれる】(tsureru). Meaning: to take (someone) with one; to bring along; to go with.,<em>(No detailed table found)</em>,Example #1私は彼を連れてくる。ふりがなromajiEnglishわたしはかれをつれてくる。watashi wa kare o tsurete kuru.I bring him.,Example #2あなたは彼を連れて行きますか？ふりがなromajiEnglishあなたはかれをつれていきますか？anata wa kare o tsurete ikimasuka?Will you take him?,https://jlptsensei.com/learn-japanese-vocabulary/%e9%80%a3%e3%82%8c%e3%82%8b-%e3%81%a4%e3%82%8c%e3%82%8b-tsureru-meaning/
釣る,Learn Japanese vocabulary: 【つる】(tsuru). Meaning: to fish.,<em>(No detailed table found)</em>,Example #1あなたはこれを釣るのですか。ふりがなromajiEnglishあなたはこれをつるのですか。anata wa kore o tsuru no desuka.Will you catch this?,Example #2そこでイカを釣るつもりだった。ふりがなromajiEnglishそこでイカをつるつもりだった。soko de ika o tsuru tsumori datta.I was planning to fish for squid there.,https://jlptsensei.com/learn-japanese-vocabulary/%e9%87%a3%e3%82%8b-%e3%81%a4%e3%82%8b-tsuru-meaning/
伝える,Learn Japanese vocabulary: 【つたえる】(tsutaeru). Meaning: to convey; to report; to transmit; to communicate; to tell; to impart; to propagate; to teach.,<em>(No detailed table found)</em>,Example #1私はあなたに伝える事があります。ふりがなromajiEnglishわたしはあなたにつたえることがあります。watashi wa anata ni tsutaeru koto ga arimasu.I have something to tell you.,Example #2あなたに伝えることを一つ忘れていた。ふりがなromajiEnglishあなたにつたえることをひとつわすれていた。anata ni tsutaeru koto o hitotsu wasurete ita.I forgot to tell you one thing.,https://jlptsensei.com/learn-japanese-vocabulary/%e4%bc%9d%e3%81%88%e3%82%8b-%e3%81%a4%e3%81%9f%e3%81%88%e3%82%8b-tsutaeru-meaning/
包む,to wrap,<em>(No detailed table found)</em>,,,https://jlptsensei.com/learn-japanese-vocabulary/%e5%8c%85%e3%82%80-%e3%81%a4%e3%81%a4%e3%82%80-tsutsumu-meaning/
腕,arm,<em>(No detailed table found)</em>,,,https://jlptsensei.com/learn-japanese-vocabulary/%e8%85%95-%e3%81%86%e3%81%a7-ude-meaning/
植える,Learn Japanese vocabulary: 【うえる】(ueru). Meaning: to plant; to grow.,<em>(No detailed table found)</em>,Example #1春は木を植えるじきです。ふりがなromajiEnglishはるはきをうえるじきです。haru wa ki o ueru jiki desu.Spring is the time to plant trees.,Example #2私は畑にイチゴを植えた。ふりがなromajiEnglishわたしははたけにイチゴをうえた。watashi wa hatake ni ichigo o ueta.I planted strawberries in the field.,https://jlptsensei.com/learn-japanese-vocabulary/%e6%a4%8d%e3%81%88%e3%82%8b-%e3%81%86%e3%81%88%e3%82%8b-ueru-meaning/
動く,to move,<em>(No detailed table found)</em>,,,https://jlptsensei.com/learn-japanese-vocabulary/%e5%8b%95%e3%81%8f-%e3%81%86%e3%81%94%e3%81%8f-ugoku-meaning/
伺う,to visit,<em>(No detailed table found)</em>,,,https://jlptsensei.com/learn-japanese-vocabulary/%e4%bc%ba%e3%81%86-%e3%81%86%e3%81%8b%e3%81%8c%e3%81%86-ukagau-meaning/
受ける,Learn Japanese vocabulary: 【うける】(ukeru). Meaning: to receive; to get​ to undergo (e.g. surgery); to take (a test); to accept (a challenge),<em>(No detailed table found)</em>,Example #1私はこの仕事をうける。ふりがなromajiEnglishわたしはこのしごとをうける。watashi wa kono shigoto o ukeru.I will accept this job.,Example #2私はまだ報告を受けていません。ふりがなromajiEnglishわたしはまだほうこくをうけていません。watashi wa mada houkoku o ukete imasen.I still haven't gotten the report.,https://jlptsensei.com/learn-japanese-vocabulary/%e5%8f%97%e3%81%91%e3%82%8b-%e3%81%86%e3%81%91%e3%82%8b-ukeru-meaning/
受付,reception (desk); information desk​,<em>(No detailed table found)</em>,,,https://jlptsensei.com/learn-japanese-vocabulary/%e5%8f%97%e4%bb%98-%e3%81%86%e3%81%91%e3%81%a4%e3%81%91-uketsuke-meaning/
生まれ,birth,<em>(No detailed table found)</em>,,,https://jlptsensei.com/learn-japanese-vocabulary/%e7%94%9f%e3%81%be%e3%82%8c-%e3%81%86%e3%81%be%e3%82%8c-umare-meaning/
運転手,driver; chauffeur,<em>(No detailed table found)</em>,,,https://jlptsensei.com/learn-japanese-vocabulary/%e9%81%8b%e8%bb%a2%e6%89%8b-untenshu-driver/
裏,reverse side,<em>(No detailed table found)</em>,,,https://jlptsensei.com/learn-japanese-vocabulary/%e8%a3%8f-%e3%81%86%e3%82%89-ura-meaning/
嬉しい,Learn Japanese vocabulary: 【うれしい】(ureshii). Meaning: happy; glad; pleased; delighted.,<em>(No detailed table found)</em>,Example #1あなたが来るだけで私は嬉しい。ふりがなromajiEnglishあなたがくるだけでわたしはうれしい。anata ga kuru dake de watashi wa ureshii.I am happy with just you coming.,Example #2それが本当なら私は嬉しいです。ふりがなromajiEnglishそれがほんとうならわたしはうれしいです。sore ga hontou nara watashi wa ureshii desu.If that is true I am happy.,https://jlptsensei.com/learn-japanese-vocabulary/%e5%ac%89%e3%81%97%e3%81%84-%e3%81%86%e3%82%8c%e3%81%97%e3%81%84-ureshii-meaning/
売り場,Learn Japanese vocabulary: 【うりば】(uriba) Meaning:,<em>(No detailed table found)</em>,Example #1おもちゃ売り場はどこですか？ふりがなromajiEnglishおもちゃうりばはどこですか？omocha uriba wa doko desu ka?Where is the toy section?,Example #2切符売り場はどこですか。ふりがなromajiEnglishきっぷうりばはどこですか。kippu uriba wa doko desu ka?Where is the ticket booth?,https://jlptsensei.com/learn-japanese-vocabulary/%e5%a3%b2%e3%82%8a%e5%a0%b4-uriba-selling-area/
嘘,a lie,<em>(No detailed table found)</em>,,,https://jlptsensei.com/learn-japanese-vocabulary/%e5%98%98-%e3%81%86%e3%81%9d-uso-meaning/
打つ,to hit,<em>(No detailed table found)</em>,,,https://jlptsensei.com/learn-japanese-vocabulary/%e6%89%93%e3%81%a4-%e3%81%86%e3%81%a4-utsu-meaning/
美しい,beautiful,<em>(No detailed table found)</em>,,,https://jlptsensei.com/learn-japanese-vocabulary/%e7%be%8e%e3%81%97%e3%81%84-%e3%81%86%e3%81%a4%e3%81%8f%e3%81%97%e3%81%84-utsukushii-meaning/
移る,Learn Japanese vocabulary: 【うつる】(utsuru). Meaning: to move (house); to transfer (department)​ to change the target of interest or concern,<em>(No detailed table found)</em>,Example #1私は次の話題にうつる。ふりがなromajiEnglishわたしはつぎのわだいにうつる。watashi wa tsugi no wadai ni utsuru.I'll move on to the next topic.,Example #2彼はいどうで京都にうつる。ふりがなromajiEnglishかれはいどうできょうとにうつる。kare wa idou de kyouto ni utsuru.He will move to Kyoto on a transfer.,https://jlptsensei.com/learn-japanese-vocabulary/%e7%a7%bb%e3%82%8b-%e3%81%86%e3%81%a4%e3%82%8b-utsuru-meaning/
写す,to copy or photograph,<em>(No detailed table found)</em>,,,https://jlptsensei.com/learn-japanese-vocabulary/%e5%86%99%e3%81%99-%e3%81%86%e3%81%a4%e3%81%99-utsusu-meaning/
ワープロ,word processor,<em>(No detailed table found)</em>,,,https://jlptsensei.com/learn-japanese-vocabulary/%e3%83%af%e3%83%bc%e3%83%97%e3%83%ad-waapuro-meaning/
別れる,Learn Japanese vocabulary: 【わかれる】(wakareru). Meaning: to part with; to be apart from​ to separate (of a couple); to break up; to divorce​,<em>(No detailed table found)</em>,Example #1私と彼は別れるかもしれません。ふりがなromajiEnglishわたしとかれはわかれるかもしれません。watashi to kare wa wakareru kamo shiremasen.He and I might break up.,Example #2私は彼女と別れることを考えていました。ふりがなromajiEnglishわたしはかのじょとわかれることをかんがえていました。watashi wa kanojo to wakareru koto o kangaete imashita.I thought about breaking up with her.,https://jlptsensei.com/learn-japanese-vocabulary/%e5%88%a5%e3%82%8c%e3%82%8b-%e3%82%8f%e3%81%8b%e3%82%8c%e3%82%8b-wakareru-meaning/
沸かす,to boil; to heat,<em>(No detailed table found)</em>,,,https://jlptsensei.com/learn-japanese-vocabulary/%e6%b2%b8%e3%81%8b%e3%81%99-%e3%82%8f%e3%81%8b%e3%81%99-wakasu-meaning/
沸く,to boil,<em>(No detailed table found)</em>,,,https://jlptsensei.com/learn-japanese-vocabulary/%e6%b2%b8%e3%81%8f-%e3%82%8f%e3%81%8f-waku-meaning/
笑う,Learn Japanese vocabulary: 【わらう】(warau). Meaning: to laugh; to smile.,<em>(No detailed table found)</em>,Example #1彼はいつも笑っている。ふりがなromajiEnglishかれはいつもわらっている。kare wa itsumo waratte iru.He is always smiling.,"Example #2それを聞いたとき、私は笑ってしまいました。ふりがなromajiEnglishそれをきいたとき、わたしはわらってしまいました。sore o kiita toki, waratte shimai mashita.I laughed when heard it.",https://jlptsensei.com/learn-japanese-vocabulary/%e7%ac%91%e3%81%86-%e3%82%8f%e3%82%89%e3%81%86-warau-meaning/
割れる,to break,<em>(No detailed table found)</em>,,,https://jlptsensei.com/learn-japanese-vocabulary/%e5%89%b2%e3%82%8c%e3%82%8b-%e3%82%8f%e3%82%8c%e3%82%8b-wareru-meaning/
割合,rate; ratio,<em>(No detailed table found)</em>,,,https://jlptsensei.com/learn-japanese-vocabulary/%e5%89%b2%e5%90%88-%e3%82%8f%e3%82%8a%e3%81%82%e3%81%84-wariai-meaning/
忘れ物,lost article,<em>(No detailed table found)</em>,,,https://jlptsensei.com/learn-japanese-vocabulary/%e5%bf%98%e3%82%8c%e7%89%a9-%e3%82%8f%e3%81%99%e3%82%8c%e3%82%82%e3%81%ae-wasuremono-meaning/
焼ける,to burn; to be roasted,<em>(No detailed table found)</em>,,,https://jlptsensei.com/learn-japanese-vocabulary/%e7%84%bc%e3%81%91%e3%82%8b-%e3%82%84%e3%81%91%e3%82%8b-yakeru-meaning/
焼く,to bake; to grill,<em>(No detailed table found)</em>,,,https://jlptsensei.com/learn-japanese-vocabulary/%e7%84%bc%e3%81%8f-%e3%82%84%e3%81%8f-yaku-meaning/
役に立つ,Learn Japanese vocabulary: 【やくにたつ】(yakunitatsu). Meaning: to be helpful; to be useful.,<em>(No detailed table found)</em>,"Example #1それは僕にとって、とても役に立つ。ふりがなromajiEnglishそれはぼくにとって、とてもやくにたつ。sore wa boku ni totte, totemo yakunitatsu.That is very helpful for me.",Example #2それは将来に役に立つでしょう。ふりがなromajiEnglishそれはしょうらいにやくにたつでしょう。sore wa shourai ni yakunitatsu deshou.That will probably be useful in the future.,https://jlptsensei.com/learn-japanese-vocabulary/%e5%bd%b9%e3%81%ab%e7%ab%8b%e3%81%a4-%e3%82%84%e3%81%8f%e3%81%ab%e3%81%9f%e3%81%a4-yakunitatsu-meaning/
約束,Learn Japanese vocabulary: 【やくそく】(yakusoku). Meaning: promise.,<em>(No detailed table found)</em>,Example #1私はやくそくの写真を送ります。ふりがなromajiEnglishわたしはやくそくのしゃしんをおくります。watashi wa yakusoku no shashin o okurimasu.I'll send the photos I promised.,Example #2私は約束の時間に遅れた。ふりがなromajiEnglishわたしはやくそくのじかんにおくれた。watashi wa yakusoku no jikan ni okureta.I was late to the time I promised.,https://jlptsensei.com/learn-japanese-vocabulary/%e7%b4%84%e6%9d%9f-%e3%82%84%e3%81%8f%e3%81%9d%e3%81%8f-yakusoku-meaning/
止む,to stop,<em>(No detailed table found)</em>,,,https://jlptsensei.com/learn-japanese-vocabulary/%e6%ad%a2%e3%82%80-%e3%82%84%e3%82%80-yamu-meaning/
やっぱり,as I thought,<em>(No detailed table found)</em>,,,https://jlptsensei.com/learn-japanese-vocabulary/%e3%82%84%e3%81%a3%e3%81%b1%e3%82%8a-yappari-meaning/
優しい,kind,<em>(No detailed table found)</em>,,,https://jlptsensei.com/learn-japanese-vocabulary/%e5%84%aa%e3%81%97%e3%81%84-%e3%82%84%e3%81%95%e3%81%97%e3%81%84-yasashii-meaning/
痩せる,to become thin,<em>(No detailed table found)</em>,,,https://jlptsensei.com/learn-japanese-vocabulary/%e7%97%a9%e3%81%9b%e3%82%8b-%e3%82%84%e3%81%9b%e3%82%8b-yaseru-meaning/
柔らかい,soft,<em>(No detailed table found)</em>,,,https://jlptsensei.com/learn-japanese-vocabulary/%e6%9f%94%e3%82%89%e3%81%8b%e3%81%84-%e3%82%84%e3%82%8f%e3%82%89%e3%81%8b%e3%81%84-yawarakai-meaning/
汚れる,Learn Japanese vocabulary: 【よごれる】(yogoreru). Meaning: to get dirty; to become dirty.,<em>(No detailed table found)</em>,Example #1私の服がよごれた。ふりがなromajiEnglishわたしのふくがよごれた。watashi no fuku ga yogoreta.My clothes got dirty.,Example #2その汚れた靴はしんぶんで包みなさい。ふりがなromajiEnglishそのよごれたくつはしんぶんでつつみなさい。sono yogoreta kutsu wa shinbun de tsutsumi nasai.Wrap the dirty shoes in newspaper.,https://jlptsensei.com/learn-japanese-vocabulary/%e6%b1%9a%e3%82%8c%e3%82%8b-%e3%82%88%e3%81%94%e3%82%8c%e3%82%8b-yogoreru-meaning/
喜ぶ,to be delighted,<em>(No detailed table found)</em>,,,https://jlptsensei.com/learn-japanese-vocabulary/%e5%96%9c%e3%81%b6-%e3%82%88%e3%82%8d%e3%81%93%e3%81%b6-yorokobu-meaning/
寄る,to visit; to drop by,<em>(No detailed table found)</em>,,,https://jlptsensei.com/learn-japanese-vocabulary/%e5%af%84%e3%82%8b-%e3%82%88%e3%82%8b-yoru-meaning/
予習,Learn Japanese vocabulary: 【よしゅう】(yoshuu) Meaning: preparation for a lesson.,<em>(No detailed table found)</em>,Example #1私は予習しています。ふりがなromajiEnglishわたしはよしゅうしています。watashi wa yoshuu shiteimasu.I am preparing for a lesson.,Example #2学課の予習をしなさい。ふりがなromajiEnglishがっかのよしゅうをしなさい。gakka no yoshuu wo shinasai. (command form)Prepare your lessons.,https://jlptsensei.com/learn-japanese-vocabulary/%e4%ba%88%e7%bf%92-yoshuu-preparation-for-a-lesson/
予定,Learn Japanese vocabulary: 【よてい】(yotei). Meaning: plans; arrangement; schedule; program.,<em>(No detailed table found)</em>,Example #1今日の予定は？ふりがなromajiEnglishきょうのよていは？kyou no yotei wa?How are your plans for today?,Example #2あなたは今夜の予定がありますか。ふりがなromajiEnglishあなたはこんやのよていがありますか。anata wa konya no yotei ga arimasu ka.Do you have plans tonight?,https://jlptsensei.com/learn-japanese-vocabulary/%e4%ba%88%e5%ae%9a-%e3%82%88%e3%81%a6%e3%81%84-yotei-meaning/
用,Learn Japanese vocabulary: 【よう】(you) Meaning: business; task; errand; engagement use; purpose for the use of …; used for …; made for …,<em>(No detailed table found)</em>,Example #1何の用でここに来たのですか。ふりがなromajiEnglishなんのようでここにきたのですか。nan no you de koko ni kita no desuka.What brings you here?,Example #2何のご用ですか。ふりがなromajiEnglishなんのごようですか。nan no go you desu ka.What do you want?,https://jlptsensei.com/learn-japanese-vocabulary/%e7%94%a8-you-task-used-for/
用意,Learn Japanese vocabulary: 【ようい】(youi) Meaning: preparation; arrangements; provision; getting ready; laying out (e.g. a meal).,<em>(No detailed table found)</em>,Example #1用意はいいですか。ふりがなromajiEnglishよういはいいですか。youi wa ii desu ka.Are you ready?,Example #2それは私が用意します。ふりがなromajiEnglishそれはわたしがよういします。sore wa watashi ga youi shimasu.I will prepare that.,https://jlptsensei.com/learn-japanese-vocabulary/%e7%94%a8%e6%84%8f-youi-preparation/
用事,Learn Japanese vocabulary: 【ようじ】(youji) Meaning: tasks; things to do; errand; business (to take care of); affairs; engagement.,<em>(No detailed table found)</em>,Example #1その日は用事がある。ふりがなromajiEnglishそのひはようじがある。sono hi wa youji ga aru.I have plans on that day.,Example #2彼に用事があるのです。ふりがなromajiEnglishかれにようじがあるのです。kare ni youji ga aru no desu.I have some business with him.,https://jlptsensei.com/learn-japanese-vocabulary/%e7%94%a8%e4%ba%8b-youji-tasks/
予約,reservation,<em>(No detailed table found)</em>,,,https://jlptsensei.com/learn-japanese-vocabulary/%e4%ba%88%e7%b4%84-%e3%82%88%e3%82%84%e3%81%8f-yoyaku-meaning/
湯,hot water,<em>(No detailed table found)</em>,,,https://jlptsensei.com/learn-japanese-vocabulary/%e6%b9%af-%e3%82%86-yu-meaning/
指,finger,<em>(No detailed table found)</em>,,,https://jlptsensei.com/learn-japanese-vocabulary/%e6%8c%87-%e3%82%86%e3%81%b3-yubi-meaning/
指輪,finger ring,<em>(No detailed table found)</em>,,,https://jlptsensei.com/learn-japanese-vocabulary/%e6%8c%87%e8%bc%aa-%e3%82%86%e3%81%b3%e3%82%8f-yubiwa-meaning/
夢,Learn Japanese vocabulary: 【ゆめ】(yume). Meaning: dream.,<em>(No detailed table found)</em>,Example #1私のゆめは医者になることです。ふりがなromajiEnglishわたしのゆめはいしゃになることです。watashi no yume wa isha ni naru koto desu.My dream is to become a doctor.,Example #2あなたの夢はどんなものですか。ふりがなromajiEnglishあなたのゆめはどんなものですか。anata no yume wa donna mono desuka.What kind of dream do you have?,https://jlptsensei.com/learn-japanese-vocabulary/%e5%a4%a2-%e3%82%86%e3%82%81-yume-meaning/
揺れる,to shake,<em>(No detailed table found)</em>,,,https://jlptsensei.com/learn-japanese-vocabulary/%e6%8f%ba%e3%82%8c%e3%82%8b-%e3%82%86%e3%82%8c%e3%82%8b-yureru-meaning/
残念,regrettable; unfortunate,<em>(No detailed table found)</em>,,,https://jlptsensei.com/learn-japanese-vocabulary/%e6%ae%8b%e5%bf%b5-%e3%81%96%e3%82%93%e3%81%ad%e3%82%93-zannen-meaning/
全然,Learn Japanese vocabulary: 【ぜんぜん】(zenzen). Meaning: (not) at all; (not) in the slightest​ wholly; entirely; completely; totally,<em>(No detailed table found)</em>,Example #1私はぜんぜん疲れていません。ふりがなromajiEnglishわたしはぜんぜんつかれていません。watashi wa zenzen tsukarete imasen.I'm not at all tired.,Example #2彼はヘビを全然怖がらない。ふりがなromajiEnglishかれはヘビをぜんぜんこわがらない。kare wa hebi o zenzen kowagaranai.He's not at all afraid of snakes.,https://jlptsensei.com/learn-japanese-vocabulary/%e5%85%a8%e7%84%b6-%e3%81%9c%e3%82%93%e3%81%9c%e3%82%93-zenzen-meaning/
