name,meaning,info_html,ex1,ex2,source
浴びる,"to bathe, to shower",<em>(No detailed table found)</em>,,,https://jlptsensei.com/learn-japanese-vocabulary/%e6%b5%b4%e3%81%b3%e3%82%8b-%e3%81%82%e3%81%b3%e3%82%8b-abiru-meaning/
危ない,Learn Japanese vocabulary: 【あぶない】(abunai). Meaning: dangerous; risky; hazardous; perilous.,<em>(No detailed table found)</em>,Example #1彼はとても危ない人だ。ふりがなromajiEnglishかれはとてもあぶないひとだ。kare wa totemo abunai hito da.He is very dangerous man.,Example #2この薬は少し危ないです。ふりがなromajiEnglishこのくすりはすこしあぶないです。kono kusuri wa sukoshi abunai desu.This medicine is a little dangerous.,https://jlptsensei.com/learn-japanese-vocabulary/%e5%8d%b1%e3%81%aa%e3%81%84-%e3%81%82%e3%81%b6%e3%81%aa%e3%81%84-abunai-meaning/
あっち,over there,<em>(No detailed table found)</em>,,,https://jlptsensei.com/learn-japanese-vocabulary/%e3%81%82%e3%81%a3%e3%81%a1-acchi-meaning/
あちら,Learn Japanese vocabulary: (achira). Meaning: there (place distant from both speaker and listener); over there.,<em>(No detailed table found)</em>,Example #1あちらはあなたのお父さんですか。ふりがなromajiEnglishあちらはあなたのおとうさんですか。achira wa anata no otousan desuka.Is that your father over there?,Example #2あちらのテーブルが空いています。ふりがなromajiEnglishあちらのテーブルがあいています。achira no teeburu ga aite imasu.There is a table free over there.,https://jlptsensei.com/learn-japanese-vocabulary/%e3%81%82%e3%81%a1%e3%82%89-achira-meaning/
上げる,Learn Japanese vocabulary: 【あげる】 (ageru). Meaning:,<em>(No detailed table found)</em>,Example #1手を上げてください。ふりがなromajiEnglishてをあげてください。te wo agete kudasai.Raise your hands.,Example #2私たちはペースを上げた。ふりがなromajiEnglishわたしたちはペースをあげた。watashitachi wa peesu wo ageta.We quickened our pace.,https://jlptsensei.com/learn-japanese-vocabulary/%e4%b8%8a%e3%81%92%e3%82%8b-ageru-meaning-to-raise/
赤,Learn Japanese vocabulary: 【あか】(aka) Meaning: red; crimson; scarlet​.,<em>(No detailed table found)</em>,Example #1私は赤より青の方が好きです。ふりがなromajiEnglishわたしはあかよりあおのほうがすきです。watashi wa aka yori ao no hou ga suki desu.I like blue more than red.,Example #2私の一番すきな色は赤です。ふりがなromajiEnglishわたしのいちばんすきないろはあかです。watashi no ichiban suki na iro wa aka desu.My favorite color is red.,https://jlptsensei.com/learn-japanese-vocabulary/%e8%b5%a4-aka-meaning-red/
赤い,red; crimson; scarlet​,<em>(No detailed table found)</em>,,,https://jlptsensei.com/learn-japanese-vocabulary/%e8%b5%a4%e3%81%84-akai-meaning-red/
明るい,bright; light,<em>(No detailed table found)</em>,,,https://jlptsensei.com/learn-japanese-vocabulary/%e6%98%8e%e3%82%8b%e3%81%84-akarui-bright/
開ける,"Learn Japanese vocabulary: (akeru) – Meaning: to open (a door, etc.); to unwrap (e.g. parcel, package); to unlock",<em>(No detailed table found)</em>,Example #1窓を開けてください。ふりがなromajiEnglishまどをあけてください。mado wo akete kudasai.Please open up the window.,Example #2それを開けないでください。ふりがなromajiEnglishそれをあけないでください。sore wo akenaide kudasai.Please do not open that.,https://jlptsensei.com/learn-japanese-vocabulary/%e9%96%8b%e3%81%91%e3%82%8b-akeru-to-open/
秋,Learn Japanese vocabulary: 【あき】(aki) Meaning: autumn; fall.,<em>(No detailed table found)</em>,Example #1秋になりました。ふりがなromajiEnglishあきになりました。aki ni nari mashita.Autumn is here.,Example #2秋に産まれました。ふりがなromajiEnglishあきにうまれました。aki ni umaremashita.I was born in the fall.,https://jlptsensei.com/learn-japanese-vocabulary/%e7%a7%8b-aki-meaning-autumn/
開く,"to open (e.g. doors, business, etc)",<em>(No detailed table found)</em>,,,https://jlptsensei.com/learn-japanese-vocabulary/%e9%96%8b%e3%81%8f-aku-to-open/
甘い,Learn Japanese vocabulary: (amai) – Meaning: sweet; sweet-tasting; sugary; naive; indulgent.,<em>(No detailed table found)</em>,Example #1甘い食べ物が好きです。ふりがなromajiEnglishあまいたべものがすきです。amai tabemono ga suki desu.I like sweet foods.,Example #2それはお菓子よりも甘い。ふりがなromajiEnglishこれはおかしよりもあまい。kore wa okashi yori mo amai.This is sweeter than sweets.,https://jlptsensei.com/learn-japanese-vocabulary/%e7%94%98%e3%81%84-amai-sweet/
雨,Learn Japanese vocabulary: 【あめ】(ame) Meaning: rain.,<em>(No detailed table found)</em>,Example #1明日は雨が降る。ふりがなromajiEnglishあしたはあめがふる。ashita wa ame ga furu.It's going to rain tomorrow.,Example #2雨が降りそうですね。ふりがなromajiEnglishあめがふりそうですね。ame ga furisou desune.It looks like it's going to rain.,https://jlptsensei.com/learn-japanese-vocabulary/%e9%9b%a8-ame-meaning-rain/
飴,Learn Japanese vocabulary: 【あめ】(ame). Meaning: candy.,<em>(No detailed table found)</em>,Example #1私もその飴が欲しいです。ふりがなromajiEnglishわたしもそのあめがほしいです。watashi mo sono ame ga hoshii desu.I also want that candy.,Example #2彼は飴があまり好きじゃない。ふりがなromajiEnglishかれはあめがあまりすきじゃない。kare wa ame ga amari suki janai.He doesn't like candy,https://jlptsensei.com/learn-japanese-vocabulary/%e9%a3%b4-%e3%81%82%e3%82%81-ame-meanin/
あなた,you,<em>(No detailed table found)</em>,,,https://jlptsensei.com/learn-japanese-vocabulary/%e3%81%82%e3%81%aa%e3%81%9f-anata-meaning/
姉,Learn Japanese vocabulary: 【あね】(ane) Meaning: older sister; elder sister​. Study Notes: 姉 (ane) is the more casual version of お姉さん (oneesan) It is usually used...,<em>(No detailed table found)</em>,Example #1私の姉は背が高い。ふりがなromajiEnglishわたしのあねはせがたかい。watashi no ane wa se ga takai.My older sister is tall.,Example #2私の姉は２０代だ。ふりがなromajiEnglishわたしのあねは２０だいだ。watashi no ane wa 20 dai da.My older sister is in her twenties.,https://jlptsensei.com/learn-japanese-vocabulary/%e5%a7%89-ane-meaning-sister/
兄,elder brother; older brother​,<em>(No detailed table found)</em>,,,https://jlptsensei.com/learn-japanese-vocabulary/%e5%85%84-ani-meaning-older-brother%e2%80%8b/
あの,Learn Japanese vocabulary: (ano). Meaning: that.,<em>(No detailed table found)</em>,Example #1あの猫は大きいですか。ふりがなromajiEnglishあのねこはおおきいですか。ano neko wa ookii desuka.Is that cat big?,Example #2あの男が帰って来た。ふりがなromajiEnglishあのおとこがかえってきた。ano otoko ga kaette kita.That man came back.,https://jlptsensei.com/learn-japanese-vocabulary/%e3%81%82%e3%81%ae-ano-meaning/
青,Learn Japanese vocabulary: 【あお】(ao) Meaning: blue; azure (but can also mean green for things like traffic lights),<em>(No detailed table found)</em>,Example #1青りんごが大好きです。ふりがなromajiEnglishあおりんごがだいすきですaoi ringo ga daisuki desu.I love green apples.,"Example #2青はすすめの信号です。ふりがなromajiEnglishあおはすすめのしんごです。ao wa susume no shingo desu.The green light is the ""go"" signal.",https://jlptsensei.com/learn-japanese-vocabulary/%e9%9d%92-ao-meaning-blue/
青い,blue; azure,<em>(No detailed table found)</em>,,,https://jlptsensei.com/learn-japanese-vocabulary/%e9%9d%92%e3%81%84-aoi-meaning-blue/
アパート,Learn Japanese vocabulary: (apaato). Meaning: apartment.,<em>(No detailed table found)</em>,Example #1私はそのアパートを見に行きたい。ふりがなromajiEnglishわたしはそのアパートをみにいきたい。watashi wa sono apaato o mi ni ikitai.I want to go see that apartment.,Example #2いいアパートを見つかりましたか？ふりがなromajiEnglishいいアパートをみつかりましたか？ii apaato o mitsukari mashita ka?Did you find a good apartment?,https://jlptsensei.com/learn-japanese-vocabulary/%e3%82%a2%e3%83%91%e3%83%bc%e3%83%88-apaato-meaning/
洗う,to wash,<em>(No detailed table found)</em>,,,https://jlptsensei.com/learn-japanese-vocabulary/%e6%b4%97%e3%81%86-%e3%81%82%e3%82%89%e3%81%86-arau-meaning/
あれ,"Learn Japanese vocabulary: (are). Meaning: that (indicating something distant from both speaker and listener (in space, time or psychologically).",<em>(No detailed table found)</em>,Example #1あれは何だ？ふりがなromajiEnglishあれはなんだ？are wa nan da?What's that?,Example #2あれは彼のじてんしゃです。ふりがなromajiEnglishあれはかれのじてんしゃです。are wa kare no jitensha desu.That is his bicycle.,https://jlptsensei.com/learn-japanese-vocabulary/%e3%81%82%e3%82%8c-are-meaning/
ある,"Learn Japanese vocabulary: (aru). Meaning: to be,to have (used for inanimate objects).",<em>(No detailed table found)</em>,Example #1私は今じかんがある。ふりがなromajiEnglishわたしはいまじかんがある。watashi wa ima jikan ga aru.I have time now.,Example #2私は明日テストがある。ふりがなromajiEnglishわたしはあしたテストがある。watashi wa ashita tesuto ga aru.I have a test tomorrow.,https://jlptsensei.com/learn-japanese-vocabulary/%e3%81%82%e3%82%8b-aru-meaning/
歩く,Learn Japanese vocabulary: 【あるく】(aruku) Meaning: to walk.,<em>(No detailed table found)</em>,Example #1たいてい歩いて行きます。ふりがなromajiEnglishたいていあるいていきます。taitei aruite ikimasu.I usually go by walking.,Example #2私は歩くのが遅いです。ふりがなromajiEnglishわたしはあるくのがおそいです。watashi wa aruku no ga osoi desu.I'm a slow walker.,https://jlptsensei.com/learn-japanese-vocabulary/%e6%ad%a9%e3%81%8f-aruku-meaning-to-walk/
朝,morning,<em>(No detailed table found)</em>,,,https://jlptsensei.com/learn-japanese-vocabulary/%e6%9c%9d-asa-meaning-morning/
朝ご飯,Learn Japanese vocabulary: 【ごはん】(asagohan) Meaning: breakfast. Can be written as 朝ご飯、朝ごはん、OR 朝御飯,<em>(No detailed table found)</em>,Example #1私はまだ朝ご飯を食べていません。ふりがなromajiEnglishわたしはまだあさごはんをたべていません。watashi wa mada asagohan wo tabeteimasen.I still haven't eaten breakfast.,Example #2朝ご飯に何を食べますか。ふりがなromajiEnglishあさごはんになにをたべますか。asagohan ni nani wo tabemasu ka.What do you usually eat for breakfast?,https://jlptsensei.com/learn-japanese-vocabulary/%e6%9c%9d%e3%81%94%e9%a3%af-asagohan-breakfast/
明後日,day after tomorrow,<em>(No detailed table found)</em>,,,https://jlptsensei.com/learn-japanese-vocabulary/%e6%98%8e%e5%be%8c%e6%97%a5-asatte-meaning-day-after-tomorrow/
足,Learn Japanese vocabulary: 【あし】(ashi) Meaning: foot; leg; paw; arm.,<em>(No detailed table found)</em>,Example #1彼女の足はきれいですね。ふりがなromajiEnglishかのじょのあしはきれいですね。kanojo no ashi wa kirei desune.She has beautiful legs.,Example #2彼は足が長い。ふりがなromajiEnglishかれはあしがながい。kare wa ashi ga nagai.He has long legs.,https://jlptsensei.com/learn-japanese-vocabulary/%e8%b6%b3-ashi-meaning-foot-leg/
明日,Learn Japanese vocabulary: 【あした】(ashita) Meaning: tomorrow.,<em>(No detailed table found)</em>,Example #1明日東京へ行きます。ふりがなromajiEnglishあしたとうきょうへいきます。ashita toukyou he ikimasu.I'm going to Tokyo tomorrow.,Example #2また明日ね。ふりがなromajiEnglishまたあしたね。mata ashita ne.See you tomorrow.,https://jlptsensei.com/learn-japanese-vocabulary/%e6%98%8e%e6%97%a5-ashita-tomorrow/
遊ぶ,Learn Japanese vocabulary: 【あそぶ】(asobu). Meaning: to play; to enjoy oneself; to have a good time. 遊ぶ (asobu) 遊びます (asobimasu) 遊ばない (asobanai) 遊びません (asobimasen),<em>(No detailed table found)</em>,Example #1うちの子は庭で遊んでいる。ふりがなromajiEnglishうちのこはにわであそんでいる。uchi no ko wa niwa de asonde iru.My child is playing in the garden.,Example #2私は子どもと遊ぶのが好きです。ふりがなromajiEnglishわたしはこどもとあそぶのがすきです。watashi wa kodomo to asobu no ga suki desu.I like playing with children.,https://jlptsensei.com/learn-japanese-vocabulary/%e9%81%8a%e3%81%b6-asobu-meaning-to-play/
あそこ,Learn Japanese vocabulary: (asoko). Meaning: there (place physically distant from both speaker and listener); over there; that place.,<em>(No detailed table found)</em>,Example #1私はあそこへ行きたい。ふりがなromajiEnglishわたしはあそこへいきたい。watashi wa asoko e ikitai.I want to go there.,Example #2彼女の本はあそこです。ふりがなromajiEnglishかのじょのほんはあそこです。kanojo no hon wa asoko desu.The book of hers is over there.,https://jlptsensei.com/learn-japanese-vocabulary/%e3%81%82%e3%81%9d%e3%81%93-asoko-meaning/
頭,Learn Japanese vocabulary: 【あたま】(atama). Meaning: head.,<em>(No detailed table found)</em>,Example #1昨日から私の頭が痛いです。ふりがなromajiEnglishきのうからわたしのあたまがいたいです。kinou kara watashi no atama ga itai desu.I've had a headache since yesterday.,Example #2それはあなたの頭の上にあります。ふりがなromajiEnglishそれはあなたのあたまのうえにあります。sore wa anata no atama no ue ni arimasu.That is on top of your head.,https://jlptsensei.com/learn-japanese-vocabulary/%e9%a0%ad-%e3%81%82%e3%81%9f%e3%81%be-atama-meaning/
新しい,Learn Japanese vocabulary: 【あたらしい】(atarashii) Meaning: new; novel; fresh; recent; latest; up-to-date; modern.,<em>(No detailed table found)</em>,Example #1新しいスマホが欲しい。ふりがなromajiEnglishあたらしいスマホがほしい。atarashii sumaho ga hoshii.I want a new smartphone.,Example #2新しい図書館はとても広いです。ふりがなromajiEnglishあたらしいとしょかんはとてもひろいです。Atarashii toshokan wa totemo hiroi desu.The new library is very spacious.,https://jlptsensei.com/learn-japanese-vocabulary/%e6%96%b0%e3%81%97%e3%81%84-atarashii-meaning-new/
暖かい,Learn Japanese vocabulary: 【あたたかい】(atatakai). Meaning: warm.,<em>(No detailed table found)</em>,Example #1今日は暖かいですね。ふりがなromajiEnglishきょうはあたたかいですね。kyou wa atatakai desu ne.It is warm today.,Example #2このコートは暖かいです。ふりがなromajiEnglishこのコートはあたたかいです。kono kooto wa atatakai desu.This coat is warm.,https://jlptsensei.com/learn-japanese-vocabulary/%e6%9a%96%e3%81%8b%e3%81%84-%e3%81%82%e3%81%9f%e3%81%9f%e3%81%8b%e3%81%84-atatakai-meaning/
後,Learn Japanese vocabulary: 【あと】(ato) Meaning: behind; rear​; after; later remainder; the rest more (e.g. five more minutes); left also; in addition,<em>(No detailed table found)</em>,Example #1この後寝ます。ふりがなromajiEnglishこのあとねます。kono ato nemasu.I will sleep after this.,Example #2この後も仕事です。ふりがなromajiEnglishこのあともしごとです。kono ato mo shigoto desu.I have work after this too.,https://jlptsensei.com/learn-japanese-vocabulary/%e5%be%8c-ato-meaning-behind-after/
暑い,hot; sultry,<em>(No detailed table found)</em>,,,https://jlptsensei.com/learn-japanese-vocabulary/%e6%9a%91%e3%81%84-%e3%81%82%e3%81%a4%e3%81%84-atsui-meaning/
厚い,Learn Japanese vocabulary: 【あつい】(atsui). Meaning: thick.,<em>(No detailed table found)</em>,Example #1私はやさいを厚く切る。ふりがなromajiEnglishわたしはやさいをあつくきる。watashi wa yasai o atsuku kiru.I cut vegetables thickly.,Example #2もっと厚く切ってください。ふりがなromajiEnglishもっとあつくきってください。motto atsuku kitte kudasai.Please cut it more thickly.,https://jlptsensei.com/learn-japanese-vocabulary/%e5%8e%9a%e3%81%84-%e3%81%82%e3%81%a4%e3%81%84-atsui-meaning/
熱い,hot,<em>(No detailed table found)</em>,,,https://jlptsensei.com/learn-japanese-vocabulary/%e7%86%b1%e3%81%84-%e3%81%82%e3%81%a4%e3%81%84-atsui-meaning/
会う,Learn Japanese vocabulary: 【あう】(au) Meaning: to meet; to encounter; to see.,<em>(No detailed table found)</em>,Example #1昨日友だちに会いました。ふりがなromajiEnglishきのうともだちにあいました。kinou tomodachi ni aimashita.I saw a friend yesterday.,"Example #2彼氏に会うために、東京に行きます。ふりがなromajiEnglishかれしにあうために、とうきょうにいきます。Kareshi ni au tame ni, Tokyo ni ikimasu.I'm going to Tokyo to see my boyfriend.",https://jlptsensei.com/learn-japanese-vocabulary/%e4%bc%9a%e3%81%86-au-meaning-to-meet/
晩ご飯,dinner; evening meal,<em>(No detailed table found)</em>,,,https://jlptsensei.com/learn-japanese-vocabulary/%e6%99%a9%e5%be%a1%e9%a3%af-bangohan-dinner/
番号,number,<em>(No detailed table found)</em>,,,https://jlptsensei.com/learn-japanese-vocabulary/%e7%95%aa%e5%8f%b7-%e3%81%b0%e3%82%93%e3%81%94%e3%81%86-bangou-meaning/
バス,Learn Japanese vocabulary: (basu). Meaning: bus.,<em>(No detailed table found)</em>,Example #1私はバスを降りる。ふりがなromajiEnglishわたしはバスをおりる。watashi wa basu o oriru.I get off the bus.,Example #2ここはバスが通りますか。ふりがなromajiEnglishここはバスがとおりますか。koko wa basu ga toorimasu ka.Is this a bus route?,https://jlptsensei.com/learn-japanese-vocabulary/%e3%83%90%e3%82%b9-basu-meaning/
バター,Learn Japanese vocabulary: (bataa). Meaning: butter​.,<em>(No detailed table found)</em>,Example #1トーストにはバターをつけますか。ふりがなromajiEnglishトーストにはバターをつけますか。toosuto ni wa bataa o tsukemasu ka.Do you have butter on your toast?,Example #2彼女はパンにバターをぬった。ふりがなromajiEnglishかのじょはパンにバターをぬった。kanojo wa pan ni bataa o nutta.She spread the butter on the bread.,https://jlptsensei.com/learn-japanese-vocabulary/%e3%83%90%e3%82%bf%e3%83%bc-bataa-meaning/
ベッド,Learn Japanese vocabulary: (beddo). Meaning: bed.,<em>(No detailed table found)</em>,Example #1赤ちゃんはベッドで寝ています。ふりがなromajiEnglishあかちゃんはベッドでねています。akachan wa beddo de nete imasu.The baby is sleeping on the bed.,Example #2君はどっちのベッドを使いたい？ふりがなromajiEnglishきみはどっちのベッドをつかいたい？kimi wa docchi no beddo o tsukaitai?Which bed do you want to use?,https://jlptsensei.com/learn-japanese-vocabulary/%e3%83%99%e3%83%83%e3%83%89-beddo-meaning/
勉強,Learn Japanese vocabulary: 【べんきょう】(benkyou). Meaning: to study.,<em>(No detailed table found)</em>,Example #1私はべんきょうが嫌いだ。ふりがなromajiEnglishわたしはべんきょうがきらいだ。watashi wa benkyou ga kirai da.I don't like studying.,Example #2あなたはいつ勉強を始めましたか？ふりがなromajiEnglishあなたはいつべんきょうをはじめましたか？anata wa itsu benkyou o hajimemashita ka?When did you start studying?,https://jlptsensei.com/learn-japanese-vocabulary/%e5%8b%89%e5%bc%b7-%e3%81%b9%e3%82%93%e3%81%8d%e3%82%87%e3%81%86-benkyou-meaning/
便利,"Learn Japanese vocabulary: 【べんり】(benri) Meaning: convenient; handy; useful. For the JLPT N5 level, this is written in hiragana form べんり（な）.",<em>(No detailed table found)</em>,Example #1それはとてもべんりですね。ふりがなromajiEnglishそれはとてもべんりですね。sore wa totemo benri desu ne.That is very convenient!,Example #2私にとっては便利です。ふりがなromajiEnglishわたしにとってはべんりです。watashi ni totte wa benri desu.It is convenient for me.,https://jlptsensei.com/learn-japanese-vocabulary/%e4%be%bf%e5%88%a9-benri-convenient/
ボールペン,Learn Japanese vocabulary: (boorupen). Meaning: ball-point pen.,<em>(No detailed table found)</em>,Example #1ボールペンで書いてください。ふりがなromajiEnglishボールペンでかいてください。boorupen de kaite kudasai.Write with a ballpoint pen.,Example #2このボールペンは２ドルで買った。ふりがなromajiEnglishこのボールペンは２ドルでかった。kono boorupen wa 2 doru de katta.I bought this ball-point for two dollars.,https://jlptsensei.com/learn-japanese-vocabulary/%e3%83%9c%e3%83%bc%e3%83%ab%e3%83%9a%e3%83%b3-boorupen-meaning/
ボタン,Learn Japanese vocabulary: (botan). Meaning: button.,<em>(No detailed table found)</em>,Example #1どのボタンを押せばいいですか？ふりがなromajiEnglishどのボタンをおせばいいですか？dono botan o oseba ii desuka?Which button should I press?,Example #2そのボタンを押さないでください。ふりがなromajiEnglishそのボタンをおさないでください。sono botan o osanaide kudasai.Please don't press that button.,https://jlptsensei.com/learn-japanese-vocabulary/%e3%83%9c%e3%82%bf%e3%83%b3-botan-meaning/
帽子,hat; cap,<em>(No detailed table found)</em>,,,https://jlptsensei.com/learn-japanese-vocabulary/%e5%b8%bd%e5%ad%90-boushi-meaning-hat/
文章,Learn Japanese vocabulary: 【ぶんしょう】(bunshou). Meaning: sentence writing; composition; essay; article; prose; (writing) style,<em>(No detailed table found)</em>,Example #1私は文章が下手です。ふりがなromajiEnglishわたしはぶんしょうがにがてです。watashi wa bunshou ga nigate desu.I am bad at compositions.,Example #2この文章を直してもらえますか？ふりがなromajiEnglishこのぶんしょうをなおしてもらえますか？kono bunshou o naoshite moraemasu ka?Could I have you fix this writing?,https://jlptsensei.com/learn-japanese-vocabulary/%e6%96%87%e7%ab%a0-%e3%81%b6%e3%82%93%e3%81%97%e3%82%87%e3%81%86-bunshou-meaning/
豚肉,Learn Japanese vocabulary: 【ぶたにく】(butaniku). Meaning: pork.,<em>(No detailed table found)</em>,Example #1あなたはぶたにくを食べられますか。ふりがなromajiEnglishあなたはぶたにくをたべられますか。anata wa butaniku o taberaremasu ka.Can you eat pork?,"Example #2この食品には、ぶたにくを使っています。ふりがなromajiEnglishこのしょくひんには、ぶたにくをつかっています。kono shokuhin ni wa, butaniku o tsukatte imasu.This food uses pork.",https://jlptsensei.com/learn-japanese-vocabulary/%e8%b1%9a%e8%82%89-%e3%81%b6%e3%81%9f%e3%81%ab%e3%81%8f-butaniku-meaning/
病院,Learn Japanese vocabulary: 【びょういん】(byouin) Meaning: hospital.,<em>(No detailed table found)</em>,Example #1病院に行きますか？ふりがなromajiEnglishびょういんにいきますか？byouin ni ikimasu ka?Will you go to the hospital?,Example #2かれはまだ病院です。ふりがなromajiEnglishかれはまだびょういんです。kare wa mada byouin desu.He's still in the hospital.,https://jlptsensei.com/learn-japanese-vocabulary/%e7%97%85%e9%99%a2-byouin-hospital/
病気,illness; disease; sickness,<em>(No detailed table found)</em>,,,https://jlptsensei.com/learn-japanese-vocabulary/%e7%97%85%e6%b0%97-byouki-meaning-illness/
茶色,brown,<em>(No detailed table found)</em>,,,https://jlptsensei.com/learn-japanese-vocabulary/%e8%8c%b6%e8%89%b2-%e3%81%a1%e3%82%83%e3%81%84%e3%82%8d-chairo-meaning/
茶碗,rice bowl; tea cup; teacup,<em>(No detailed table found)</em>,,,https://jlptsensei.com/learn-japanese-vocabulary/%e8%8c%b6%e7%a2%97-%e3%81%a1%e3%82%83%e3%82%8f%e3%82%93-chawan-meaning/
父,Learn Japanese vocabulary: 【ちち】(chichi) Meaning:,<em>(No detailed table found)</em>,Example #1父は元気です。ふりがなromajiEnglishちちはげんきです。chichi wa genki desu.My father is in good health.,Example #2父がイタリア人です。ふりがなromajiEnglishちちがイタリアじんです。chichi ga itaria jin desu.My father is Italian.,https://jlptsensei.com/learn-japanese-vocabulary/%e7%88%b6-chichi-meaning-father/
違う,Learn Japanese vocabulary: 【ちがう】(chigau). Meaning: to differ.,<em>(No detailed table found)</em>,Example #1なぜこれはちがうのですか？ふりがなromajiEnglishなぜこれはちがうのですか？naze kore wa chigau no desu ka?Why is this different?,Example #2私は彼とはちがう。ふりがなromajiEnglishわたしはかれとはちがう。watashi wa kare to chigau.I am different from him.,https://jlptsensei.com/learn-japanese-vocabulary/%e9%81%95%e3%81%86-%e3%81%a1%e3%81%8c%e3%81%86-chigau-meaning/
小さい,"Learn Japanese vocabulary: 【ちいさい】(chiisai) Meaning: small; little; tiny slight; below average (in degree, amount, etc.); minor; small​ low (e.g. sound); soft (e.g. voice)​ unimportant; petty;...",<em>(No detailed table found)</em>,Example #1それは小さい。ふりがなromajiEnglishそれはちいさい。sore wa chiisai.That's small.,Example #2あれは小さい犬です。ふりがなromajiEnglishあれはちいさいいぬです。are wa chiisai inu desu.That's a small dog.,https://jlptsensei.com/learn-japanese-vocabulary/%e5%b0%8f%e3%81%95%e3%81%84-chiisai-meaning-small/
小さな,Learn Japanese vocabulary: 【ちいさな】(chiisana) Meaning: small; little; tiny​.,<em>(No detailed table found)</em>,Example #1それは小さな山のように見えました。ふりがなromajiEnglishそれはちいさなやまのようにみえました。sore wa chiisana yama no you ni miemashita.That looked like a small mountain.,Example #2これは決して小さなことではない。ふりがなromajiEnglishこれはけしてちいさなことではない。kore wa keshite chiisana koto de wa nai.This is no small matter.,https://jlptsensei.com/learn-japanese-vocabulary/%e5%b0%8f%e3%81%95%e3%81%aa-chiisana-meaning-small/
近い,Learn Japanese vocabulary: 【ちかい】(chikai). Meaning: near; close.,<em>(No detailed table found)</em>,Example #1僕の家は学校にちかいです。ふりがなromajiEnglishぼくのいえはがっこうにちかいです。boku no ie wa gakkou ni chikai desu.I live near the school.,Example #2あなたの家は空港にちかいですか。ふりがなromajiEnglishあなたのいえはくうこうにちかいですか。anata no ie wa kuukou ni chikai desu ka.anata no ie wa kuukou ni chikai desu ka.,https://jlptsensei.com/learn-japanese-vocabulary/%e8%bf%91%e3%81%84-%e3%81%a1%e3%81%8b%e3%81%84-chikai-meaning/
地下鉄,Learn Japanese vocabulary: 【ちかてつ】(chikatetsu) Meaning: subway; underground train.,<em>(No detailed table found)</em>,Example #1私は地下鉄で学校に行く。ふりがなromajiEnglishわたしはちかてつでがっこうにいく。watashi wa chikatetsu de gakkou ni iku.I go to school by subway.,Example #2今は地下鉄に乗っています。ふりがなromajiEnglishいまはちかてつにのっています。ima wa chikatetsu ni notteimasu.I'm on the subway now.,https://jlptsensei.com/learn-japanese-vocabulary/%e5%9c%b0%e4%b8%8b%e9%89%84-chikatetsu-meaning-subway/
地図,map,<em>(No detailed table found)</em>,,,https://jlptsensei.com/learn-japanese-vocabulary/%e5%9c%b0%e5%9b%b3-chizu-meaning-map/
ちょっと,a little,<em>(No detailed table found)</em>,,,https://jlptsensei.com/learn-japanese-vocabulary/%e3%81%a1%e3%82%87%e3%81%a3%e3%81%a8-chotto-meaning/
丁度,Learn Japanese vocabulary: 【ちょうど】(choudo). Meaning: exactly; precisely; just; right​.,<em>(No detailed table found)</em>,Example #1私はちょうど寝るところだった。ふりがなromajiEnglishわたしはちょうどねるところだった。watashi wa choudo neru tokoro datta.I had just gone to sleep.,Example #2でんしゃはちょうど出たところだ。ふりがなromajiEnglishでんしゃはちょうどでたところだ。densha wa choudo deta kotoro da.The train has just left.,https://jlptsensei.com/learn-japanese-vocabulary/%e4%b8%81%e5%ba%a6-%e3%81%a1%e3%82%87%e3%81%86%e3%81%a9-choudo-meaning/
台所,kitchen,<em>(No detailed table found)</em>,,,https://jlptsensei.com/learn-japanese-vocabulary/%e5%8f%b0%e6%89%80-%e3%81%a0%e3%81%84%e3%81%a9%e3%81%93%e3%82%8d-daidokoro-meaning/
大学,Learn Japanese vocabulary: 【だいがく】(daigaku) Meaning: university; college.,<em>(No detailed table found)</em>,Example #1どこの大学に行きたいですか？ふりがなromajiEnglishどこのだいがくにいきたいですか？doko no daigaku ni ikitai desuka?Which university do you want to go to?,Example #2私は大学の4年生です。ふりがなromajiEnglishわたしはだいがくのよんねんせいです。watashi wa daigaku no yon nensei desu.I'm a 4th year university student.,https://jlptsensei.com/learn-japanese-vocabulary/%e5%a4%a7%e5%ad%a6-daigaku-university/
大丈夫,Learn Japanese vocabulary: 【だいじょうぶ】(daijoubu) Meaning: OK; okay; all right; alright; safe; secure; problem-free;,<em>(No detailed table found)</em>,Example #1大丈夫ですか？ふりがなromajiEnglishだいじょうぶですか？daijoubu desu ka?Are you alright?,Example #2大丈夫ですよ。ふりがなromajiEnglishだいじょうぶですよ。daijoubu desu yo.No problem.,https://jlptsensei.com/learn-japanese-vocabulary/%e5%a4%a7%e4%b8%88%e5%a4%ab-daijoubu-meaning-ok/
大好き,Learn Japanese vocabulary: 【だいすき】(daisuki) Meaning: love; like; like very much,<em>(No detailed table found)</em>,Example #1大好きだよ！ふりがなromajiEnglishだいすきだよ！daisuki dayo!I love you!,Example #2私はあなたが大好きです。ふりがなromajiEnglishわたしはあなたがだいすきです。watashi wa anata ga daisuki desu.I love you.,https://jlptsensei.com/learn-japanese-vocabulary/%e5%a4%a7%e5%a5%bd%e3%81%8d-daisuki-meaning-love%e2%80%8b/
だんだん,Learn Japanese vocabulary: (dandan). Meaning: gradually; by degrees; little by little; more and more; increasingly​.,<em>(No detailed table found)</em>,Example #1私はだんだん眠くなってきた。ふりがなromajiEnglishわたしはだんだんねむくなってきた。watashi wa dandan nemuku natte kita.I have gotten more and more and sleepy.,Example #2彼女はだんだん大きくなってきた。ふりがなromajiEnglishかのじょはだんだんおおきくなってきた。kanojo wa dandan ookiku natte kita.She's steadily gotten bigger.,https://jlptsensei.com/learn-japanese-vocabulary/%e3%81%a0%e3%82%93%e3%81%a0%e3%82%93-dandan-meaning/
誰,Learn Japanese vocabulary: 【だれ】(dare). Meaning: who.,<em>(No detailed table found)</em>,Example #1好きな歌手は誰ですか？ふりがなromajiEnglishすきなかしゅはだれですか？suki na kashu wa dare desu ka?Who is your favourite singer?,Example #2これは誰の傘ですか。ふりがなromajiEnglishこれはだれのかさですか？kore wa dare no kasa desu ka?Whose umbrella is this?,https://jlptsensei.com/learn-japanese-vocabulary/%e8%aa%b0-%e3%81%a0%e3%82%8c-dare-meaning/
誰か,someone; somebody,<em>(No detailed table found)</em>,,,https://jlptsensei.com/learn-japanese-vocabulary/%e8%aa%b0%e3%81%8b-%e3%81%a0%e3%82%8c%e3%81%8b-dareka-meaning/
出す,Learn Japanese vocabulary: (dasu) – Meaning: to take out; to get out; to put out; to reveal; to show; to submit; to turn in; to...,<em>(No detailed table found)</em>,Example #1元気を出して！ふりがなromajiEnglishげんきをだして！genki wo dashite!Cheer up!,Example #2大声を出さないでください。ふりがなromajiEnglishおおごえをださないでください。oogoe wo dasanaide kudasai.Please keep your voice down.,https://jlptsensei.com/learn-japanese-vocabulary/%e5%87%ba%e3%81%99-dasu-to-take-out/
出口,Learn Japanese vocabulary: 【 でぐち 】(deguchi) Meaning: exit; gateway; way out.,<em>(No detailed table found)</em>,Example #1出口がわからない。ふりがなromajiEnglishでぐちがわからない。deguchi ga wakaranai.I can't find the exit (my way out).,Example #2出口はどちらですか。ふりがなromajiEnglishでぐちはどちらですか。deguchi wa dochira desu ka.Where is the way out?,https://jlptsensei.com/learn-japanese-vocabulary/%e5%87%ba%e5%8f%a3-deguchi-exit/
出かける,Learn Japanese vocabulary: (dekakeru) – Meaning: to go out; to leave; to depart; to start; to set out; to be about to leave; to be...,<em>(No detailed table found)</em>,Example #1学校へ出かける。ふりがなromajiEnglishがっこうへでかける。gakkou he dekakeru.To head off to school.,Example #2今から出かけるの？ふりがなromajiEnglishいまからでかけるの？ima kara dekakeru no?Are you heading out now?,https://jlptsensei.com/learn-japanese-vocabulary/%e5%87%ba%e3%81%8b%e3%81%91%e3%82%8b-dekakeru-to-go-out/
電気,electricity,<em>(No detailed table found)</em>,,,https://jlptsensei.com/learn-japanese-vocabulary/%e9%9b%bb%e6%b0%97-denki-meaning-electricity/
電車,Learn Japanese vocabulary: 【でんしゃ】(densha) Meaning: train; electric train.,<em>(No detailed table found)</em>,Example #1電車で行きましょう。ふりがなromajiEnglishでんしゃでいきましょう。densha de ikimashou.Let's go by train.,Example #2この電車はすいている。ふりがなromajiEnglishこのでんしゃはすいている。kono densha wa suiteiru.This train is pretty empty.,https://jlptsensei.com/learn-japanese-vocabulary/%e9%9b%bb%e8%bb%8a-densha-train/
電話,telephone (call / device)l; phone call,<em>(No detailed table found)</em>,,,https://jlptsensei.com/learn-japanese-vocabulary/%e9%9b%bb%e8%a9%b1-denwa-meaning-telephone/
デパート,Learn Japanese vocabulary: (depaato). Meaning: department store.,<em>(No detailed table found)</em>,Example #1私は彼にデパートで会いました。ふりがなromajiEnglishわたしはかれにデパートであいました。watashi wa kare ni depaato de aimashita.I met him at a department store.,Example #2私はデパートで服を買いました。ふりがなromajiEnglishわたしはデパートでふくをかいました。watashi wa depaato de fuku o kaimashita.I bought clothes from the department store.,https://jlptsensei.com/learn-japanese-vocabulary/%e3%83%87%e3%83%91%e3%83%bc%e3%83%88-depaato-meaning/
出る,Learn Japanese vocabulary: (deru) – Meaning: to leave; to exit; to appear; to come out; to go out.,<em>(No detailed table found)</em>,Example #1電話に出る。ふりがなromajiEnglishでんわにでる。denwa ni deru.To answer the phone.,Example #2家を出る。ふりがなromajiEnglishいえをでる。ie wo deru.To leave home.,https://jlptsensei.com/learn-japanese-vocabulary/%e5%87%ba%e3%82%8b-deru-to-leave/
ドア,door,<em>(No detailed table found)</em>,,,https://jlptsensei.com/learn-japanese-vocabulary/%e3%83%89%e3%82%a2-doa-meaning/
どっち,which; which one,<em>(No detailed table found)</em>,,,https://jlptsensei.com/learn-japanese-vocabulary/%e3%81%a9%e3%81%a3%e3%81%a1-docchi-meaning/
どちら,Learn Japanese vocabulary: (dochira). Meaning: which way; which direction; where​ which one; which of two,<em>(No detailed table found)</em>,Example #1どちらが好きですか。ふりがなromajiEnglishどちらがすきですか。dochira ga suki desuka.Which do you prefer?,Example #2お国はどちらですか。ふりがなromajiEnglishおくにはどちらですか。okuni wa dochira desuka.Where's your home?,https://jlptsensei.com/learn-japanese-vocabulary/%e3%81%a9%e3%81%a1%e3%82%89-dochira-meaning/
どこ,Learn Japanese vocabulary: (doko). Meaning: where; what place​.,<em>(No detailed table found)</em>,Example #1あなたはどこから来たの？ふりがなromajiEnglishあなたどこからきたの？anata wa doko kara kita no?Where did you come from?,Example #2明日はどこで会いますか？ふりがなromajiEnglishあしたはどこであいますか？ashita wa doko de aimasu ka?Where will you meet tomorrow?,https://jlptsensei.com/learn-japanese-vocabulary/%e3%81%a9%e3%81%93-doko-meaning/
どなた,Learn Japanese vocabulary: (donata). Meaning: who.,<em>(No detailed table found)</em>,Example #1あなたはどなたですか。ふりがなromajiEnglishあなたはどなたですか。anata wa donata desuka.Who are you?,Example #2たんとうの方はどなたですか。ふりがなromajiEnglishたんとうのかたはどなたですか。tantou no kata wa donata desuka.Who is the person in charge?,https://jlptsensei.com/learn-japanese-vocabulary/%e3%81%a9%e3%81%aa%e3%81%9f-donata-meaning/
どの,Learn Japanese vocabulary: (dono). Meaning: which.,<em>(No detailed table found)</em>,Example #1どの車にお乗りですか。ふりがなromajiEnglishどのくるまにおのりですか。dono kuruma ni onori desuka.Which car will you take?,Example #2君はどの道を行くか。ふりがなromajiEnglishきみはどのみちをいくか。kimi wa dono michi o iku ka.Which road will you take?,https://jlptsensei.com/learn-japanese-vocabulary/%e3%81%a9%e3%81%ae-dono-meaning/
どれ,Learn Japanese vocabulary: (dore). Meaning: which (of three or more)​.,<em>(No detailed table found)</em>,Example #1あなたの本はどれですか？ふりがなromajiEnglishあなたのほんはどれですか？anata no hon wa dore desuka?Which one is your book?,Example #2あなたはどれを選びますか？ふりがなromajiEnglishあなたはどれをえらびますか？anata wa dore o erabimasu ka?Which one do you choose?,https://jlptsensei.com/learn-japanese-vocabulary/%e3%81%a9%e3%82%8c-dore-meaning/
どう,Learn Japanese vocabulary: (dou). Meaning: how; in what way; how about​.,<em>(No detailed table found)</em>,Example #1これはどうですか？ふりがなromajiEnglishこれはどうですか？kore wa dou desu ka?How is this?,Example #2明日の夜はどうですか。ふりがなromajiEnglishあしたのよるはどうですか。ashita no yoru wa dou desu ka.How about tomorrow night?,https://jlptsensei.com/learn-japanese-vocabulary/%e3%81%a9%e3%81%86-dou-meaning/
動物,Learn Japanese vocabulary: 【どうぶつ】(doubutsu). Meaning: animal.,<em>(No detailed table found)</em>,Example #1好きな動物は何ですか。ふりがなromajiEnglishすきなどうぶつはなんですか。suki na doubutsu wa nan desu ka.What animals do you like?,Example #2その動物はとても可愛かったです。ふりがなromajiEnglishそのどうぶつはとてもかわいかったです。sono doubutsu wa totemo kawai katta desu.Those animals were very cute.,https://jlptsensei.com/learn-japanese-vocabulary/%e5%8b%95%e7%89%a9-%e3%81%a9%e3%81%86%e3%81%b6%e3%81%a4-doubutsu-meaning/
どうも,Learn Japanese vocabulary: (doumo). Meaning: thank you; thanks.,<em>(No detailed table found)</em>,Example #1カードをどうもありがとう。ふりがなromajiEnglishカードをどうもありがとう。kaado o doumo arigatou.Thank you so much for this card.,Example #2今日はどうもありがとうございました。ふりがなromajiEnglishきょうはどうもありがとうございました。kyou wa doumo arigatou gozaimashita.Thank you for today.,https://jlptsensei.com/learn-japanese-vocabulary/%e3%81%a9%e3%81%86%e3%82%82-doumo-meaning/
どうぞ,Learn Japanese vocabulary: (douzo). Meaning: please.,<em>(No detailed table found)</em>,Example #1どうぞこちらへ。ふりがなromajiEnglishどうぞこちらへ。douzo kochira e.Please step this way.,Example #2どうぞ食べてください。ふりがなromajiEnglishどうぞたべてください。douzo tabete kudasai.Please try it.,https://jlptsensei.com/learn-japanese-vocabulary/%e3%81%a9%e3%81%86%e3%81%9e-douzo-meaning/
土曜日,Learn Japanese vocabulary: (doyoubi) – Meaning: Saturday.,<em>(No detailed table found)</em>,Example #1土曜日にサッカーの試合がある。ふりがなromajiEnglishどようびにサッカーのしあいがある。doyoubi ni sakkaa no shiai ga aru.I have a soccer match on Saturday.,Example #2今週の土曜日は仕事がある。ふりがなromajiEnglishこんしゅうのどようびはしごとがある。konshuu no doyoubi wa shigoto ga aru.I have work this Saturday.,https://jlptsensei.com/learn-japanese-vocabulary/%e5%9c%9f%e6%9b%9c%e6%97%a5-doyoubi-saturday/
絵,Learn Japanese vocabulary: 【え】(e). Meaning: picture; painting.,<em>(No detailed table found)</em>,Example #1この絵は誰が描いたのですか？ふりがなromajiEnglishこのえはだれがかいたのですか？kono e wa dare ga kaita no desu ka?Who drew this picture?,Example #2この絵は素敵ですね！ふりがなromajiEnglishこのえはすてきですね！kono e wa suteki desu ne!This picture is wonderful!,https://jlptsensei.com/learn-japanese-vocabulary/%e7%b5%b5-%e3%81%88-e-meaning/
ええ,yes; that is correct; right,<em>(No detailed table found)</em>,,,https://jlptsensei.com/learn-japanese-vocabulary/%e3%81%88%e3%81%88-ee-meaning/
映画,Learn Japanese vocabulary: 【えいが】(eiga). Meaning: movie; film.,<em>(No detailed table found)</em>,Example #1その映画は面白かった。ふりがなromajiEnglishそのえいがはおもしろかった。sono eiga wa omoshiro katta.The movie was interesting.,Example #2この映画はどうでしたか。ふりがなromajiEnglishこのえいがはどうでしたか。kono eiga wa dou deshita ka.How do you like this movie?,https://jlptsensei.com/learn-japanese-vocabulary/%e6%98%a0%e7%94%bb-%e3%81%88%e3%81%84%e3%81%8c-eiga-meaning/
映画館,movie theater; cinema,<em>(No detailed table found)</em>,,,https://jlptsensei.com/learn-japanese-vocabulary/%e6%98%a0%e7%94%bb%e9%a4%a8-eigakan-movie-theater/
英語,Learn Japanese vocabulary: 【えいご】(eigo). Meaning: English language.,<em>(No detailed table found)</em>,Example #1私は英語が苦手だ。ふりがなromajiEnglishわたしはえいごがにがてだ。watashi wa eigo ga nigate da.I am bad at English.,Example #2私は英語を教えています。ふりがなromajiEnglishわたしはえいごをおしえています。watashi wa eigo wo oshieteimasu.I teach English.,https://jlptsensei.com/learn-japanese-vocabulary/%e8%8b%b1%e8%aa%9e-eigo-meaning-english-language/
駅,Learn Japanese vocabulary: 【えき】(eki). Meaning: station.,<em>(No detailed table found)</em>,Example #1私は次のえきで降りるつもりです。ふりがなromajiEnglishわたしはつぎのえきでおりるつもりです。watashi wa tsugi no eki de oriru tsumori desu.I'm getting off at the next station,Example #2えきはここから車で10分です。ふりがなromajiEnglishえきはここからくるまで10ぷんです。eki wa koko kara 10 pun desu.The station is a ten minutes' drive from here.,https://jlptsensei.com/learn-japanese-vocabulary/%e9%a7%85-%e3%81%88%e3%81%8d-eki-meaning/
鉛筆,Learn Japanese vocabulary: 【えんぴつ】(enpitsu). Meaning: pencil.,<em>(No detailed table found)</em>,Example #1これは君のえんぴつですか？ふりがなromajiEnglishこれはきみのえんぴつですか？kore wa kimi no enpitsu desu ka?Is this your pencil?,Example #2私はえんぴつをなくしてしまった。ふりがなromajiEnglishわたしはえんぴつをなくしてしまった。watashi wa enpitsu o nakushite shimatta.I've lost my pencil.,https://jlptsensei.com/learn-japanese-vocabulary/%e9%89%9b%e7%ad%86-%e3%81%88%e3%82%93%e3%81%b4%e3%81%a4-enpitsu-meaning/
エレベーター,elevator,<em>(No detailed table found)</em>,,,https://jlptsensei.com/learn-japanese-vocabulary/%e3%82%a8%e3%83%ac%e3%83%99%e3%83%bc%e3%82%bf%e3%83%bc-erebeetaa-meaning/
フィルム,film,<em>(No detailed table found)</em>,,,https://jlptsensei.com/learn-japanese-vocabulary/%e3%83%95%e3%82%a3%e3%83%ab%e3%83%a0-firumu-meaning/
フォーク,fork,<em>(No detailed table found)</em>,,,https://jlptsensei.com/learn-japanese-vocabulary/%e3%83%95%e3%82%a9%e3%83%bc%e3%82%af-fooku-meaning/
服,clothes,<em>(No detailed table found)</em>,,,https://jlptsensei.com/learn-japanese-vocabulary/%e6%9c%8d-%e3%81%b5%e3%81%8f-fuku-meaning/
吹く,to blow (of the wind),<em>(No detailed table found)</em>,,,https://jlptsensei.com/learn-japanese-vocabulary/%e5%90%b9%e3%81%8f-%e3%81%b5%e3%81%8f-fuku-meaning/
降る,to fall,<em>(No detailed table found)</em>,,,https://jlptsensei.com/learn-japanese-vocabulary/%e9%99%8d%e3%82%8b-%e3%81%b5%e3%82%8b-furu-meaning/
古い,"Learn Japanese vocabulary: 【ふるい】(furui). Meaning: old; ancient; antiquated; antique; timeworn​of things, not people.",<em>(No detailed table found)</em>,Example #1この車は古いです。ふりがなromajiEnglishこのくるまはふるいです。kono kuruma wa furui desu.This car is old.,Example #2私は古い物を捨てる。ふりがなromajiEnglishわたしはふるいものをすてる。watashi wa furui mono o suteru.I throw away old things.,https://jlptsensei.com/learn-japanese-vocabulary/%e5%8f%a4%e3%81%84-%e3%81%b5%e3%82%8b%e3%81%84-furui-meaning/
二人,Learn Japanese vocabulary: 【ふたり】(futari) Meaning: two people; pair; couple.,<em>(No detailed table found)</em>,Example #1二人で行こう。ふりがなromajiEnglishふたりでいこう。futari de ikou.Let's go together (just the two of us).,Example #2その二人は仲が良いです。ふりがなromajiEnglishそのふたりはなかがよいです。sono futari wa naka ga yoi desu.Those two get along.,https://jlptsensei.com/learn-japanese-vocabulary/%e4%ba%8c%e4%ba%ba-futari-meaning-two-people/
二つ,two; 2,<em>(No detailed table found)</em>,,,https://jlptsensei.com/learn-japanese-vocabulary/%e4%ba%8c%e3%81%a4-futatsu-meaning-two-2/
太い,Learn Japanese vocabulary: 【ふとい】(futoi). Meaning: fat; thick.,<em>(No detailed table found)</em>,Example #1あなたのうでは太いですね。ふりがなromajiEnglishあなたのうではふといですね。anata no ude wa futoi desune.Your arms is fat.,Example #2私の妹は足が太いのをすごく気にしている。ふりがなromajiEnglishわたしのいもうとはあしがふといのをすごくきにしている。watashi no imouto wa ashi ga futoi o sugoku ki ni shite iru.My sister is sensitive about her thick legs.,https://jlptsensei.com/learn-japanese-vocabulary/%e5%a4%aa%e3%81%84-%e3%81%b5%e3%81%a8%e3%81%84-futoi-meaning/
二日,Learn Japanese vocabulary: 【ふつか】(futsuka) Meaning: the second day of the month / 2 days. It is most often written as 2日 rather than 二日. Add...,<em>(No detailed table found)</em>,Example #1私の誕生日は二月二日です。ふりがなromajiEnglishわたしのたんじょうびはにがつふつかです。watshi no tanjoubi wa ni gatsu futsuka desu.My birthday is February second.,Example #26月2日から6月１2日までおねがいします。ふりがなromajiEnglishろくがつふつかからろくがつじゅうににちまでおねがいします。roku gatsu futsuka kara roku gatsu juuni nichi made onegaishimasu.From June 2nd until June 12th please.,https://jlptsensei.com/learn-japanese-vocabulary/%e4%ba%8c%e6%97%a5-futsuka-2nd-day-of-month/
封筒,envelope,<em>(No detailed table found)</em>,,,https://jlptsensei.com/learn-japanese-vocabulary/%e5%b0%81%e7%ad%92-%e3%81%b5%e3%81%86%e3%81%a8%e3%81%86-fuutou-meaning/
冬,winter,<em>(No detailed table found)</em>,,,https://jlptsensei.com/learn-japanese-vocabulary/%e5%86%ac-fuyu-meaning-winter/
外国,Learn Japanese vocabulary: 【がいこく】(gaikoku) Meaning: foreign country.,<em>(No detailed table found)</em>,Example #1外国に行く。ふりがなromajiEnglishがいこくにいく。gaikoku ni iku.To go abroad (overseas).,Example #2これは外国の新聞です。ふりがなromajiEnglishこれはがいこくのしんぶんです。kore wa gaikoku no shinbun desu.This is a a newspaper of a foreign country.,https://jlptsensei.com/learn-japanese-vocabulary/%e5%a4%96%e5%9b%bd-gaikoku-foreign-country/
外国人,foreigner; foreign citizen; foreign national; alien; non-Japanese,<em>(No detailed table found)</em>,,,https://jlptsensei.com/learn-japanese-vocabulary/%e5%a4%96%e5%9b%bd%e4%ba%ba-gaikokujin-foreigner/
学校,school,<em>(No detailed table found)</em>,,,https://jlptsensei.com/learn-japanese-vocabulary/%e5%ad%a6%e6%a0%a1-gakkou-school/
学生,Learn Japanese vocabulary: 【がくせい】(gakusei) Meaning: student.,<em>(No detailed table found)</em>,Example #1私は学生です。ふりがなromajiEnglishわたしはがくせいです。watashi wa gakusei desu.I am a student.,Example #2あなたも学生ですか？ふりがなromajiEnglishあなたもがくせいですか？anata mo gakusei desuka?Are you also a student?,https://jlptsensei.com/learn-japanese-vocabulary/%e5%ad%a6%e7%94%9f-gakusei-student/
玄関,entrance,<em>(No detailed table found)</em>,,,https://jlptsensei.com/learn-japanese-vocabulary/%e7%8e%84%e9%96%a2-%e3%81%92%e3%82%93%e3%81%8b%e3%82%93-genkan-meaning/
元気,lively; full of spirit; energetic; healthy,<em>(No detailed table found)</em>,,,https://jlptsensei.com/learn-japanese-vocabulary/%e5%85%83%e6%b0%97-genki-meaning-lively/
月曜日,Learn Japanese vocabulary: (getsuyoubi) – Meaning: Monday.,<em>(No detailed table found)</em>,Example #1月曜日に東京に行きます。ふりがなromajiEnglishげつようびにとうきょうにいきます。getsuyoubi ni toukyou ni ikimasu.I'm going to Tokyo on Monday.,Example #2月曜日が嫌いだ。ふりがなromajiEnglishげつようびがきらいだ。getsuyoubi ga kirai da.I hate Mondays.,https://jlptsensei.com/learn-japanese-vocabulary/%e6%9c%88%e6%9b%9c%e6%97%a5-getsuyoubi-monday/
銀行,bank,<em>(No detailed table found)</em>,,,https://jlptsensei.com/learn-japanese-vocabulary/%e9%8a%80%e8%a1%8c-ginkou-meaning-bank/
ギター,guitar,<em>(No detailed table found)</em>,,,https://jlptsensei.com/learn-japanese-vocabulary/%e3%82%ae%e3%82%bf%e3%83%bc-gitaa-meaning/
五,five; 5,<em>(No detailed table found)</em>,,,https://jlptsensei.com/learn-japanese-vocabulary/%e4%ba%94-go-meaning-five-5/
午後,afternoon; p.m.,<em>(No detailed table found)</em>,,,https://jlptsensei.com/learn-japanese-vocabulary/%e5%8d%88%e5%be%8c-gogo-meaning-afternoon-p-m/
ご飯,"Learn Japanese vocabulary: 【ごはん】(gohan) Meaning: cooked rice, meal.",<em>(No detailed table found)</em>,"Example #1ご飯とパンどちらがいいですか。ふりがなromajiEnglishごはんとパンどちらがいいですか。gohan to pan dochira ga ii desu ka.Which do you prefer, rice or bread?",Example #2ご飯ですよ！ふりがなromajiEnglishごはんですよ！gohan desu yo!Food is ready!,https://jlptsensei.com/learn-japanese-vocabulary/%e3%81%94%e9%a3%af-gohan-cooked-rice-meal/
午前,Learn Japanese vocabulary: 【ごぜん】(gozen) Meaning: morning; a.m.,<em>(No detailed table found)</em>,Example #1私は午前10時に会社に行きました。ふりがなromajiEnglishわたしはごぜん１０じにかいしゃにいきました。watashi wa gozen juu ji ni kaisha ni ikimashita.I went to work at 10 am.,Example #2私は午前6時に起きましたふりがなromajiEnglishごぜん６じにおきました。gozen roku ji ni okimashita.I woke up at 6 am.,https://jlptsensei.com/learn-japanese-vocabulary/%e5%8d%88%e5%89%8d-gozen-meaning-morning-am/
グラム,gram,<em>(No detailed table found)</em>,,,https://jlptsensei.com/learn-japanese-vocabulary/%e3%82%b0%e3%83%a9%e3%83%a0-guramu-meaning/
牛肉,Learn Japanese vocabulary: 【ぎゅうにく】(gyuuniku). Meaning: beef.,<em>(No detailed table found)</em>,Example #1この牛肉はとても美味しいです。ふりがなromajiEnglishこのぎゅうにくはとてもおいしいです。kono gyuuniku wa totemo oishii desu.This beef is really good.,Example #2ぎゅうにくに少々塩をかけなさい。ふりがなromajiEnglishぎゅうにくにしょうしょうしおをかけなさい。gyuuniku ni shoushou shio o kakenasai.Sprinkle a little salt on the beef.,https://jlptsensei.com/learn-japanese-vocabulary/%e7%89%9b%e8%82%89-%e3%81%8e%e3%82%85%e3%81%86%e3%81%ab%e3%81%8f-gyuuniku-meaning/
牛乳,(cow's) milk,<em>(No detailed table found)</em>,,,https://jlptsensei.com/learn-japanese-vocabulary/%e7%89%9b%e4%b9%b3-%e3%81%8e%e3%82%85%e3%81%86%e3%81%ab%e3%82%85%e3%81%86-gyuunyuu-meaning/
歯,tooth,<em>(No detailed table found)</em>,,,https://jlptsensei.com/learn-japanese-vocabulary/%e6%ad%af-%e3%81%af-ha-meaning/
八,Learn Japanese vocabulary: 【はち】(hachi) Meaning: eight: 8.,<em>(No detailed table found)</em>,Example #1私は八月に生まれた。ふりがなromajiEnglishわたしははちがつにうまれた。watashi wa hachi gatsu ni umareta.I was born in August. (8th month),Example #2私たちは八人の家族です。ふりがなromajiEnglishわたしたちははちにんのかぞくです。watashi tachi wa hachi nin no kazoku desu.We are a family of 8.,https://jlptsensei.com/learn-japanese-vocabulary/%e5%85%ab-hachi-meaning-eight-8/
葉書,postcard,<em>(No detailed table found)</em>,,,https://jlptsensei.com/learn-japanese-vocabulary/%e8%91%89%e6%9b%b8-hagaki-postcard/
母,Learn Japanese vocabulary: 【はは】(haha) Meaning: mother.,<em>(No detailed table found)</em>,Example #1母がカナダ人です。ふりがなromajiEnglishはははカナダじんです。haha wa kanada jin desu.My mother is Canadian.,Example #2私は母が大好きです。ふりがなromajiEnglishわたしはははがだいすきです。watashi wa haha ga daisuki desu.I really love my mom.,https://jlptsensei.com/learn-japanese-vocabulary/%e6%af%8d-haha-meaning-mother/
はい,yes; that is correct​,<em>(No detailed table found)</em>,,,https://jlptsensei.com/learn-japanese-vocabulary/%e3%81%af%e3%81%84-hai-meaning/
入る,to enter; to go into,<em>(No detailed table found)</em>,,,https://jlptsensei.com/learn-japanese-vocabulary/%e5%85%a5%e3%82%8b-hairu-to-enter/
灰皿,Learn Japanese vocabulary: 【はいざら】(haizara). Meaning: ashtray.,<em>(No detailed table found)</em>,Example #1テーブルの上にはいざらがあります。ふりがなromajiEnglishテーブルのうえにはいざらがあります。teeburu no ue ni haizara ga arimasu.There is an ash tray on the table.,Example #2このはいざらの形は面白いですね。ふりがなromajiEnglishこのはいざらのかたちはおもしろいですね。kono haizara no katachi wa omoshiroi desu ne.The shape of this ashtray is interesting.,https://jlptsensei.com/learn-japanese-vocabulary/%e7%81%b0%e7%9a%bf-%e3%81%af%e3%81%84%e3%81%96%e3%82%89-haizara-meaning/
始まる,to begin,<em>(No detailed table found)</em>,,,https://jlptsensei.com/learn-japanese-vocabulary/%e5%a7%8b%e3%81%be%e3%82%8b-%e3%81%af%e3%81%98%e3%81%be%e3%82%8b-hajimaru-meaning/
初めて,Learn Japanese vocabulary: 【はじめて】(hajimete). Meaning: for the first time.,<em>(No detailed table found)</em>,Example #1このメールははじめて見ました。ふりがなromajiEnglishこのメールははじめてみました。kono meeru wa hajimete mimashita.This is the first time I've seen this email.,Example #2私は初めてそこに行きました。ふりがなromajiEnglishわたしははじめてそこにいきました。watashi wa hajimete soko ni ikimashita.I went there for the first time.,https://jlptsensei.com/learn-japanese-vocabulary/%e5%88%9d%e3%82%81%e3%81%a6-%e3%81%af%e3%81%98%e3%82%81%e3%81%a6-hajimete-meaning/
箱,box; crate,<em>(No detailed table found)</em>,,,https://jlptsensei.com/learn-japanese-vocabulary/%e7%ae%b1-%e3%81%af%e3%81%93-hako-meaning/
履く,"to wear, to put on trousers",<em>(No detailed table found)</em>,,,https://jlptsensei.com/learn-japanese-vocabulary/%e5%b1%a5%e3%81%8f-%e3%81%af%e3%81%8f-haku-meaning/
半,half; semi-; half-past,<em>(No detailed table found)</em>,,,https://jlptsensei.com/learn-japanese-vocabulary/%e5%8d%8a-han-meaning-half-semi/
花,flower,<em>(No detailed table found)</em>,,,https://jlptsensei.com/learn-japanese-vocabulary/%e8%8a%b1-%e3%81%af%e3%81%aa-hana-meaning/
鼻,nose,<em>(No detailed table found)</em>,,,https://jlptsensei.com/learn-japanese-vocabulary/%e9%bc%bb-%e3%81%af%e3%81%aa-hana-meaning/
話,Learn Japanese vocabulary: 【はなし】(hanashi) Meaning: talk; speech; chat; conversation​.,<em>(No detailed table found)</em>,Example #1この話は続きます。ふりがなromajiEnglishこのはなしはつづきます。kono hanashi wa tsudzukimasu.This story will continue.,Example #2その話は本当ですか？ふりがなromajiEnglishそのはなしはほんとうですか？sono hanashi wa hontou desu ka?Is that story true?,https://jlptsensei.com/learn-japanese-vocabulary/%e8%a9%b1-hanashi-meaning-conversation/
話す,Learn Japanese vocabulary: 【はなす】(hanasu) Meaning: to talk; to speak; to converse; to chat to tell; to explain; to narrate; to mention; to describe; to discuss...,<em>(No detailed table found)</em>,Example #1何を話していたの？ふりがなromajiEnglishなにをはなしていたの？nani wo hanashiteita no?What were you talking about?,Example #2今話してもいいですか？ふりがなromajiEnglishいまはなしてもいいですか？ima hanashitemo ii desu ka?Can I talk to you now?,https://jlptsensei.com/learn-japanese-vocabulary/%e8%a9%b1%e3%81%99-hanasu-meaning-to-speak/
半分,half,<em>(No detailed table found)</em>,,,https://jlptsensei.com/learn-japanese-vocabulary/%e5%8d%8a%e5%88%86-hanbun-meaning-half/
ハンカチ,handkerchief​,<em>(No detailed table found)</em>,,,https://jlptsensei.com/learn-japanese-vocabulary/%e3%83%8f%e3%83%b3%e3%82%ab%e3%83%81-hankachi-meaning/
晴れ,clear weather,<em>(No detailed table found)</em>,,,https://jlptsensei.com/learn-japanese-vocabulary/%e6%99%b4%e3%82%8c-%e3%81%af%e3%82%8c-hare-meaning/
晴れる,to be sunny,<em>(No detailed table found)</em>,,,https://jlptsensei.com/learn-japanese-vocabulary/%e6%99%b4%e3%82%8c%e3%82%8b-%e3%81%af%e3%82%8c%e3%82%8b-hareru-meaning/
春,Learn Japanese vocabulary: 【はる】(haru) Meaning: spring; springtime.,<em>(No detailed table found)</em>,Example #1春には日が長くなる。ふりがなromajiEnglishはるにはひがながくなる。haru niwa hi ga nagaku naru.The days lengthen in spring.,Example #2庭の花は春にさく。ふりがなromajiEnglishにわのはなははるにさく。niwa no hana wa haru ni saku.The flowers in the garden bloom in spring.,https://jlptsensei.com/learn-japanese-vocabulary/%e6%98%a5-haru-meaning-spring/
貼る,Learn Japanese vocabulary: 【はる】(haru). Meaning: to stick; to paste.,<em>(No detailed table found)</em>,Example #1壁に彼氏の写真を貼ります。ふりがなromajiEnglishかべにかれしのしゃしんをはります。kabe ni kareshi no shashin o harimasu.Stick a photo of your boyfriend on the wall.,Example #2私の仕事は切手を貼ることです。ふりがなromajiEnglishわたしのしごとはきってをはることです。watashi no shigoto wa kitte o haru koto desu.My job is to put stamps.,https://jlptsensei.com/learn-japanese-vocabulary/%e8%b2%bc%e3%82%8b-%e3%81%af%e3%82%8b-haru-meaning/
箸,Learn Japanese vocabulary: 【はし】(hashi). Meaning: chopsticks.,<em>(No detailed table found)</em>,Example #1あなたはしょくじにはしを使いますか。ふりがなromajiEnglishあなたはしょくじにはしをつかいますか。anata wa shokuji ni hashi o tsukaimasu ka.Do you use chopsticks for meals?,Example #2私はそのはしを落してしまいました。ふりがなromajiEnglishわたしはそのはしをおとしてしまいました。watashi wa sono hashi o otoshite shimaimashita.I dropped those chopsticks.,https://jlptsensei.com/learn-japanese-vocabulary/%e7%ae%b8-%e3%81%af%e3%81%97-hashi-meaning/
橋,bridge,<em>(No detailed table found)</em>,,,https://jlptsensei.com/learn-japanese-vocabulary/%e6%a9%8b-%e3%81%af%e3%81%97-hashi-meaning/
走る,to run,<em>(No detailed table found)</em>,,,https://jlptsensei.com/learn-japanese-vocabulary/%e8%b5%b0%e3%82%8b-%e3%81%af%e3%81%97%e3%82%8b-hashiru-meaning/
二十歳,20 years old; twenty years old,<em>(No detailed table found)</em>,,,https://jlptsensei.com/learn-japanese-vocabulary/%e4%ba%8c%e5%8d%81%e6%ad%b3-hatachi-meaning-20-years-old/
働く,Learn Japanese vocabulary: 【はたらく】(hataraku). Meaning: to work.,<em>(No detailed table found)</em>,Example #1あなたはどこで働きますか？ふりがなromajiEnglishあなたはどこではたらきますか？anata wa kodo de hatarakimasu ka?Where do you work?,Example #2あなたは今日ははたらくのですか。ふりがなromajiEnglishあなたはきょうははたらくのですか。anata wa kyou wa hataraku no desuka.Will you work today?,https://jlptsensei.com/learn-japanese-vocabulary/%e5%83%8d%e3%81%8f-%e3%81%af%e3%81%9f%e3%82%89%e3%81%8f-hataraku-meaning/
二十日,twentieth day of the month / 20 days,<em>(No detailed table found)</em>,,,https://jlptsensei.com/learn-japanese-vocabulary/%e4%ba%8c%e5%8d%81%e6%97%a5-hatsuka-20th-day-of-month/
速い,fast; quick; hasty; brisk,<em>(No detailed table found)</em>,,,https://jlptsensei.com/learn-japanese-vocabulary/%e9%80%9f%e3%81%84-hayai-fast/
早い,fast; early,<em>(No detailed table found)</em>,,,https://jlptsensei.com/learn-japanese-vocabulary/%e6%97%a9%e3%81%84-hayai-fast-early/
辺,area,<em>(No detailed table found)</em>,,,https://jlptsensei.com/learn-japanese-vocabulary/%e8%be%ba-%e3%81%b8%e3%82%93-hen-meaning/
下手,Learn Japanese vocabulary: 【へた】(heta) Meaning: unskillful; poor; awkward​.,<em>(No detailed table found)</em>,Example #1日本語が下手です。ふりがなromajiEnglishにほんごがへたです。nihongo ga heta desu.I am no good at Japanese.,Example #2私は字が下手だ。ふりがなromajiEnglishわたしはじがへただ。watashi wa ji ga heta da.My handwriting is bad.,https://jlptsensei.com/learn-japanese-vocabulary/%e4%b8%8b%e6%89%8bheta-meaning-unskillful/
部屋,Learn Japanese vocabulary: 【へや】(heya). Meaning: room.,<em>(No detailed table found)</em>,Example #1多分この部屋です。ふりがなromajiEnglishたぶんこのへやです。tabun kono heya desu.It is probably this room.,Example #2私の部屋は東向きです。ふりがなromajiEnglishわたしのへやはひがしむきです。watashi no heya wa higashimuki desu.My room faces east.,https://jlptsensei.com/learn-japanese-vocabulary/%e9%83%a8%e5%b1%8b-%e3%81%b8%e3%82%84-heya-meaning/
左,left; left hand side,<em>(No detailed table found)</em>,,,https://jlptsensei.com/learn-japanese-vocabulary/%e5%b7%a6-hidari-meaning-left/
東,What is the Japanese meaning of 【ひがし】(higashi) – East.,<em>(No detailed table found)</em>,Example #1風が東に変わった。ふりがなromajiEnglishかぜがひがしにかわった。Kaze ga higashi ni kawattaThe wind has veered to the east.,Example #2その電車は東へ向かいます。ふりがなromajiEnglishそのでんしゃはひがしへむかいます。Sono densha wa higashi e mukaimasu.That train is heading east.,https://jlptsensei.com/learn-japanese-vocabulary/%e6%9d%b1-higashi-meaning-east/
飛行機,airplane; aircraft,<em>(No detailed table found)</em>,,,https://jlptsensei.com/learn-japanese-vocabulary/%e9%a3%9b%e8%a1%8c%e6%a9%9f-hikouki-meaning-airplane/
引く,to pull,<em>(No detailed table found)</em>,,,https://jlptsensei.com/learn-japanese-vocabulary/%e5%bc%95%e3%81%8f-%e3%81%b2%e3%81%8f-hiku-meaning/
弾く,to play,<em>(No detailed table found)</em>,,,https://jlptsensei.com/learn-japanese-vocabulary/%e5%bc%be%e3%81%8f-%e3%81%b2%e3%81%8f-hiku-meaning/
低い,Learn Japanese vocabulary: 【ひくい】(hikui). Meaning:,<em>(No detailed table found)</em>,Example #1私のきゅうりょうは低いです。ふりがなromajiEnglishわたしのきゅうりょうはひくいです。watashi no kyuuryou wa hikui desu.My salary is low.,Example #2私は背が低いです。ふりがなromajiEnglishわたしはせがひくいです。watashi wa se ga hikui desu.I am short.,https://jlptsensei.com/learn-japanese-vocabulary/%e4%bd%8e%e3%81%84-%e3%81%b2%e3%81%8f%e3%81%84-hikui-meaning/
暇,Learn Japanese vocabulary: 【ひま】(hima). Meaning: spare time; free time.,<em>(No detailed table found)</em>,Example #1今日は暇だ。ふりがなromajiEnglishきょうはひまだ。kyou wa hima da.I'm free today.,Example #2あなたは今日が暇ですか？ふりがなromajiEnglishあなたはきょうがひまですか？anata wa kyou ga hima desu ka?Are you free today?,https://jlptsensei.com/learn-japanese-vocabulary/%e6%9a%87-%e3%81%b2%e3%81%be-hima-meaning/
広い,Learn Japanese vocabulary: 【ひろい】(hiroi). Meaning: spacious; vast; wide.,<em>(No detailed table found)</em>,Example #1あなたの家は広いですね。ふりがなromajiEnglishあなたのいえはひろいですね。anata no ie wa hiroi desu ne.You house is spacious.,Example #2彼女は広い家に住んでいます。ふりがなromajiEnglishかのじょはひろいいえにすんでいます。kanojo wa hiroi ie ni sunde imasu.She lives in a large house.,https://jlptsensei.com/learn-japanese-vocabulary/%e5%ba%83%e3%81%84-%e3%81%b2%e3%82%8d%e3%81%84-hiroi-meaning/
昼,noon; midday; daytime; lunch,<em>(No detailed table found)</em>,,,https://jlptsensei.com/learn-japanese-vocabulary/%e6%98%bc-hiru-midday/
昼ご飯,lunch,<em>(No detailed table found)</em>,,,https://jlptsensei.com/learn-japanese-vocabulary/%e6%98%bc%e3%81%94%e9%a3%af-hirugohan-lunch/
人,person; human,<em>(No detailed table found)</em>,,,https://jlptsensei.com/learn-japanese-vocabulary/%e4%ba%ba-hito-meaning-person/
一人,Learn Japanese vocabulary: 【ひとり】(hitori) Meaning: one person​ being alone; being by oneself​ being single; being unmarried​,<em>(No detailed table found)</em>,Example #1一人で出来るよ。ふりがなromajiEnglishひとりでできるよ。hitori de dekiru yo.I can do it by myself.,Example #2私はいつも一人旅です。ふりがなromajiEnglishわたしはいつもひとりたびです。watashi wa itsumo hitori tabi desu.I always go on solo trips.,https://jlptsensei.com/learn-japanese-vocabulary/%e4%b8%80%e4%ba%ba-hitori-meaning-one-person%e2%80%8b/
一つ,one thing; only,<em>(No detailed table found)</em>,,,https://jlptsensei.com/learn-japanese-vocabulary/%e4%b8%80%e3%81%a4-hitotsu-meaning-one-thing/
ほか,"Learn Japanese vocabulary: (hoka). Meaning: other (place, thing, person); the rest.",<em>(No detailed table found)</em>,Example #1これはほかの人に聞いてみますね。ふりがなromajiEnglishこれはほかのひとにきいてみますね。kore wa hoka no hito ni kiite mimasu ne.I'll ask other people about this.,Example #2それよりほかの方法がありませんよ。ふりがなromajiEnglishそれよりほかのほうほうがありませんよ。sore yori hoka no houhou ga arimasen yo.There is no other way than that.,https://jlptsensei.com/learn-japanese-vocabulary/%e3%81%bb%e3%81%8b-hoka-meaning/
本,book; volume; script,<em>(No detailed table found)</em>,,,https://jlptsensei.com/learn-japanese-vocabulary/%e6%9c%ac-hon-meaning-book/
本棚,bookshelf; bookcase,<em>(No detailed table found)</em>,,,https://jlptsensei.com/learn-japanese-vocabulary/%e6%9c%ac%e6%a3%9a-hondana-meaning-bookshelf/
本当,truth; reality; actuality; fact,<em>(No detailed table found)</em>,,,https://jlptsensei.com/learn-japanese-vocabulary/%e6%9c%ac%e5%bd%93-hontou-meaning-truth/
欲しい,Learn Japanese vocabulary: 【ほしい】(hoshii). Meaning: wanted; wished for; in need of; desired​.,<em>(No detailed table found)</em>,Example #1私はじかんが欲しいです。ふりがなromajiEnglishわたしはじかんがほしいです。watashi wa jikan ga hoshii desu.I want time.,Example #2わたしは何か飲みものがほしい。ふりがなromajiEnglishわたしはなにかのみものがほしい。watashi wa nani ka nomimono ga hoshii.I want something to drink.,https://jlptsensei.com/learn-japanese-vocabulary/%e6%ac%b2%e3%81%97%e3%81%84-%e3%81%bb%e3%81%97%e3%81%84-hoshii-meaning/
細い,thin; slender,<em>(No detailed table found)</em>,,,https://jlptsensei.com/learn-japanese-vocabulary/%e7%b4%b0%e3%81%84-%e3%81%bb%e3%81%9d%e3%81%84-hosoi-meaning/
ホテル,hotel,<em>(No detailed table found)</em>,,,https://jlptsensei.com/learn-japanese-vocabulary/%e3%83%9b%e3%83%86%e3%83%ab-hoteru-meaning/
百,100; hundred,<em>(No detailed table found)</em>,,,https://jlptsensei.com/learn-japanese-vocabulary/%e7%99%be-hyaku-meaning-100-hundred/
一,one; best; first; foremost; start,<em>(No detailed table found)</em>,,,https://jlptsensei.com/learn-japanese-vocabulary/%e4%b8%80-ichi-meaning-one/
一番,"number one; first; 1st, first place​; best; most​",<em>(No detailed table found)</em>,,,https://jlptsensei.com/learn-japanese-vocabulary/%e4%b8%80%e7%95%aa-ichiban-meaning-number-one/
一日,"one day, all day",<em>(No detailed table found)</em>,,,https://jlptsensei.com/learn-japanese-vocabulary/%e4%b8%80%e6%97%a5-ichinichi-one-day-all-day/
家,"house, residence, family",<em>(No detailed table found)</em>,,,https://jlptsensei.com/learn-japanese-vocabulary/%e5%ae%b6-ie-house-family/
いかが,Learn Japanese vocabulary: (ikaga). Meaning: how; in what way; how about​.,<em>(No detailed table found)</em>,Example #1もう一ついかがですか？ふりがなromajiEnglishもうひとついかがですか？mou hitotsu ikaga desuka?How about having another one?,Example #2お茶はいかがですか？ふりがなromajiEnglishおちゃはいかがですか？ocha wa ikaga desuka?How about some tea?,https://jlptsensei.com/learn-japanese-vocabulary/%e3%81%84%e3%81%8b%e3%81%8c-ikaga-meaning/
池,Learn Japanese vocabulary: 【いけ】(ike). Meaning: pond.,<em>(No detailed table found)</em>,Example #1私たちはいけの周りを歩いた。ふりがなromajiEnglishわたしたちはいけのまわりをあるいた。watashi tachi wa ike no mawari o aruita.We walked around the pond.,Example #2ここの池は魚が多いですね。ふりがなromajiEnglishここのいけはさかながおおいですね。koko no ike wa sakana ga ooi desu ne.There are many fish in the pond here.,https://jlptsensei.com/learn-japanese-vocabulary/%e6%b1%a0-%e3%81%84%e3%81%91-ike-meaning/
行く,Learn Japanese vocabulary: 【いく】(iku) Meaning: to go; to move (in a direction or towards a specific location); to head (towards); to be transported (towards) いく...,<em>(No detailed table found)</em>,Example #1いつ行くの？ふりがなromajiEnglishいついくの？itsu iku no?When will you go?,Example #2どこに行くんですか？ふりがなromajiEnglishどこにいくんですか？doko ni iku n desu ka?Where are you going?,https://jlptsensei.com/learn-japanese-vocabulary/%e8%a1%8c%e3%81%8f-iku-meaning-to-go/
いくら,Learn Japanese vocabulary: (ikura). Meaning: how much?; how many?​.,<em>(No detailed table found)</em>,Example #1その車はいくらですか。ふりがなromajiEnglishそのくるまはいくらですか。sono kuruma wa ikura desuka.How much is that car?,Example #2私はいくら払うべきですか。ふりがなromajiEnglishわたしはいくらはらうべきですか。watashi wa ikura harau beki desuka.How much should I pay?,https://jlptsensei.com/learn-japanese-vocabulary/%e3%81%84%e3%81%8f%e3%82%89-ikura-meaning/
いくつ,"Learn Japanese vocabulary: (ikutsu). Meaning: how many?,how old?.",<em>(No detailed table found)</em>,Example #1あなたはおいくつですか。ふりがなromajiEnglishあなたはおいくつですか。anata wa oikutsu desuka.How old are you?,Example #2りんごはいくつ入っている？ふりがなromajiEnglishりんごはいくつはいっている？ringo wa ikutsu haitte iru?How many apples?,https://jlptsensei.com/learn-japanese-vocabulary/%e3%81%84%e3%81%8f%e3%81%a4-ikutsu-meaning/
今,now; the present time; soon,<em>(No detailed table found)</em>,,,https://jlptsensei.com/learn-japanese-vocabulary/%e4%bb%8a-ima-now/
意味,meaning; significance; sense,<em>(No detailed table found)</em>,,,https://jlptsensei.com/learn-japanese-vocabulary/%e6%84%8f%e5%91%b3-imi-meaning/
妹,younger sister,<em>(No detailed table found)</em>,,,https://jlptsensei.com/learn-japanese-vocabulary/%e5%a6%b9-%e3%81%84%e3%82%82%e3%81%86%e3%81%a8-imouto-meaning/
犬,dog,<em>(No detailed table found)</em>,,,https://jlptsensei.com/learn-japanese-vocabulary/%e7%8a%ac-%e3%81%84%e3%81%ac-inu-meaning/
入れる,Learn Japanese vocabulary: 【いれる】(ireru) Meaning: to put in; to let in; to take in; to bring in; to insert; to install.,<em>(No detailed table found)</em>,Example #1カードを入れてください。ふりがなromajiEnglishカードをいれてください。kaado wo irete kudasai.Please insert your card.,Example #2お金を先に入れるのですか。ふりがなromajiEnglishおかねをさきにいれるのですか。okane wo saki ni ireru no desu ka.Should I put in money first?,https://jlptsensei.com/learn-japanese-vocabulary/%e5%85%a5%e3%82%8c%e3%82%8b-ireru-to-put-in/
入口,entrance; entry; gate,<em>(No detailed table found)</em>,,,https://jlptsensei.com/learn-japanese-vocabulary/%e5%85%a5%e5%8f%a3-iriguchi-entrance/
色,colour; color,<em>(No detailed table found)</em>,,,https://jlptsensei.com/learn-japanese-vocabulary/%e8%89%b2-%e3%81%84%e3%82%8d-iro-meaning/
色々,Learn Japanese vocabulary: 【いろいろ】(iroiro). Meaning: various; all sorts of; variety of​.,<em>(No detailed table found)</em>,Example #1私はいろいろな所に行きました。ふりがなromajiEnglishわたしはいろいろなところにいきました。watashi wa iroiro na tokoro ni ikimashita.I went various places.,Example #2部屋にはいろいろなものがあった。ふりがなromajiEnglishへやにはいろいろなものがあった。heya ni iroiro na mono ga atta.There were various articles in the room.,https://jlptsensei.com/learn-japanese-vocabulary/%e8%89%b2%e3%80%85-%e3%81%84%e3%82%8d%e3%81%84%e3%82%8d-iroiro-meaning/
要る,Learn Japanese vocabulary: 【いる】(iru). Meaning: to be needed.,<em>(No detailed table found)</em>,Example #1どのくらいお金が要るのですか.ふりがなromajiEnglishどのくらいおかねがいるのですか？dono kurai okane ga iru no desuka?How much money do you want?,Example #2日本語を学ぶには忍耐が要る。ふりがなromajiEnglishにほんごをまなぶにはにんたいがいる。nihongo o manabu niwa nintai ga iru.Learning Japanese requires patience.,https://jlptsensei.com/learn-japanese-vocabulary/%e8%a6%81%e3%82%8b-iru-meaning/
居る,"to be, to have",<em>(No detailed table found)</em>,,,https://jlptsensei.com/learn-japanese-vocabulary/%e5%b1%85%e3%82%8b-%e3%81%84%e3%82%8b-iru-meaning/
医者,(medical) doctor; physician,<em>(No detailed table found)</em>,,,https://jlptsensei.com/learn-japanese-vocabulary/%e5%8c%bb%e8%80%85-isha-meaning-doctor/
忙しい,Learn Japanese vocabulary: 【いそがしい】(isogashii). Meaning: busy.,<em>(No detailed table found)</em>,Example #1今日は忙しいです。ふりがなromajiEnglishきょうはいそがしいです。kyou wa isogashii desu.I am busy today.,Example #2明日は忙しいですか？ふりがなromajiEnglishあしたはいそがしいですか？ashita wa isogashii desu ka?Are you busy tomorrow?,https://jlptsensei.com/learn-japanese-vocabulary/%e5%bf%99%e3%81%97%e3%81%84-%e3%81%84%e3%81%9d%e3%81%8c%e3%81%97%e3%81%84-isogashii-meaning/
一緒,Learn Japanese vocabulary: 【いっしょ】(issho) Meaning: together; at the same time; same; identical.,<em>(No detailed table found)</em>,Example #1カラオケに一緒に行こう。ふりがなromajiEnglishカラオケにいっしょにいこう。karaoke ni isshou ni ikou.Let's go to karaoke together.,Example #2あなたと一緒にいたい。ふりがなromajiEnglishあなたといっしょにいたい。anata to issho ni itai.I want to be with you.,https://jlptsensei.com/learn-japanese-vocabulary/%e4%b8%80%e7%b7%92-issho-meaning-together/
椅子,chair,<em>(No detailed table found)</em>,,,https://jlptsensei.com/learn-japanese-vocabulary/%e6%a4%85%e5%ad%90-%e3%81%84%e3%81%99-isu-meaning/
痛い,painful; sore​,<em>(No detailed table found)</em>,,,https://jlptsensei.com/learn-japanese-vocabulary/%e7%97%9b%e3%81%84-itai-meaning-painful/
いつ,Learn Japanese vocabulary: (itsu). Meaning: when; at what time; how soon​.,<em>(No detailed table found)</em>,Example #1それはいつ壊れましたか？ふりがなromajiEnglishそれはいつこわれましたか？sore wa itsu koware mashitaka?When did this break?,Example #2私たちはいつ会えますか。ふりがなromajiEnglishわたしたちはいつあえますか。watashi tachi wa itsu aemasu ka.When can we meet?,https://jlptsensei.com/learn-japanese-vocabulary/%e3%81%84%e3%81%a4-itsu-meaning/
五日,the fifth day of the month / 5 days,<em>(No detailed table found)</em>,,,https://jlptsensei.com/learn-japanese-vocabulary/%e4%ba%94%e6%97%a5-itsuka-5th-day-of-month/
五つ,five; 5,<em>(No detailed table found)</em>,,,https://jlptsensei.com/learn-japanese-vocabulary/%e4%ba%94%e3%81%a4-itsutsu-meaning-five-5/
言う,to say; to call,<em>(No detailed table found)</em>,,,https://jlptsensei.com/learn-japanese-vocabulary/%e8%a8%80%e3%81%86-%e3%81%84%e3%81%86-iu-meaning/
嫌,Learn Japanese vocabulary: 【いや】(iya). Meaning: disagreeable; detestable; unpleasant; reluctant.,<em>(No detailed table found)</em>,Example #1それを考えただけで嫌です。ふりがなromajiEnglishそれをかんがえただけでいやです。sore o kangaeta dake de iya desu.I am repulsed just by thinking about it.,Example #2彼は本当にいやな奴だった。ふりがなromajiEnglishかれはほんとうにいやなやつだった。kare wa hontou ni iya na yatsu datta.He really was a despicable man.,https://jlptsensei.com/learn-japanese-vocabulary/%e5%ab%8c-%e3%81%84%e3%82%84-iya-meaning/
じゃあ,then; well; so; well then,<em>(No detailed table found)</em>,,,https://jlptsensei.com/learn-japanese-vocabulary/%e3%81%98%e3%82%83%e3%81%82-jaa-meaning/
字引,dictionary,<em>(No detailed table found)</em>,,,https://jlptsensei.com/learn-japanese-vocabulary/%e5%ad%97%e5%bc%95-%e3%81%98%e3%81%b3%e3%81%8d-jibiki-meaning/
自分,Learn Japanese vocabulary: 【じぶん】(jibun) Meaning: myself; yourself; oneself; himself; herself; i; me.,<em>(No detailed table found)</em>,Example #1自分で自分を教育する。ふりがなromajiEnglishじぶんでじぶんをきょういくする。jibun de jibun wo kyouiku suru.To educate oneself.,Example #2これは私が自分でかいた絵です。ふりがなromajiEnglishこれはわたしがじぶんでかいたえです。kore wa watashi ga jibun de kaita e desu.This is a picture I drew myself.,https://jlptsensei.com/learn-japanese-vocabulary/%e8%87%aa%e5%88%86-jibun-meaning-oneself/
自動車,automobile; motorcar; motor vehicle; car,<em>(No detailed table found)</em>,,,https://jlptsensei.com/learn-japanese-vocabulary/%e8%87%aa%e5%8b%95%e8%bb%8a-jidousha-automobile/
時間,time; hour(s),<em>(No detailed table found)</em>,,,https://jlptsensei.com/learn-japanese-vocabulary/%e6%99%82%e9%96%93-jikan-meaning-time-hours/
辞書,Learn Japanese vocabulary: 【じしょ】(jisho) Meaning: dictionary.,<em>(No detailed table found)</em>,Example #1この辞書は高い。ふりがなromajiEnglishこのじしょはたかい。kono jisho wa takai.This dictionary is expensive.,Example #2この辞書が使いにくい。ふりがなromajiEnglishこのじしょがつかいにくい。kono jisho ga tsukainikui.This dictionary is difficult to use.,https://jlptsensei.com/learn-japanese-vocabulary/%e8%be%9e%e6%9b%b8-jisho-dictionary/
自転車,bicycle,<em>(No detailed table found)</em>,,,https://jlptsensei.com/learn-japanese-vocabulary/%e8%87%aa%e8%bb%a2%e8%bb%8a-jitensha-bicycle/
丈夫,"strong, durable",<em>(No detailed table found)</em>,,,https://jlptsensei.com/learn-japanese-vocabulary/%e4%b8%88%e5%a4%ab-%e3%81%98%e3%82%87%e3%81%86%e3%81%b6-joubu-meaning/
上手,Learn Japanese vocabulary: 【じょうず】(jouzu) Meaning: skillful; skilled; proficient; good (at).,<em>(No detailed table found)</em>,Example #1上手ですね！ふりがなromajiEnglishじょうずですね！jouzu desu ne!You're so good!,Example #2あなたは教えるのが上手です。ふりがなromajiEnglishあなたはおしえるのがじょうずです。anata wa oshieru no ga jouzu desu.You're good at teaching.,https://jlptsensei.com/learn-japanese-vocabulary/%e4%b8%8a%e6%89%8b-jouzu-meaning-skilled/
授業,Learn Japanese vocabulary: 【じゅぎょう】(jugyou). Meaning: lesson; class work; teaching; instruction.,<em>(No detailed table found)</em>,Example #1今日は授業が無い。ふりがなromajiEnglishきょうはじゅぎょうがない。kyou wa jugyou ga nai.I don't have classes today.,Example #2彼は授業で寝ません。ふりがなromajiEnglishかれはじゅぎょうでねません。kare wa jugyou de nemasen.He does not sleep in the class.,https://jlptsensei.com/learn-japanese-vocabulary/%e6%8e%88%e6%a5%ad-%e3%81%98%e3%82%85%e3%81%8e%e3%82%87%e3%81%86-jugyou-meaning/
十,ten; 10,<em>(No detailed table found)</em>,,,https://jlptsensei.com/learn-japanese-vocabulary/%e5%8d%81-juu-meaning-ten-10/
かばん,bag; basket​,<em>(No detailed table found)</em>,,,https://jlptsensei.com/learn-japanese-vocabulary/%e3%81%8b%e3%81%b0%e3%82%93-kaban-meaning/
花瓶,a vase,<em>(No detailed table found)</em>,,,https://jlptsensei.com/learn-japanese-vocabulary/%e8%8a%b1%e7%93%b6-%e3%81%8b%e3%81%b3%e3%82%93-kabin-meaning/
角,a corner; angle​,<em>(No detailed table found)</em>,,,https://jlptsensei.com/learn-japanese-vocabulary/%e8%a7%92-%e3%81%8b%e3%81%a9-kado-meaning/
帰る,Learn Japanese vocabulary: 【かえる】(kaeru). Meaning: to return; to come home; to go home; to go back​.,<em>(No detailed table found)</em>,Example #1今日はなんじにかえるの？ふりがなromajiEnglishきょうはなんじにかえるの？kyou wa nanji ni kaeru no?What time will you be home this evening?,"Example #2私はらいしゅう、家に帰るつもりです。ふりがなromajiEnglishわたしはらいしゅう、いえにかえるつもりです。watashi wa raishuu, ie ni kaeru tsumori desu.I plan to go home next week.",https://jlptsensei.com/learn-japanese-vocabulary/%e5%b8%b0%e3%82%8b-%e3%81%8b%e3%81%88%e3%82%8b-kaeru-meaning/
返す,to return something,<em>(No detailed table found)</em>,,,https://jlptsensei.com/learn-japanese-vocabulary/%e8%bf%94%e3%81%99-%e3%81%8b%e3%81%88%e3%81%99-kaesu-meaning/
鍵,key,<em>(No detailed table found)</em>,,,https://jlptsensei.com/learn-japanese-vocabulary/%e9%8d%b5-%e3%81%8b%e3%81%8e-kagi-meaning/
階段,stairs; stairway; staircase,<em>(No detailed table found)</em>,,,https://jlptsensei.com/learn-japanese-vocabulary/%e9%9a%8e%e6%ae%b5-%e3%81%8b%e3%81%84%e3%81%a0%e3%82%93-kaidan-meaning/
買い物,shopping; purchased goods,<em>(No detailed table found)</em>,,,https://jlptsensei.com/learn-japanese-vocabulary/%e8%b2%b7%e3%81%84%e7%89%a9-kaimono-shopping/
会社,Learn Japanese vocabulary: 【かいしゃ】(kaisha) Meaning: company; corporation.,<em>(No detailed table found)</em>,Example #1会社は明日まで休みです。ふりがなromajiEnglishかいしゃはあしたまでやすみです。kaisha wa ashita made yasumi desu.The company is closed until tomorrow.,Example #2あなたの会社で働きたいです。ふりがなromajiEnglishあなたのかいしゃではたらきたいです。anata no kaisha de hatarakitai desu.I want to work at your company.,https://jlptsensei.com/learn-japanese-vocabulary/%e4%bc%9a%e7%a4%be-kaisha-meaning-company/
掛かる,"Learn Japanese vocabulary: 【かかる】(kakaru). Meaning: to take (a resource, e.g. time or money).",<em>(No detailed table found)</em>,Example #1このしごとは時間がかかる。ふりがなromajiEnglishこのしごとはじかんがかかる。kono shigoto wa jikan ga kakaru.This work takes time.,Example #2どれくらい時間がかかりましたか？ふりがなromajiEnglishどれくらいじかんがかかりましたか？dore kurai jikan ga kakari mashita ka?How long did it take to complete?,https://jlptsensei.com/learn-japanese-vocabulary/%e6%8e%9b%e3%81%8b%e3%82%8b-%e3%81%8b%e3%81%8b%e3%82%8b-kakaru-meaning/
掛ける,Learn Japanese vocabulary: 【かける】(kakeru). Meaning: to hang up; to make (a call)​;.,<em>(No detailed table found)</em>,Example #1彼はメガネをかけている人です。ふりがなromajiEnglishかれはメガネをかけているひとです。kare wa megane o kakete iru hito desu.He is the one who wears glasses.,Example #2誰に電話をかけているのですか。ふりがなromajiEnglishだれにでんわをかけているのですか。dare ni denwa o kakete iru no desuka.Who are you calling?,https://jlptsensei.com/learn-japanese-vocabulary/%e6%8e%9b%e3%81%91%e3%82%8b-%e3%81%8b%e3%81%91%e3%82%8b-kakeru-meaning/
書く,to write; to compose; to pen; to draw,<em>(No detailed table found)</em>,,,https://jlptsensei.com/learn-japanese-vocabulary/%e6%9b%b8%e3%81%8f-kaku-to-write/
カメラ,camera,<em>(No detailed table found)</em>,,,https://jlptsensei.com/learn-japanese-vocabulary/%e3%82%ab%e3%83%a1%e3%83%a9-kamera-meaning/
紙,paper,<em>(No detailed table found)</em>,,,https://jlptsensei.com/learn-japanese-vocabulary/%e7%b4%99-%e3%81%8b%e3%81%bf-kami-meaning/
漢字,kanji,<em>(No detailed table found)</em>,,,https://jlptsensei.com/learn-japanese-vocabulary/%e6%bc%a2%e5%ad%97-%e3%81%8b%e3%82%93%e3%81%98-kanji-meaning/
カップ,cup,<em>(No detailed table found)</em>,,,https://jlptsensei.com/learn-japanese-vocabulary/%e3%82%ab%e3%83%83%e3%83%97-kappu-meaning/
体,Learn Japanese vocabulary: 【からだ】(karada). Meaning: body.,<em>(No detailed table found)</em>,Example #1彼女の体はとても細いです。ふりがなromajiEnglishかのじょのからだはとてもほそいです。kanojo no karada wa totemo hosoi desu.Her body is very thin.,Example #2あなたの体は私のものです。ふりがなromajiEnglishあなたのからだはわたしのものです。anata no karada wa watashi no mono desu.Your body will be mine.,https://jlptsensei.com/learn-japanese-vocabulary/%e4%bd%93-%e3%81%8b%e3%82%89%e3%81%a0-karada-meaning/
辛い,spicy,<em>(No detailed table found)</em>,,,https://jlptsensei.com/learn-japanese-vocabulary/%e8%be%9b%e3%81%84-%e3%81%8b%e3%82%89%e3%81%84-karai-meaning/
カレー,curry,<em>(No detailed table found)</em>,,,https://jlptsensei.com/learn-japanese-vocabulary/%e3%82%ab%e3%83%ac%e3%83%bc-karee-meaning/
カレンダー,Learn Japanese vocabulary: (karendaa). Meaning: calendar.,<em>(No detailed table found)</em>,Example #1このカレンダーを貰ってもいいですか？ふりがなromajiEnglishこのカレンダーをもらってもいいですか？kono karendaa o moratte mo ii desuka?Can I get this calendar?,Example #2彼女はそのカレンダーを壁にかけた。ふりがなromajiEnglishかのじょはそのカレンダーをかべにかけた。kanojo wa sono karendaa o kabe ni kaketa.She hung the calendar on the wall.,https://jlptsensei.com/learn-japanese-vocabulary/%e3%82%ab%e3%83%ac%e3%83%b3%e3%83%80%e3%83%bc-karendaa-meaning/
借りる,to borrow,<em>(No detailed table found)</em>,,,https://jlptsensei.com/learn-japanese-vocabulary/%e5%80%9f%e3%82%8a%e3%82%8b-%e3%81%8b%e3%82%8a%e3%82%8b-kariru-meaning/
軽い,light,<em>(No detailed table found)</em>,,,https://jlptsensei.com/learn-japanese-vocabulary/%e8%bb%bd%e3%81%84-%e3%81%8b%e3%82%8b%e3%81%84-karui-meaning/
傘,umbrella,<em>(No detailed table found)</em>,,,https://jlptsensei.com/learn-japanese-vocabulary/%e5%82%98-%e3%81%8b%e3%81%95-kasa-meaning/
貸す,to lend; to loan,<em>(No detailed table found)</em>,,,https://jlptsensei.com/learn-japanese-vocabulary/%e8%b2%b8%e3%81%99-%e3%81%8b%e3%81%99-kasu-meaning/
方,Learn Japanese vocabulary: 【かた】(kata). Meaning: way; method; manner.,<em>(No detailed table found)</em>,Example #1僕のやり方はこうだ。ふりがなromajiEnglishぼくのやりかたはこうだ。boku no yarikata wa kou da.I proceed in this way.,Example #2私はそのやり方を許さない。ふりがなromajiEnglishわたしはそのやりかたをゆるさない。watashi wa sono yarikata o yurusanai.I will not allow that way of doing things.,https://jlptsensei.com/learn-japanese-vocabulary/%e6%96%b9-%e3%81%8b%e3%81%9f-kata-meaning-2/
家庭,household,<em>(No detailed table found)</em>,,,https://jlptsensei.com/learn-japanese-vocabulary/%e5%ae%b6%e5%ba%ad-%e3%81%8b%e3%81%a6%e3%81%84-katei-meaning/
買う,to buy; to purchase,<em>(No detailed table found)</em>,,,https://jlptsensei.com/learn-japanese-vocabulary/%e8%b2%b7%e3%81%86-kau-to-buy/
川,river; stream​,<em>(No detailed table found)</em>,,,https://jlptsensei.com/learn-japanese-vocabulary/%e5%b7%9d-kawa-meaning-river/
可愛い,cute,<em>(No detailed table found)</em>,,,https://jlptsensei.com/learn-japanese-vocabulary/%e5%8f%af%e6%84%9b%e3%81%84-%e3%81%8b%e3%82%8f%e3%81%84%e3%81%84-kawaii-meaning/
火曜日,Tuesday,<em>(No detailed table found)</em>,,,https://jlptsensei.com/learn-japanese-vocabulary/%e7%81%ab%e6%9b%9c%e6%97%a5-kayoubi-tuesday/
風,wind,<em>(No detailed table found)</em>,,,https://jlptsensei.com/learn-japanese-vocabulary/%e9%a2%a8-%e3%81%8b%e3%81%9c-kaze-meaning/
風邪,Learn Japanese vocabulary: 【かぜ】(kaze). Meaning: common cold; cold; influenza.,<em>(No detailed table found)</em>,Example #1私は風邪を引いています。ふりがなromajiEnglishわたしはかぜをひいています。watashi wa kaze o hiite imasu.I have a cold.,Example #2彼は風邪を引きやすい。ふりがなromajiEnglishかれはかぜをひきやすい。kare wa kaze o hiki yasui.He is apt to catch cold.,https://jlptsensei.com/learn-japanese-vocabulary/%e9%a2%a8%e9%82%aa-%e3%81%8b%e3%81%9c-kaze-meaning/
家族,Learn Japanese vocabulary: 【かぞく】(kazoku) Meaning: family; members of a family.,<em>(No detailed table found)</em>,Example #1家族は何人いますか？ふりがなromajiEnglishかぞくはなんにんいますか？kazoku wa nannin imasu ka?How many people are in your family?,Example #2私にとって家族は一番大切なものだ。ふりがなromajiEnglishわたしにとってかぞくはいちばんたいせつなものだ。watashi ni totte kazoku wa ichiban taisetsu na mono da.Family is the most important thing for me.,https://jlptsensei.com/learn-japanese-vocabulary/%e5%ae%b6%e6%97%8f-kazoku-family/
警官,Learn Japanese vocabulary: 【けいかん】(keikan). Meaning: policeman; police officer.,<em>(No detailed table found)</em>,Example #1私はけいかんです。ふりがなromajiEnglishわたしはけいかんです。watashi wa keikan desu.I am a police officer.,Example #2けいかんは君に何か言いましたか。ふりがなromajiEnglishけいかんはきみになにかいいましたか。keikan wa kimi ni nani ka iimashita ka.Did a policeman say anything to you?,https://jlptsensei.com/learn-japanese-vocabulary/%e8%ad%a6%e5%ae%98-%e3%81%91%e3%81%84%e3%81%8b%e3%82%93-keikan-meaning/
結婚,marriage,<em>(No detailed table found)</em>,,,https://jlptsensei.com/learn-japanese-vocabulary/%e7%b5%90%e5%a9%9a-%e3%81%91%e3%81%a3%e3%81%93%e3%82%93-kekkon-meaning/
結構,"splendid, enough",<em>(No detailed table found)</em>,,,https://jlptsensei.com/learn-japanese-vocabulary/%e7%b5%90%e6%a7%8b-%e3%81%91%e3%81%a3%e3%81%93%e3%81%86-kekkou-meaning/
今朝,Learn Japanese vocabulary: 【けさ】(kesa) Meaning: this morning.,<em>(No detailed table found)</em>,"Example #1今朝、朝ご飯を食べませんでした。ふりがなromajiEnglishけさ、あさごはんをたべませんでした。kesa, asagohan wo tabemasen deshita.I didn't eat breakfast this morning.",Example #2今朝は寒かった。ふりがなromajiEnglishけさはさむかった。kesa wa samukatta.It was cold this morning.,https://jlptsensei.com/learn-japanese-vocabulary/%e4%bb%8a%e6%9c%9d-kesa-this-morning/
消す,"to erase, to turn off power",<em>(No detailed table found)</em>,,,https://jlptsensei.com/learn-japanese-vocabulary/%e6%b6%88%e3%81%99-%e3%81%91%e3%81%99-kesu-meaning/
木,tree; shrub; bush; wood; timber,<em>(No detailed table found)</em>,,,https://jlptsensei.com/learn-japanese-vocabulary/%e6%9c%a8-ki-meaning-tree/
消える,Learn Japanese vocabulary: 【きえる】(kieru). Meaning: to disappear.,<em>(No detailed table found)</em>,Example #1そのデータは消えるかのうせいがあります。ふりがなromajiEnglishそのデータはきえるかのうせいがあります。sono deeta wa kieru kanousei ga arimasu.There's a possibility that data may disappear.,Example #2それはどのくらいの時間で消えるか。ふりがなromajiEnglishそれはどのくらいのじかんできえるか。sore wa dono kurai no jikan de kieru ka.How long will it take for that to disappear?,https://jlptsensei.com/learn-japanese-vocabulary/%e6%b6%88%e3%81%88%e3%82%8b-%e3%81%8d%e3%81%88%e3%82%8b-kieru-meaning/
黄色い,yellow,<em>(No detailed table found)</em>,,,https://jlptsensei.com/learn-japanese-vocabulary/%e9%bb%84%e8%89%b2%e3%81%84-%e3%81%8d%e3%81%84%e3%82%8d%e3%81%84-kiiroi-meaning/
聞く,Learn Japanese vocabulary: 【きく】(kiku) Meaning: to hear to listen (to music) to ask to learn of,<em>(No detailed table found)</em>,Example #1何で聞くの？ふりがなromajiEnglishなんできくの？nande kiku no?Why do you ask?,Example #2何を聞いているのですか。ふりがなromajiEnglishなにをきいているのですか。nani wo kiiteiru no desu ka.What are you listening to?,https://jlptsensei.com/learn-japanese-vocabulary/%e8%81%9e%e3%81%8f-kiku-to-hear/
昨日,"Learn Japanese vocabulary: 【きのう】(kinou) Meaning: yesterday. The kanji for this word can also be read as さくじつ (sakujitsu), and both have the same meaning.",<em>(No detailed table found)</em>,Example #1昨日は何をしましたか？ふりがなromajiEnglishきのうはなにをしましたか？kinou wa nani wo shimashita ka?What did you do yesterday?,Example #2私は昨日病気でした。ふりがなromajiEnglishわたしはきのうびょうきでした。watashi wa kinou byouki deshita.I was sick yesterday.,https://jlptsensei.com/learn-japanese-vocabulary/%e6%98%a8%e6%97%a5-kinou-yesterday/
金曜日,Friday,<em>(No detailed table found)</em>,,,https://jlptsensei.com/learn-japanese-vocabulary/%e9%87%91%e6%9b%9c%e6%97%a5-kinyoubi-friday/
切符,ticket,<em>(No detailed table found)</em>,,,https://jlptsensei.com/learn-japanese-vocabulary/%e5%88%87%e7%ac%a6-%e3%81%8d%e3%81%a3%e3%81%b7-kippu-meaning/
嫌い,hate,<em>(No detailed table found)</em>,,,https://jlptsensei.com/learn-japanese-vocabulary/%e5%ab%8c%e3%81%84-%e3%81%8d%e3%82%89%e3%81%84-kirai-meaning/
綺麗,Learn Japanese vocabulary: 【きれい】(kirei). Meaning: pretty; lovely; beautiful.,<em>(No detailed table found)</em>,Example #1あなたのははきれいですね。ふりがなromajiEnglishあなたのははきれいですね。anata no ha wa kirei desu ne.You have beautiful teeth.,"Example #2そこには、きれいな海がありますよ。ふりがなromajiEnglishそこには、きれいなうみがありますよ。soko ni wa, kirei na umi ga arimasu yo.The ocean is beautiful there.",https://jlptsensei.com/learn-japanese-vocabulary/%e7%b6%ba%e9%ba%97-%e3%81%8d%e3%82%8c%e3%81%84-kirei-meaning/
キログラム,kilogram,<em>(No detailed table found)</em>,,,https://jlptsensei.com/learn-japanese-vocabulary/%e3%82%ad%e3%83%ad%e3%82%b0%e3%83%a9%e3%83%a0-kiro-guramu-meaning/
キロメートル,kilometer,<em>(No detailed table found)</em>,,,https://jlptsensei.com/learn-japanese-vocabulary/%e3%82%ad%e3%83%ad%e3%83%a1%e3%83%bc%e3%83%88%e3%83%ab-kiro-meetoru-meaning/
切る,Learn Japanese vocabulary: 【きる】(kiru). Meaning: to cut.,<em>(No detailed table found)</em>,Example #1私は髪を切っています。ふりがなromajiEnglishわたしはかみをきっています。watashi wa kami o kitte imasu.I'm cutting my hair.,Example #2もっと厚く切ってください。ふりがなromajiEnglishもっとあつくきってください。motto atsuku kitte kudasai.Please cut it more thickly.,https://jlptsensei.com/learn-japanese-vocabulary/%e5%88%87%e3%82%8b-%e3%81%8d%e3%82%8b-kiru-meaning/
着る,to wear,<em>(No detailed table found)</em>,,,https://jlptsensei.com/learn-japanese-vocabulary/%e7%9d%80%e3%82%8b-%e3%81%8d%e3%82%8b-kiru-meaning/
喫茶店,coffee shop; tearoom; cafe,<em>(No detailed table found)</em>,,,https://jlptsensei.com/learn-japanese-vocabulary/%e5%96%ab%e8%8c%b6%e5%ba%97-kissaten-cafe-coffee-shop/
北,north,<em>(No detailed table found)</em>,,,https://jlptsensei.com/learn-japanese-vocabulary/%e5%8c%97-kita-meaning-north/
汚い,Learn Japanese vocabulary: 【きたない】(kitanai). Meaning: dirty; filthy; foul; unclean​ disordered; messy; untidy,<em>(No detailed table found)</em>,Example #1彼の部屋はいつも汚いです。ふりがなromajiEnglishかれのへやはいつもきたいです。kare no heya wa itsumo kitanai desu.His room is always dirty.,Example #2汚い手で私の本を触らないで。ふりがなromajiEnglishきたないてでわたしのほんをさわらないで。kitanai te de watashi no hon o sawaranai de.Don't handle my books with dirty hands.,https://jlptsensei.com/learn-japanese-vocabulary/%e6%b1%9a%e3%81%84-%e3%81%8d%e3%81%9f%e3%81%aa%e3%81%84-kitanai-meaning/
切手,stamp (postage),<em>(No detailed table found)</em>,,,https://jlptsensei.com/learn-japanese-vocabulary/%e5%88%87%e6%89%8b-kitte-meaning-stamp/
こっち,this person or way,<em>(No detailed table found)</em>,,,https://jlptsensei.com/learn-japanese-vocabulary/%e3%81%93%e3%81%a3%e3%81%a1-kocchi-meaning/
こちら,this way; this direction​,<em>(No detailed table found)</em>,,,https://jlptsensei.com/learn-japanese-vocabulary/%e3%81%93%e3%81%a1%e3%82%89-kochira-meaning/
子供,"Learn Japanese vocabulary: 【こども】(kodomo) Meaning: child. This is often written as 子ども, not using the 2nd kanji character.",<em>(No detailed table found)</em>,Example #1子どもたちは元気？ふりがなromajiEnglishこどもたちはげんき？kodomo tachi wa genki?How are your kids?,Example #2子供は何人欲しいですか？ふりがなromajiEnglishこどもはなんにんほしいですか？kodomo wa nannin hoshii desu ka?How many kids do you want?,https://jlptsensei.com/learn-japanese-vocabulary/%e5%ad%90%e4%be%9b-kodomo-meaning-child/
声,voice,<em>(No detailed table found)</em>,,,https://jlptsensei.com/learn-japanese-vocabulary/%e5%a3%b0-%e3%81%93%e3%81%88-koe-meaning/
ここ,"Learn Japanese vocabulary: (koko). Meaning: here (place physically close to the speaker, place pointed by the speaker while explaining); this place.",<em>(No detailed table found)</em>,Example #1僕はいつでもここにいるよ。ふりがなromajiEnglishぼくはいつでもここにいるよ。boku wa itsu demo koko ni iru yo.I'm always here.,Example #2またここに来てくださいね。ふりがなromajiEnglishまたここにきてくださいね。mata koko ni kite kudasai ne.Please come here again.,https://jlptsensei.com/learn-japanese-vocabulary/%e3%81%93%e3%81%93-koko-meaning/
九日,ninth day of the month / 9 days,<em>(No detailed table found)</em>,,,https://jlptsensei.com/learn-japanese-vocabulary/%e4%b9%9d%e6%97%a5-kokonoka-9th-day-of-month/
九つ,Learn Japanese vocabulary: 【ここのつ】(kokonotsu) Meaning: nine; 9. Also written as 9つ,<em>(No detailed table found)</em>,Example #1年は九つです。ふりがなromajiEnglishとしはここのつです。toshi wa kokonotsu desu.I am 9 years old.,Example #2全部で九つがあります。ふりがなromajiEnglishぜんぶでここのつがあります。zenbu de kokonotsu ga arimasu.There are nine in total.,https://jlptsensei.com/learn-japanese-vocabulary/%e4%b9%9d%e3%81%a4-kokonotsu-meaning-nine-9/
困る,Learn Japanese vocabulary: 【こまる】(komaru). Meaning: to be worried; to be troubled; to have difficulty.,<em>(No detailed table found)</em>,Example #1彼が来なかったらこまるね。ふりがなromajiEnglishかれがこなかったらこまるね。kare ga konakattara komaru ne.I'm in trouble if he doesn't come.,Example #2彼女はこまっている人を助けた。ふりがなromajiEnglishかのじょはこまっているひとをたすけた。kanojo wa komatte iru hito o tasuketa.She helped people in trouble.,https://jlptsensei.com/learn-japanese-vocabulary/%e5%9b%b0%e3%82%8b-%e3%81%93%e3%81%be%e3%82%8b-komaru-meaning/
今晩,Learn Japanese vocabulary: 【こんばん】(konban) Meaning: tonight; this evening.,<em>(No detailed table found)</em>,Example #1今晩何をしますか？ふりがなromajiEnglishこんばんなにをしますか？konban nani wo shimasu ka?What are you doing tonight?,Example #2今晩家にいますか？ふりがなromajiEnglishこんばんいえにいますか？konban ie ni imasu ka?Will you be at home this evening?,https://jlptsensei.com/learn-japanese-vocabulary/%e4%bb%8a%e6%99%a9-konban-tonight-this-evening/
今月,this month,<em>(No detailed table found)</em>,,,https://jlptsensei.com/learn-japanese-vocabulary/%e4%bb%8a%e6%9c%88-kongetsu-this-month/
こんな,"Learn Japanese vocabulary: (konna). Meaning: such (about something or someone close to the speaker (including the speaker), or about ideas expressed by the speaker); like...",<em>(No detailed table found)</em>,Example #1こんな自分がだいきらいだ。ふりがなromajiEnglishこんなじぶんがだいきらいだ。konna jibun ga daikirai da.I hate myself like this.,Example #2誰がこんな悪いことをしたの？ふりがなromajiEnglishだれがこんなわるいことをしたの？dare ga konna warui koto o shita no?Who did such a bad thing?,https://jlptsensei.com/learn-japanese-vocabulary/%e3%81%93%e3%82%93%e3%81%aa-konna-meaning/
この,this​,<em>(No detailed table found)</em>,,,https://jlptsensei.com/learn-japanese-vocabulary/%e3%81%93%e3%81%ae-kono-meaning/
今週,this week,<em>(No detailed table found)</em>,,,https://jlptsensei.com/learn-japanese-vocabulary/%e4%bb%8a%e9%80%b1-konshuu-this-week/
コーヒー,Learn Japanese vocabulary: (koohii). Meaning: Coffee.,<em>(No detailed table found)</em>,Example #1僕はコーヒーがきらいです。ふりがなromajiEnglishぼくはコーヒーがきらいです。boku wa koohii ga kirai desu.I don't like coffee.,Example #2コーヒーを飲みますか。ふりがなromajiEnglishコーヒーをのみますか。koohii o nomimasu ka.Will you have some coffee?,https://jlptsensei.com/learn-japanese-vocabulary/%e3%82%b3%e3%83%bc%e3%83%92%e3%83%bc-koohii-meaning/
コート,Learn Japanese vocabulary: (kooto). Meaning: coat.,<em>(No detailed table found)</em>,Example #1このコートにはポケットがない。ふりがなromajiEnglishこのコートにはポケットがない。kono kooto ni wa poketto ga nai.This coat hasn't pockets.,Example #2そのコートは僕のではない。ふりがなromajiEnglishそのコートはぼくのではない。sono kooto wa boku no de wa nai.The coat is not mine.,https://jlptsensei.com/learn-japanese-vocabulary/%e3%82%b3%e3%83%bc%e3%83%88-kooto-meaning/
コピー,copy; photocopy,<em>(No detailed table found)</em>,,,https://jlptsensei.com/learn-japanese-vocabulary/%e3%82%b3%e3%83%94%e3%83%bc-kopii-meaning/
コップ,glass (drinking vessel); tumbler​,<em>(No detailed table found)</em>,,,https://jlptsensei.com/learn-japanese-vocabulary/%e3%82%b3%e3%83%83%e3%83%97-koppu-meaning/
これ,this,<em>(No detailed table found)</em>,,,https://jlptsensei.com/learn-japanese-vocabulary/%e3%81%93%e3%82%8c-kore-meaning/
答える,to answer,<em>(No detailed table found)</em>,,,https://jlptsensei.com/learn-japanese-vocabulary/%e7%ad%94%e3%81%88%e3%82%8b-%e3%81%93%e3%81%9f%e3%81%88%e3%82%8b-kotaeru-meaning/
言葉,Learn Japanese vocabulary: 【ことば】(kotoba). Meaning: word; words.,<em>(No detailed table found)</em>,"Example #1緊張すぎて、言葉が出てこなかった。ふりがなromajiEnglishきんちょうすぎて、ことばがでてこなかった。kinchou sugite, kotoba ga detekona katta.I was so nervous that no words came out.",Example #2この言葉の意味は何ですか？ふりがなromajiEnglishこのことばのいみはなんですか？kono kotoba no imi wa nan desuka?What does this word mean?,https://jlptsensei.com/learn-japanese-vocabulary/%e8%a8%80%e8%91%89-%e3%81%93%e3%81%a8%e3%81%b0-kotoba-meaning/
今年,this year,<em>(No detailed table found)</em>,,,https://jlptsensei.com/learn-japanese-vocabulary/%e4%bb%8a%e5%b9%b4-kotoshi-this-year/
交番,Learn Japanese vocabulary: 【こうばん】(kouban). Meaning: police box; small neighborhood police station.,<em>(No detailed table found)</em>,Example #1私はこうばんで働きたいです。ふりがなromajiEnglishわたしはこうばんではたらきたいです。watashi wa kouban de hatarakitai desu.I want to work in a police box.,Example #2交番はどこにあるかわかりますか。ふりがなromajiEnglishこうばんはどこにあるかわかりますか。kouban wa doko ni aru ka wakarimasu ka.Do you know where the police station is?,https://jlptsensei.com/learn-japanese-vocabulary/%e4%ba%a4%e7%95%aa-%e3%81%93%e3%81%86%e3%81%b0%e3%82%93-kouban-meaning/
紅茶,black tea,<em>(No detailed table found)</em>,,,https://jlptsensei.com/learn-japanese-vocabulary/%e7%b4%85%e8%8c%b6-%e3%81%93%e3%81%86%e3%81%a1%e3%82%83-koucha-meaning/
公園,Learn Japanese vocabulary: 【こうえん】(kouen). Meaning: park.,<em>(No detailed table found)</em>,Example #1この街にはこうえんが５つあります。ふりがなromajiEnglishこのまちにはこうえんが５つあります。kono machi ni wa kouen ga itsutsu arimasu.There are five parks in this city.,Example #2彼らは今こうえんで走っています。ふりがなromajiEnglishかれらはいまこうえんではしっています。karera wa ima kouen de hashitte imasu.They are running in the park now.,https://jlptsensei.com/learn-japanese-vocabulary/%e5%85%ac%e5%9c%92-%e3%81%93%e3%81%86%e3%81%88%e3%82%93-kouen-meaning/
交差点,Learn Japanese vocabulary: 【こうさてん】(kousaten). Meaning: intersection.,<em>(No detailed table found)</em>,Example #1このこうさてんはいつも車が多いです。ふりがなromajiEnglishこのこうさてんはいつもくるまがおおいです。kono kousaten wa itsumo kuruma ga ooi desu.There are always many cars at this intersection.,Example #2あのこうさてんで待ちますね。ふりがなromajiEnglishあのこうさてんでまちますね。ano kousaten de machimasu ne.I'll wait at that intersection.,https://jlptsensei.com/learn-japanese-vocabulary/%e4%ba%a4%e5%b7%ae%e7%82%b9-%e3%81%93%e3%81%86%e3%81%95%e3%81%a6%e3%82%93-kousaten-meaning/
口,"mouth, opening",<em>(No detailed table found)</em>,,,https://jlptsensei.com/learn-japanese-vocabulary/%e5%8f%a3-kuchi-mouth/
果物,fruit,<em>(No detailed table found)</em>,,,https://jlptsensei.com/learn-japanese-vocabulary/%e6%9e%9c%e7%89%a9-kudamono-meaning-fruit/
下さい,please,<em>(No detailed table found)</em>,,,https://jlptsensei.com/learn-japanese-vocabulary/%e4%b8%8b%e3%81%95%e3%81%84-%e3%81%8f%e3%81%a0%e3%81%95%e3%81%84-kudasai-meaning/
曇り,cloudiness; cloudy weather,<em>(No detailed table found)</em>,,,https://jlptsensei.com/learn-japanese-vocabulary/%e6%9b%87%e3%82%8a-%e3%81%8f%e3%82%82%e3%82%8a-kumori-meaning/
曇る,"Learn Japanese vocabulary: 【くもる】(kumoru). Meaning: to become cloudy, to become dim.",<em>(No detailed table found)</em>,Example #1今日は曇っている。ふりがなromajiEnglishきょうはくもっている。kyou wa kumotte iru.It is cloudy today.,Example #2今日は曇っていて少し涼しい。ふりがなromajiEnglishきょうはくもっていてすこしすずしい。kyou wa kumotte ite sugoku suzushiii.Today is cloudy and a little cool.,https://jlptsensei.com/learn-japanese-vocabulary/%e6%9b%87%e3%82%8b-%e3%81%8f%e3%82%82%e3%82%8a-kumoru-meaning/
国,Learn Japanese vocabulary: 【くに】(kuni) Meaning: country; state; region.,<em>(No detailed table found)</em>,Example #1どこの国ですか？ふりがなromajiEnglishどこのくにですか？doko no kuni desuka?Which country?,Example #2この国は雨があまりふらない。ふりがなromajiEnglishこのくにはあめがあまりふらない。kono kuni wa ame ga amari furanai.It doesn't rain much in this country.,https://jlptsensei.com/learn-japanese-vocabulary/%e5%9b%bd-kuni-country/
暗い,dark; gloomy; murky,<em>(No detailed table found)</em>,,,https://jlptsensei.com/learn-japanese-vocabulary/%e6%9a%97%e3%81%84-%e3%81%8f%e3%82%89%e3%81%84-kurai-meaning/
クラス,class,<em>(No detailed table found)</em>,,,https://jlptsensei.com/learn-japanese-vocabulary/%e3%82%af%e3%83%a9%e3%82%b9-kurasu-meaning/
黒,black,<em>(No detailed table found)</em>,,,https://jlptsensei.com/learn-japanese-vocabulary/%e9%bb%92-%e3%81%8f%e3%82%8d-kuro-meaning/
黒い,black,<em>(No detailed table found)</em>,,,https://jlptsensei.com/learn-japanese-vocabulary/%e9%bb%92%e3%81%84-%e3%81%8f%e3%82%8d%e3%81%84-kuroi-meaning/
来る,to come,<em>(No detailed table found)</em>,,,https://jlptsensei.com/learn-japanese-vocabulary/%e6%9d%a5%e3%82%8b-kuru-to-come/
車,car; automobile; vehicle,<em>(No detailed table found)</em>,,,https://jlptsensei.com/learn-japanese-vocabulary/%e8%bb%8a-kuruma-car/
薬,medicine,<em>(No detailed table found)</em>,,,https://jlptsensei.com/learn-japanese-vocabulary/%e8%96%ac-%e3%81%8f%e3%81%99%e3%82%8a-kusuri-meaning/
靴,Learn Japanese vocabulary: 【くつ】(kutsu). Meaning: shoes.,<em>(No detailed table found)</em>,Example #1私はくつも欲しいです。ふりがなromajiEnglishわたしはくつもほしいです。watashi wa kutsu mo hoshii desu.I want shoes.,Example #2ここでくつを脱いでください。ふりがなromajiEnglishここでくつをぬいでください。koko de kutsu o nuide kudasai.Please take off your shoes here.,https://jlptsensei.com/learn-japanese-vocabulary/%e9%9d%b4-%e3%81%8f%e3%81%a4-kutsu-meaning/
靴下,socks,<em>(No detailed table found)</em>,,,https://jlptsensei.com/learn-japanese-vocabulary/%e9%9d%b4%e4%b8%8b-kutsushita-meaning-socks/
去年,last year,<em>(No detailed table found)</em>,,,https://jlptsensei.com/learn-japanese-vocabulary/%e5%8e%bb%e5%b9%b4-kyonen-meaning-last-year/
今日,today; this day,<em>(No detailed table found)</em>,,,https://jlptsensei.com/learn-japanese-vocabulary/%e4%bb%8a%e6%97%a5-kyou-today/
兄弟,siblings; brothers and sisters​; mate,<em>(No detailed table found)</em>,,,https://jlptsensei.com/learn-japanese-vocabulary/%e5%85%84%e5%bc%9f-kyoudai-meaning-siblings%e2%80%8b/
教室,classroom,<em>(No detailed table found)</em>,,,https://jlptsensei.com/learn-japanese-vocabulary/%e6%95%99%e5%ae%a4-kyoushitsu-meaning/
九,nine; 9,<em>(No detailed table found)</em>,,,https://jlptsensei.com/learn-japanese-vocabulary/%e4%b9%9d-kyuu-meaning-nine-9/
マッチ,match,<em>(No detailed table found)</em>,,,https://jlptsensei.com/learn-japanese-vocabulary/%e3%83%9e%e3%83%83%e3%83%81-macchi-meaning/
町,town; block; neighborhood,<em>(No detailed table found)</em>,,,https://jlptsensei.com/learn-japanese-vocabulary/%e7%94%ba-machi-meaning-town/
窓,window,<em>(No detailed table found)</em>,,,https://jlptsensei.com/learn-japanese-vocabulary/%e7%aa%93-mado-window/
前,previous; before; in front; ago,<em>(No detailed table found)</em>,,,https://jlptsensei.com/learn-japanese-vocabulary/%e5%89%8d-mae-ago-before/
曲がる,"Learn Japanese vocabulary: 【まがる】(magaru). Meaning: to turn,to bend.",<em>(No detailed table found)</em>,Example #1彼はその角をまがった。ふりがなromajiEnglishかれはそのかどをまがった。kare wa sono kdo o magatta.He turned the corner.,Example #2その車はきゅうに曲がった。ふりがなromajiEnglishそのくるまはきゅうにまがった。sono kuruma wa kyuu ni magatta.The car turned abruptly.,https://jlptsensei.com/learn-japanese-vocabulary/%e6%9b%b2%e3%81%8c%e3%82%8b-%e3%81%be%e3%81%8c%e3%82%8b-magaru-meaning/
毎朝,every morning,<em>(No detailed table found)</em>,,,https://jlptsensei.com/learn-japanese-vocabulary/%e6%af%8e%e6%9c%9d-maiasa-every-morning/
毎晩,Learn Japanese vocabulary: 【まいばん】(maiban) Meaning: every night.,<em>(No detailed table found)</em>,Example #1私は毎晩テレビを見る。ふりがなromajiEnglishわたしはまいばんテレビをみる。watashi wa maiban terebi wo miru.I watch TV every night.,Example #2彼は毎晩マンガを読んでいます。ふりがなromajiEnglishかれはまいばんマンガをよんでいます。kare wa maiban manga wo yondeimasu.He reads manga every night.,https://jlptsensei.com/learn-japanese-vocabulary/%e6%af%8e%e6%99%a9-maiban-every-night/
毎日,Learn Japanese vocabulary: 【まいにち】(mainichi) Meaning: every day.,<em>(No detailed table found)</em>,Example #1毎日、日本語を勉強します。ふりがなromajiEnglishまいにち、にほんごをべんきょうします。mainichi nihongo wo benkyou shimasu.I study Japanese everyday.,Example #2毎日朝6時に起きる。ふりがなromajiEnglishまいにちあさろくじにおきる。mainichi asa rokuji ni okiru.I get up at 6 am every day.,https://jlptsensei.com/learn-japanese-vocabulary/%e6%af%8e%e6%97%a5-mainichi-every-day/
毎週,Learn Japanese vocabulary: 【まいしゅう】(maishuu) Meaning: every week.,<em>(No detailed table found)</em>,Example #1毎週新しいかんじを学びます。ふりがなromajiEnglishまいしゅうあたらしいかんじをまなびます。maishuu atarashii kanji wo manabimasu.I learn new kanji every week.,Example #2毎週ランニングをします。ふりがなromajiEnglishまいしゅうランニングをします。maishuu ranningu wo shimasu.I go running every week.,https://jlptsensei.com/learn-japanese-vocabulary/%e6%af%8e%e9%80%b1-maishuu-every-week/
毎年,every year; yearly; annually,<em>(No detailed table found)</em>,,,https://jlptsensei.com/learn-japanese-vocabulary/%e6%af%8e%e5%b9%b4-maitoshi-every-year/
毎月,every month; monthly,<em>(No detailed table found)</em>,,,https://jlptsensei.com/learn-japanese-vocabulary/%e6%af%8e%e6%9c%88-maitsuki-every-month/
万,"10,000; ten thousand",<em>(No detailed table found)</em>,,,https://jlptsensei.com/learn-japanese-vocabulary/%e4%b8%87-man-meaning-ten-thousand/
万年筆,fountain pen,<em>(No detailed table found)</em>,,,https://jlptsensei.com/learn-japanese-vocabulary/%e4%b8%87%e5%b9%b4%e7%ad%86-mannenhitsu-meaning-fountain-pen/
丸い,"Learn Japanese vocabulary: 【まるい】(marui). Meaning: round,circular.",<em>(No detailed table found)</em>,Example #1それはまるい形をしています。ふりがなromajiEnglishそれはまるいかたちをしています。sore wa marui katachi o shite imasu.That has a round shape.,Example #2本当にちきゅうは丸いですか？ふりがなromajiEnglishほんとうにちきゅうはまるいですか？hontou ni chikyuu wa marui desuka?Is the Earth really round?,https://jlptsensei.com/learn-japanese-vocabulary/%e4%b8%b8%e3%81%84-%e3%81%be%e3%82%8b%e3%81%84-marui-meaning/
真っ直ぐ,"Learn Japanese vocabulary: 【まっすぐ】(massugu). Meaning: straight ahead,direct.",<em>(No detailed table found)</em>,Example #1彼女はハムをまっすぐに切った。ふりがなromajiEnglishかのじょはハムをまっすぐにきった。kanojo wa hamu o massugu ni kitta.She cut the ham straight.,Example #2彼はとても優しくてまっすぐな人です。ふりがなromajiEnglishかれはとてもやさしくてまっすぐなひとです。kare wa totemo yasashikute massugu na hito desu.He is a very nice and straightforward person.,https://jlptsensei.com/learn-japanese-vocabulary/%e7%9c%9f%e3%81%a3%e7%9b%b4%e3%81%90-%e3%81%be%e3%81%a3%e3%81%99%e3%81%90-massugu-meaning/
待つ,to wait​,<em>(No detailed table found)</em>,,,https://jlptsensei.com/learn-japanese-vocabulary/%e5%be%85%e3%81%a4-matsu-to-wait%e2%80%8b/
不味い,unpleasant,<em>(No detailed table found)</em>,,,https://jlptsensei.com/learn-japanese-vocabulary/%e4%b8%8d%e5%91%b3%e3%81%84-%e3%81%be%e3%81%9a%e3%81%84-mazui-meaning/
目,eye,<em>(No detailed table found)</em>,,,https://jlptsensei.com/learn-japanese-vocabulary/%e7%9b%ae-%e3%82%81-me-meaning/
メートル,metre; meter,<em>(No detailed table found)</em>,,,https://jlptsensei.com/learn-japanese-vocabulary/%e3%83%a1%e3%83%bc%e3%83%88%e3%83%ab-meetoru-meaning/
眼鏡,glasses,<em>(No detailed table found)</em>,,,https://jlptsensei.com/learn-japanese-vocabulary/%e7%9c%bc%e9%8f%a1-%e3%82%81%e3%81%8c%e3%81%ad-megane-meaning/
道,road; street,<em>(No detailed table found)</em>,,,https://jlptsensei.com/learn-japanese-vocabulary/%e9%81%93-%e3%81%bf%e3%81%a1-michi-meaning/
緑,green,<em>(No detailed table found)</em>,,,https://jlptsensei.com/learn-japanese-vocabulary/%e7%b7%91-%e3%81%bf%e3%81%a9%e3%82%8a-midori-meaning/
磨く,to polish; to shine; to brush (e.g. teeth),<em>(No detailed table found)</em>,,,https://jlptsensei.com/learn-japanese-vocabulary/%e7%a3%a8%e3%81%8f-%e3%81%bf%e3%81%8c%e3%81%8f-migaku-meaning/
右,right; right hand side,<em>(No detailed table found)</em>,,,https://jlptsensei.com/learn-japanese-vocabulary/%e5%8f%b3-migi-meaning-right/
短い,Learn Japanese vocabulary: 【みじかい】(mijikai). Meaning: short.,<em>(No detailed table found)</em>,Example #1彼女のかみは短いです。ふりがなromajiEnglishかのじょのかみはみじかいです。kanojo no kami wa mijikai desu.She has short hair.,Example #2この髪の短い人は誰ですか？ふりがなromajiEnglishこのかみのみじかいひとはだれですか？kono kami no mijikai hito wa dare desuka?Who is this person with short hair?,https://jlptsensei.com/learn-japanese-vocabulary/%e7%9f%ad%e3%81%84-%e3%81%bf%e3%81%98%e3%81%8b%e3%81%84-mijikai-meaning/
三日,the third day of the month / 3 days,<em>(No detailed table found)</em>,,,https://jlptsensei.com/learn-japanese-vocabulary/%e4%b8%89%e6%97%a5-mikka-3rd-day-of-month/
耳,Learn Japanese vocabulary: 【みみ】(mimi). Meaning: ear; hearing.,<em>(No detailed table found)</em>,Example #1私は耳が長いです。ふりがなromajiEnglishわたしはみみがながいです。watashi wa mimi ga nagai desu.I have long ears.,Example #2彼は耳がよく聞こえない。ふりがなromajiEnglishかれはみみがよくきこえない。kare wa mimi ga yoku kikoenai.He's dull of hearing.,https://jlptsensei.com/learn-japanese-vocabulary/%e8%80%b3-%e3%81%bf%e3%81%bf-mimi-meaning/
南,south,<em>(No detailed table found)</em>,,,https://jlptsensei.com/learn-japanese-vocabulary/%e5%8d%97-minami-meaning-south/
皆さん,everyone,<em>(No detailed table found)</em>,,,https://jlptsensei.com/learn-japanese-vocabulary/%e7%9a%86%e3%81%95%e3%82%93-%e3%81%bf%e3%81%aa%e3%81%95%e3%82%93-minasan-meaning/
みんな,all; everyone; everybody,<em>(No detailed table found)</em>,,,https://jlptsensei.com/learn-japanese-vocabulary/%e3%81%bf%e3%82%93%e3%81%aa-minna-meaning/
見る,"Learn Japanese vocabulary: (miru) – Meaning: to see; to look; to watch; to view; to observe. For things like watching a movie, usually the more...",<em>(No detailed table found)</em>,Example #1これを見て！ふりがなromajiEnglishこれをみて！kore wo mite!Look at this!,Example #2これを見ない方がいい。ふりがなromajiEnglishこれをみないほうがいい。kore wo minai hou ga ii.You had best not look at this.,https://jlptsensei.com/learn-japanese-vocabulary/%e8%a6%8b%e3%82%8b-miru-to-see-watch/
店,Learn Japanese vocabulary: 【みせ】(mise) Meaning: store; shop; establishment; restaurant.,<em>(No detailed table found)</em>,Example #1いつか自分の店を作りたい。ふりがなromajiEnglishいつかじぶんのみせをつくりたい。itsuka jibun no mise wo tsukuritai.I would like to make my own shop one day.,Example #2私がこの店の店長です。ふりがなromajiEnglishわたしがこのみせのてんちょうです。watashi ga kono mise no tenchou desu.I am the manager of this shop.,https://jlptsensei.com/learn-japanese-vocabulary/%e5%ba%97-mise-store/
見せる,to show; to display,<em>(No detailed table found)</em>,,,https://jlptsensei.com/learn-japanese-vocabulary/%e8%a6%8b%e3%81%9b%e3%82%8b-miseru-to-show/
三つ,three; 3,<em>(No detailed table found)</em>,,,https://jlptsensei.com/learn-japanese-vocabulary/%e4%b8%89%e3%81%a4-mitsu-meaning-three-3/
水,water; fluid; liquid​,<em>(No detailed table found)</em>,,,https://jlptsensei.com/learn-japanese-vocabulary/%e6%b0%b4-mizu-meaning-water/
木曜日,Learn Japanese vocabulary: (mokuyoubi) – Meaning: Thursday.,<em>(No detailed table found)</em>,Example #1木曜日にバイトがある。ふりがなromajiEnglishもくようびにバイトがある。mokuyoubi ni baito ga aru.I have my part time job on Thursday.,Example #2木曜日の夜に日本語のクラスに行きます。ふりがなromajiEnglishもくようびのよるににほんごのクラスにいきます。mokuyoubi no yoru ni nihongo no kurasu ni ikimasu.I go to a Japanese class on Thursday nights.,https://jlptsensei.com/learn-japanese-vocabulary/%e6%9c%a8%e6%9b%9c%e6%97%a5-mokuyoubi-thursday/
門,gate,<em>(No detailed table found)</em>,,,https://jlptsensei.com/learn-japanese-vocabulary/%e9%96%80-%e3%82%82%e3%82%93-mon-meaning/
問題,Learn Japanese vocabulary: 【もんだい】(mondai). Meaning: problem; question (e.g. on a test).,<em>(No detailed table found)</em>,Example #1それに何か問題がありますか？ふりがなromajiEnglishそれになにかもんだいがありますか？sore ni nanika mondai ga arimasu ka?Is that a problem?,Example #2この問題は私の手には負えません。ふりがなromajiEnglishこのもんだいはわたしのてにはおえません。kono mondai wa watashi no teniwa oemasen.I can't deal with this problem.,https://jlptsensei.com/learn-japanese-vocabulary/%e5%95%8f%e9%a1%8c-mondai-meaning-problem/
物,thing,<em>(No detailed table found)</em>,,,https://jlptsensei.com/learn-japanese-vocabulary/%e7%89%a9-%e3%82%82%e3%81%ae-mono-meaning/
持つ,Learn Japanese vocabulary: 【もつ】(motsu). Meaning: to hold (in one’s hand); to take; to carry​ to possess; to have; to own​ to maintain; to keep,<em>(No detailed table found)</em>,Example #1コートを持ちましょうか。ふりがなromajiEnglishコートをもちましょうか。kooto o mochi mashou ka.Shall I carry your coat?,Example #2車を持っていますか。ふりがなromajiEnglishくるまをもっていますか。kuruma o motte imasu ka.Do you have a car?,https://jlptsensei.com/learn-japanese-vocabulary/%e6%8c%81%e3%81%a4-%e3%82%82%e3%81%a4-motsu-meaning/
もっと,Learn Japanese vocabulary: (motto). Meaning: more; longer; further.,<em>(No detailed table found)</em>,Example #1私はもっとべんきょうしたい。ふりがなromajiEnglishわたしはもっとべんきょうしたい。watashi wa motto benkyou shitai.I want to study more.,Example #2もっとじかんが欲しいです。ふりがなromajiEnglishもっとじかんがほしいです。motto jikan ga hoshii desu.I need more time.,https://jlptsensei.com/learn-japanese-vocabulary/%e3%82%82%e3%81%a3%e3%81%a8-motto-meaning/
もう一度,Learn Japanese vocabulary: 【もういちど】(mouichido) Meaning: once more; again.,<em>(No detailed table found)</em>,Example #1もう一度やってごらん。ふりがなromajiEnglishもういちどやってごらん。mou ichido yatte goran.Try it one more time.,Example #2私はそれをもう一度試してみます。ふりがなromajiEnglishわたしはそれをもういちどためしてみます。watashi wa sore wo mou ichido tameshite mimasu.I will try it once again.,https://jlptsensei.com/learn-japanese-vocabulary/%e3%82%82%e3%81%86%e4%b8%80%e5%ba%a6-mouichido-meaning-once-more/
六日,sixth day of the month / 6 days,<em>(No detailed table found)</em>,,,https://jlptsensei.com/learn-japanese-vocabulary/%e5%85%ad%e6%97%a5-muika-6th-day-of-month/
向こう,Learn Japanese vocabulary: 【むこう】(mukou). Meaning: over there.,<em>(No detailed table found)</em>,Example #1その男の子は向こうにいます。ふりがなromajiEnglishそのおとこのこはむこうにいます。sono otoko no ko wa mukou ni imasu.The boy is over there.,Example #2彼は向こうに大きいものを見つけました。ふりがなromajiEnglishかれはむこうにおおきいものをみつけました。kare wa mukou ni ookii mono o mitsuke mashita.He discovered a big thing over there.,https://jlptsensei.com/learn-japanese-vocabulary/%e5%90%91%e3%81%93%e3%81%86-%e3%82%80%e3%81%93%e3%81%86-mukou-meaning/
村,village,<em>(No detailed table found)</em>,,,https://jlptsensei.com/learn-japanese-vocabulary/%e6%9d%91-%e3%82%80%e3%82%89-mura-meaning/
六つ,six; 6,<em>(No detailed table found)</em>,,,https://jlptsensei.com/learn-japanese-vocabulary/%e5%85%ad%e3%81%a4-muttsu-meaning-six-6/
難しい,difficult,<em>(No detailed table found)</em>,,,https://jlptsensei.com/learn-japanese-vocabulary/%e9%9b%a3%e3%81%97%e3%81%84-%e3%82%80%e3%81%9a%e3%81%8b%e3%81%97%e3%81%84-muzukashii-meaning/
長い,long (distance)​; long (time); lengthy.,<em>(No detailed table found)</em>,,,https://jlptsensei.com/learn-japanese-vocabulary/%e9%95%b7%e3%81%84-nagai-long/
ナイフ,knife,<em>(No detailed table found)</em>,,,https://jlptsensei.com/learn-japanese-vocabulary/%e3%83%8a%e3%82%a4%e3%83%95-naifu-meaning/
中,Learn Japanese vocabulary: 【なか】(naka) Meaning: inside; in among; within center; middle,<em>(No detailed table found)</em>,Example #1今はベットの中にいます。ふりがなromajiEnglishいまはベッドのなかにいます。ima wa beddo no naka ni imasu.I'm in bed right now.,Example #2山の中に住みたい。ふりがなromajiEnglishやまのなかにすみたい。yama no naka ni sumitai.I want to live in the mountains.,https://jlptsensei.com/learn-japanese-vocabulary/%e4%b8%ad-naka-meaning-inside%e2%80%8b/
鳴く,"Learn Japanese vocabulary: 【なく】(naku). Meaning: animal noise. to chirp, roar or croak etc.",<em>(No detailed table found)</em>,Example #1セミが朝から鳴いている。ふりがなromajiEnglishセミがあさからないている。semi ga asa kara naite iru.The cicada has been chirping since the morning.,Example #2かごの中で鳥が鳴いていますね。ふりがなromajiEnglishかごのなかでとりがないていますね。kago no naka de tori ga naite imasu ne.Do you hear the bird singing in the cage?,https://jlptsensei.com/learn-japanese-vocabulary/%e9%b3%b4%e3%81%8f-%e3%81%aa%e3%81%8f-naku-meaning/
無くす,to lose (something),<em>(No detailed table found)</em>,,,https://jlptsensei.com/learn-japanese-vocabulary/%e7%84%a1%e3%81%8f%e3%81%99-%e3%81%aa%e3%81%8f%e3%81%99-nakusu-meaning/
名前,name; full name; given name,<em>(No detailed table found)</em>,,,https://jlptsensei.com/learn-japanese-vocabulary/%e5%90%8d%e5%89%8d-namae-name/
七つ,seven; 7,<em>(No detailed table found)</em>,,,https://jlptsensei.com/learn-japanese-vocabulary/jlpt-n5-vocabulary-%e4%b8%83%e3%81%a4-nanatsu-seven-7/
何,what,<em>(No detailed table found)</em>,,,https://jlptsensei.com/learn-japanese-vocabulary/%e4%bd%95-nani-meaning-what/
七日,Learn Japanese vocabulary: 【なのか】(nanoka) Meaning: the seventh day of the month / 7 days. It is most often written as 7日 rather than 七日. Add...,<em>(No detailed table found)</em>,Example #1私の誕生日は七月七日です。ふりがなromajiEnglishわたしのたんじょうびはしちがつなのかです。watshi no tanjoubi wa shichi gatsu nanoka desu.My birthday is July 7th.,Example #26月7日から6月１7日までおねがいします。ふりがなromajiEnglishろくがつなのかからろくがつじゅうななにちまでおねがいします。roku gatsu nanoka kara roku gatsu juunana nichi made onegaishimasu.From June 7th until June 17th please.,https://jlptsensei.com/learn-japanese-vocabulary/%e4%b8%83%e6%97%a5-nanoka-7th-day-of-month/
並べる,"Learn Japanese vocabulary: 【ならべる】(naraberu). Meaning: to line up,to set up.",<em>(No detailed table found)</em>,Example #1これらのいすをまどぎわに並べてください。ふりがなromajiEnglishこれらのいすをまどぎわにならべてください。korera no isu o madogiwa ni narabete kudasai.Please line up these chairs by the window.,Example #2彼女はテーブルの上に皿をならべた。ふりがなromajiEnglishかのじょはテーブルのうえにさらをならべた。kanojo wa teeburu no ue ni sara o narabeta.She set the dishes upon the table.,https://jlptsensei.com/learn-japanese-vocabulary/%e4%b8%a6%e3%81%b9%e3%82%8b-%e3%81%aa%e3%82%89%e3%81%b9%e3%82%8b-naraberu-meaning/
並ぶ,"Learn Japanese vocabulary: 【ならぶ】(narabu). Meaning: to line up,to stand in a line.",<em>(No detailed table found)</em>,Example #1私はそこに何時間もならんだ。ふりがなromajiEnglishわたしはそこになんじかんもならんだ。watashi wa soko ni nan jikan mo naranda.I was in line there for many hours.,Example #2あの子は足が痛いから並ばなかった。ふりがなromajiEnglishあのこはあしがいたいからならばなかった。ano ko wa ashi ga itai kara narabana katta.That child didn't line up because his leg hurt.,https://jlptsensei.com/learn-japanese-vocabulary/%e4%b8%a6%e3%81%b6-%e3%81%aa%e3%82%89%e3%81%b6-narabu-meaning/
習う,to be taught; to learn (from a teacher),<em>(No detailed table found)</em>,,,https://jlptsensei.com/learn-japanese-vocabulary/%e7%bf%92%e3%81%86-narau-to-learn/
夏,summer,<em>(No detailed table found)</em>,,,https://jlptsensei.com/learn-japanese-vocabulary/%e5%a4%8f-natsu-meaning-summer/
夏休み,summer vacation; summer holiday,<em>(No detailed table found)</em>,,,https://jlptsensei.com/learn-japanese-vocabulary/%e5%a4%8f%e4%bc%91%e3%81%bf-natsuyasumi-meaning-summer-vacation/
何故,why; how,<em>(No detailed table found)</em>,,,https://jlptsensei.com/learn-japanese-vocabulary/%e4%bd%95%e6%95%85-%e3%81%aa%e3%81%9c-naze-meaning/
猫,cat,<em>(No detailed table found)</em>,,,https://jlptsensei.com/learn-japanese-vocabulary/%e7%8c%ab-%e3%81%ad%e3%81%93-neko-meaning/
ネクタイ,tie; necktie,<em>(No detailed table found)</em>,,,https://jlptsensei.com/learn-japanese-vocabulary/%e3%83%8d%e3%82%af%e3%82%bf%e3%82%a4-nekutai-meaning/
寝る,to sleep; to go to bed; to lie down,<em>(No detailed table found)</em>,,,https://jlptsensei.com/learn-japanese-vocabulary/%e5%af%9d%e3%82%8b-neru-to-sleep/
二,two; 2,<em>(No detailed table found)</em>,,,https://jlptsensei.com/learn-japanese-vocabulary/%e4%ba%8c-ni-meaning-two-2/
日曜日,Sunday,<em>(No detailed table found)</em>,,,https://jlptsensei.com/learn-japanese-vocabulary/%e6%97%a5%e6%9b%9c%e6%97%a5-nichiyoubi-sunday/
賑やか,Learn Japanese vocabulary: 【にぎやか】(nigiyaka). Meaning: bustling; busy; lively.,<em>(No detailed table found)</em>,Example #1この街はとてもにぎやかです。ふりがなromajiEnglishこのまちはとてもにぎやかです。kono machi wa totemo nigiyaka desu.This town is bustling a lot.,Example #2そこはにぎやかな場所だった。ふりがなromajiEnglishそこはにぎやかなばしょだった。soko wa nigiyaka na basho datta.It was a lively place.,https://jlptsensei.com/learn-japanese-vocabulary/%e8%b3%91%e3%82%84%e3%81%8b-%e3%81%ab%e3%81%8e%e3%82%84%e3%81%8b-nigiyaka-meaning/
日記,Learn Japanese vocabulary: 【 にっき 】(nikki) Meaning: diary; journal.,<em>(No detailed table found)</em>,Example #1私は日記を書きます。ふりがなromajiEnglishわたしはにっきをかきます。watashi wa nikki wo kakimasu.I keep a diary. (write),Example #2日記をつけますか？ふりがなromajiEnglishにっきをつけますか？nikki wo tsukemasu ka?Do you keep a diary?,https://jlptsensei.com/learn-japanese-vocabulary/%e6%97%a5%e8%a8%98-nikki-diary-journal/
肉,meat,<em>(No detailed table found)</em>,,,https://jlptsensei.com/learn-japanese-vocabulary/%e8%82%89-%e3%81%ab%e3%81%8f-niku-meaning/
荷物,luggage; baggage,<em>(No detailed table found)</em>,,,https://jlptsensei.com/learn-japanese-vocabulary/%e8%8d%b7%e7%89%a9-%e3%81%ab%e3%82%82%e3%81%a4-nimotsu-meaning/
西,Learn Japanese vocabulary: 【にし】(nishi). Meaning: west.,<em>(No detailed table found)</em>,Example #1私の部屋は西向きです。ふりがなromajiEnglishわたしのへやはにしむきです。Watashi no heya wa nishi muki desu.My room faces to the west.,Example #2風が西に変わった。ふりがなromajiEnglishかぜがにしにかわった。Kaze ga nishi ni kawattaThe wind changed direction towards the west.,https://jlptsensei.com/learn-japanese-vocabulary/%e8%a5%bf-nishi-meaning-west/
庭,garden,<em>(No detailed table found)</em>,,,https://jlptsensei.com/learn-japanese-vocabulary/%e5%ba%ad-%e3%81%ab%e3%82%8f-niwa-meaning/
登る,to climb,<em>(No detailed table found)</em>,,,https://jlptsensei.com/learn-japanese-vocabulary/%e7%99%bb%e3%82%8b-%e3%81%ae%e3%81%bc%e3%82%8b-noboru-meaning/
飲み物,drink; beverage,<em>(No detailed table found)</em>,,,https://jlptsensei.com/learn-japanese-vocabulary/%e9%a3%b2%e3%81%bf%e7%89%a9-nomimono-meaning/
飲む,to drink,<em>(No detailed table found)</em>,,,https://jlptsensei.com/learn-japanese-vocabulary/%e9%a3%b2%e3%82%80-%e3%81%ae%e3%82%80-nomu-meaning/
ノート,notebook,<em>(No detailed table found)</em>,,,https://jlptsensei.com/learn-japanese-vocabulary/%e3%83%8e%e3%83%bc%e3%83%88-nooto-meaning/
乗る,"to get on (train, plane, bus, ship, etc.)",<em>(No detailed table found)</em>,,,https://jlptsensei.com/learn-japanese-vocabulary/%e4%b9%97%e3%82%8b-%e3%81%ae%e3%82%8b-noru-meaning/
脱ぐ,to take off clothes,<em>(No detailed table found)</em>,,,https://jlptsensei.com/learn-japanese-vocabulary/%e8%84%b1%e3%81%90-%e3%81%ac%e3%81%90-nugu-meaning/
温い,luke warm,<em>(No detailed table found)</em>,,,https://jlptsensei.com/learn-japanese-vocabulary/%e6%b8%a9%e3%81%84-%e3%81%ac%e3%82%8b%e3%81%84-nurui-meaning/
ニュース,news,<em>(No detailed table found)</em>,,,https://jlptsensei.com/learn-japanese-vocabulary/%e3%83%8b%e3%83%a5%e3%83%bc%e3%82%b9-nyuusu-meaning/
おばあさん,grandmother,<em>(No detailed table found)</em>,,,https://jlptsensei.com/learn-japanese-vocabulary/%e3%81%8a%e3%81%b0%e3%81%82%e3%81%95%e3%82%93-obaasan-meaning/
伯母さん,Learn Japanese vocabulary: 【おばさん】(obasan) Meaning: aunt; old lady. This is often written in just plain hiragana.,<em>(No detailed table found)</em>,Example #1おばさんには三人の子どもがいる。ふりがなromajiEnglishおばさんにはさんにんのこどもがいる。obasan ni wa sannin no kodomo ga iru.My Aunt has 3 children.,"Example #2私は、おばさんの家に泊まる予定です。ふりがなromajiEnglishわたしは、おばさんのいえにとまるよていです。watashi wa, obasan no ie ni tomaru yotei desu.I plan on staying at my Aunt's house.",https://jlptsensei.com/learn-japanese-vocabulary/%e4%bc%af%e6%af%8d%e3%81%95%e3%82%93-obasan-meaning-aunt/
お弁当,lunch box; Japanese box lunch,<em>(No detailed table found)</em>,,,https://jlptsensei.com/learn-japanese-vocabulary/%e3%81%8a%e5%bc%81%e5%bd%93-obentou-meaning-lunch-box/
覚える,to remember,<em>(No detailed table found)</em>,,,https://jlptsensei.com/learn-japanese-vocabulary/%e8%a6%9a%e3%81%88%e3%82%8b-%e3%81%8a%e3%81%bc%e3%81%88%e3%82%8b-oboeru-meaning/
お茶,tea,<em>(No detailed table found)</em>,,,https://jlptsensei.com/learn-japanese-vocabulary/%e3%81%8a%e8%8c%b6-%e3%81%8a%e3%81%a1%e3%82%83-ocha-meaning/
お風呂,Learn Japanese vocabulary: 【おふろ】(ofuro). Meaning: bath.,<em>(No detailed table found)</em>,Example #1私は今からお風呂に入ります。ふりがなromajiEnglishわたしはいまからおふろにはいります。watashi wa ima kara ofuro ni hairimasu.I will go in the tub from now.,Example #2お風呂に入ってもいいですか？ふりがなromajiEnglishおふろにはいってもいいですか？ofuro o haitte mo ii desu ka.Is it alright if I take a bath?,https://jlptsensei.com/learn-japanese-vocabulary/%e3%81%8a%e9%a2%a8%e5%91%82-%e3%81%8a%e3%81%b5%e3%82%8d-ofuro-meaning/
美味しい,Learn Japanese vocabulary: 【おいしい】(oishii). Meaning: delicious.,<em>(No detailed table found)</em>,Example #1それはおいしいです。ふりがなromajiEnglishそれはおいしいです。sore wa oishii desu.That is really delicious.,Example #2このケーキはおいしい。ふりがなromajiEnglishこのケーキはおいしい。kono keeki wa oishii.This cake is delicious.,https://jlptsensei.com/learn-japanese-vocabulary/%e7%be%8e%e5%91%b3%e3%81%97%e3%81%84-%e3%81%8a%e3%81%84%e3%81%97%e3%81%84-oishii-meaning/
伯父さん,uncle; old man; mister,<em>(No detailed table found)</em>,,,https://jlptsensei.com/learn-japanese-vocabulary/%e4%bc%af%e7%88%b6%e3%81%95%e3%82%93-ojisan-meaning-uncle-mister/
お母さん,Learn Japanese vocabulary: 【おかあさん】(okaasan) Meaning: mother; mom; mum; ma.,<em>(No detailed table found)</em>,"Example #1お母さん、ただいま！ふりがなromajiEnglishおかあさん、ただいま！okaasan, tadaima!Mom, I'm home!",Example #2お母さんはどこですか？ふりがなromajiEnglishおかあさんはどこですか？okaasan wa doko desu ka?Where is your mother?,https://jlptsensei.com/learn-japanese-vocabulary/%e3%81%8a%e6%af%8d%e3%81%95%e3%82%93-okaasan-meaning-mother/
お金,money,<em>(No detailed table found)</em>,,,https://jlptsensei.com/learn-japanese-vocabulary/%e3%81%8a%e9%87%91-okane-meaning-money/
お菓子,confections; sweets; candy,<em>(No detailed table found)</em>,,,https://jlptsensei.com/learn-japanese-vocabulary/%e3%81%8a%e8%8f%93%e5%ad%90-okashi-meaning-candy/
起きる,to get up; to wake up,<em>(No detailed table found)</em>,,,https://jlptsensei.com/learn-japanese-vocabulary/%e8%b5%b7%e3%81%8d%e3%82%8b-%e3%81%8a%e3%81%8d%e3%82%8b-okiru-meaning/
置く,"Learn Japanese vocabulary: 【おく】(oku) Meaning: to put; to place​ to leave (behind)​ to establish (an organization, a facility, a position, etc.); to set up​ to...",<em>(No detailed table found)</em>,Example #1ここに置くよ。ふりがなromajiEnglishここにおくよ。koko ni oku yo.I'll place it here.,Example #2あそこに置いてあります。ふりがなromajiEnglishあそこにおいてあります。asoko ni oite arimasu.I placed it over there. / It's placed over there.,https://jlptsensei.com/learn-japanese-vocabulary/%e7%bd%ae%e3%81%8f-oku-to-place/
奥さん,wife; your wife; his wife,<em>(No detailed table found)</em>,,,https://jlptsensei.com/learn-japanese-vocabulary/%e5%a5%a5%e3%81%95%e3%82%93-%e3%81%8a%e3%81%8f%e3%81%95%e3%82%93-okusan-meaning/
お巡りさん,Learn Japanese vocabulary: 【おまわりさん】(omawari san). Meaning: police officer (friendly term for policeman).,<em>(No detailed table found)</em>,"Example #1大きくなったら、お巡りさんになりたいです。ふりがなromajiEnglishおおきくなったら、おまわりさんになりたいです。ookiku nattara, omawari san ni naritai desu.When I grow up, I want to be a policeman.","Example #2道を迷うとき、お巡りさんに聞きなさい。ふりがなromajiEnglishみちをまようとき、おまわりさんにききなさい。michi o mayou toki, omawari san ni kiki nasai.When you get lost, ask the policeman.",https://jlptsensei.com/learn-japanese-vocabulary/%e3%81%8a%e5%b7%a1%e3%82%8a%e3%81%95%e3%82%93-%e3%81%8a%e3%81%be%e3%82%8f%e3%82%8a%e3%81%95%e3%82%93-omawari-san-meaning/
重い,Learn Japanese vocabulary: 【おもい】(omoi). Meaning: heavy; weighty​ heavy (feeling); depressed; gloomy; blue; uneasy,<em>(No detailed table found)</em>,Example #1そのスーツケースはどのくらい重いですか。ふりがなromajiEnglishそのスーツケースはどのくらいおもいですか。sono suutsu keesu wa dono kurai omoi desu ka.How heavy is the suitcase?,Example #2あれはこれと同じくらい重いですか。ふりがなromajiEnglishあれはこれとおなじくらいおもいですか。are wa kore to onaji kurai omoi desu ka.Is that as heavy as this?,https://jlptsensei.com/learn-japanese-vocabulary/%e9%87%8d%e3%81%84-%e3%81%8a%e3%82%82%e3%81%84-omoi-meaning/
面白い,interesting,<em>(No detailed table found)</em>,,,https://jlptsensei.com/learn-japanese-vocabulary/%e9%9d%a2%e7%99%bd%e3%81%84-%e3%81%8a%e3%82%82%e3%81%97%e3%82%8d%e3%81%84-omoshiroi-meaning/
同じ,Learn Japanese vocabulary: 【おなじ】(onaji). Meaning: same; identical; equal; uniform; equivalent; similar.,<em>(No detailed table found)</em>,Example #1私も同じです。ふりがなromajiEnglishわたしもおなじです。watashi mo onaji desu.The same for me.,Example #2彼も同じ歳だよ。ふりがなromajiEnglishかれもおなじとしだよ。kare mo onaji toshi da yo.He is the same age.,https://jlptsensei.com/learn-japanese-vocabulary/%e5%90%8c%e3%81%98-%e3%81%8a%e3%81%aa%e3%81%98-onaji-meaning/
お腹,stomach,<em>(No detailed table found)</em>,,,https://jlptsensei.com/learn-japanese-vocabulary/%e3%81%8a%e8%85%b9-%e3%81%8a%e3%81%aa%e3%81%8b-onaka-meaning/
お姉さん,Learn Japanese vocabulary: 【おねえさん】(oneesan) Meaning: elder sister​ young lady miss ma’am Study Notes: お姉さん (oneesan) is the more formal version of 姉 (ane) It can...,<em>(No detailed table found)</em>,Example #1あなたはお姉さんにそっくりです。ふりがなromajiEnglishあなたはおねえさんにそっくりです。anata wa oneesan ni sokkuri desu.You look just like your older sister.,Example #2あなたのお姉さんはどこの学校へ行っているのですか。ふりがなromajiEnglishあなたのおねえさんはどこのがっこうへいっているのですか。anata no oneesan wa doko no gakkou he itteiru no desu ka.Where does your sister go to school?,https://jlptsensei.com/learn-japanese-vocabulary/%e3%81%8a%e5%a7%89%e3%81%95%e3%82%93-oneesan-meaning-elder-sister%e2%80%8b/
音楽,music,<em>(No detailed table found)</em>,,,https://jlptsensei.com/learn-japanese-vocabulary/%e9%9f%b3%e6%a5%bd-%e3%81%8a%e3%82%93%e3%81%8c%e3%81%8f-ongaku-meaning/
お兄さん,older brother; elder brother; young man; buddy,<em>(No detailed table found)</em>,,,https://jlptsensei.com/learn-japanese-vocabulary/%e3%81%8a%e5%85%84%e3%81%95%e3%82%93-oniisan-meaning-brother%e2%80%8b/
女,woman; female sex,<em>(No detailed table found)</em>,,,https://jlptsensei.com/learn-japanese-vocabulary/%e5%a5%b3-%e3%81%8a%e3%82%93%e3%81%aa-onna-meaning/
女の子,Learn Japanese vocabulary: 【おんなのこ】(onnanoko) Meaning: girl; daughter; young women.,<em>(No detailed table found)</em>,Example #1赤ちゃんは女の子だった。ふりがなromajiEnglishあかちゃんはおんなのこだった。akachan wa onnano ko datta.The baby was a girl.,Example #2その女の子はただ泣くだけだった。ふりがなromajiEnglishそのおんなのこはただなくだけだった。sono onna no ko wa tada naku dake datta.The little girl did nothing but cry.,https://jlptsensei.com/learn-japanese-vocabulary/%e5%a5%b3%e3%81%ae%e5%ad%90-onnanoko-meaning-girl/
多い,Learn Japanese vocabulary: 【おおい】(ooi). Meaning: many; numerous; a lot​ large quantity; large amount​ frequent; common,<em>(No detailed table found)</em>,Example #1日本は地震が多いです。ふりがなromajiEnglishにほんはじしんがおおいです。nihon wa jishin ga ooi desu.Earthquakes are frequent in Japan.,"Example #2この川は小さいけど魚が多いよ.ふりがなromajiEnglishこのかわはちいさいけどさかながおおいよ。kono kawa wa chiisai kedo sakana ga ooi.There are many fish in this river, mostly small though.",https://jlptsensei.com/learn-japanese-vocabulary/%e5%a4%9a%e3%81%84-ooi-meaning-many/
大きい,big; large; great; important,<em>(No detailed table found)</em>,,,https://jlptsensei.com/learn-japanese-vocabulary/%e5%a4%a7%e3%81%8d%e3%81%84-ookii-meaning-big%e2%80%8b/
大きな,big; large; great​,<em>(No detailed table found)</em>,,,https://jlptsensei.com/learn-japanese-vocabulary/%e5%a4%a7%e3%81%8d%e3%81%aa-ookina-meaning-big%e2%80%8b/
大勢,crowd of people; great number of people,<em>(No detailed table found)</em>,,,https://jlptsensei.com/learn-japanese-vocabulary/%e5%a4%a7%e5%8b%a2-oozei-meaning-great-number-of-people%e2%80%8b/
降りる,to get off,<em>(No detailed table found)</em>,,,https://jlptsensei.com/learn-japanese-vocabulary/%e9%99%8d%e3%82%8a%e3%82%8b-%e3%81%8a%e3%82%8a%e3%82%8b-oriru-meaning/
お酒,alcohol,<em>(No detailed table found)</em>,,,https://jlptsensei.com/learn-japanese-vocabulary/%e3%81%8a%e9%85%92-osake-meaning-alcohol/
お皿,"Learn Japanese vocabulary: 【おさら】(osara). Meaning: plate, dish.",<em>(No detailed table found)</em>,Example #1彼はお皿を洗いました。ふりがなromajiEnglishかれはおさらを洗あらいました。kare wa osara o araimashita.He washed the plates.,Example #2私はそのお皿が欲しいです。ふりがなromajiEnglishわたしはそのおさらがほしいです。watashi wa sono osara ga hoshii desu.I want that plate.,https://jlptsensei.com/learn-japanese-vocabulary/%e3%81%8a%e7%9a%bf-%e3%81%8a%e3%81%95%e3%82%89-osara-meaning/
教える,to teach,<em>(No detailed table found)</em>,,,https://jlptsensei.com/learn-japanese-vocabulary/%e6%95%99%e3%81%88%e3%82%8b-oshieru-meaning/
遅い,slow; time-consuming; late,<em>(No detailed table found)</em>,,,https://jlptsensei.com/learn-japanese-vocabulary/%e9%81%85%e3%81%84-osoi-meaning-slow/
押す,Learn Japanese vocabulary: 【おす】(osu) Meaning: to push; to press​ to apply pressure from above; to press down​ to stamp (i.e. a passport); to apply a...,<em>(No detailed table found)</em>,Example #1このボタンを押してください。ふりがなromajiEnglishこのボタンをおしてください。kono botan wo oshite kudasai.Please press this button.,Example #2そんなに押さないでください。ふりがなromajiEnglishそんなにおさないでください。sonnani osanaide kudasai.Don't push so hard.,https://jlptsensei.com/learn-japanese-vocabulary/%e6%8a%bc%e3%81%99-osu-to-push/
お手洗い,toilet; restroom; lavatory; bathroom,<em>(No detailed table found)</em>,,,https://jlptsensei.com/learn-japanese-vocabulary/%e3%81%8a%e6%89%8b%e6%b4%97%e3%81%84-otearai-meaning-restroom/
男,man; male,<em>(No detailed table found)</em>,,,https://jlptsensei.com/learn-japanese-vocabulary/%e7%94%b7-otoko-man/
男の子,boy; male child; baby boy,<em>(No detailed table found)</em>,,,https://jlptsensei.com/learn-japanese-vocabulary/%e7%94%b7%e3%81%ae%e5%ad%90-otokonoko-boy/
大人,adult,<em>(No detailed table found)</em>,,,https://jlptsensei.com/learn-japanese-vocabulary/%e5%a4%a7%e4%ba%ba-otona-meaning-adult%e2%80%8b/
一昨日,day before yesterday,<em>(No detailed table found)</em>,,,https://jlptsensei.com/learn-japanese-vocabulary/%e4%b8%80%e6%98%a8%e6%97%a5-ototoi-day-before-yesterday/
一昨年,year before last,<em>(No detailed table found)</em>,,,https://jlptsensei.com/learn-japanese-vocabulary/%e4%b8%80%e6%98%a8%e5%b9%b4-ototoshi-year-before-last/
お父さん,father; dad; papa; pa; pop; daddy,<em>(No detailed table found)</em>,,,https://jlptsensei.com/learn-japanese-vocabulary/%e3%81%8a%e7%88%b6%e3%81%95%e3%82%93-otousan-meaning-father/
弟,Learn Japanese vocabulary: 【おとうと】(otouto). Meaning: younger brother; little brother; kid brother.,<em>(No detailed table found)</em>,Example #1あなたはおとうとと何を話しますか？ふりがなromajiEnglishあなたはおとうととなにをはなしますか？anata wa otouto to nani o hanashimasu ka?What do you talk about with your younger brother?,Example #2私はおとうとに辞書をあげました。ふりがなromajiEnglishわたしはおとうとにじしょをあげました。watashi wa otouto ni jisho o agemashita.I gave my brother a dictionary.,https://jlptsensei.com/learn-japanese-vocabulary/%e5%bc%9f-%e3%81%8a%e3%81%a8%e3%81%86%e3%81%a8-otouto-meaning/
終わる,to finish; to end,<em>(No detailed table found)</em>,,,https://jlptsensei.com/learn-japanese-vocabulary/%e7%b5%82%e3%82%8b-%e3%81%8a%e3%82%8f%e3%82%8b-owaru-meaning/
泳ぐ,to swim,<em>(No detailed table found)</em>,,,https://jlptsensei.com/learn-japanese-vocabulary/%e6%b3%b3%e3%81%90-%e3%81%8a%e3%82%88%e3%81%90-oyogu-meaning/
パーティー,party,<em>(No detailed table found)</em>,,,https://jlptsensei.com/learn-japanese-vocabulary/%e3%83%91%e3%83%bc%e3%83%86%e3%82%a3%e3%83%bc-paatii-meaning/
パン,bread,<em>(No detailed table found)</em>,,,https://jlptsensei.com/learn-japanese-vocabulary/%e3%83%91%e3%83%b3-pan-meaning/
ページ,page,<em>(No detailed table found)</em>,,,https://jlptsensei.com/learn-japanese-vocabulary/%e3%83%9a%e3%83%bc%e3%82%b8-peeji-meaning/
ペン,Learn Japanese vocabulary: (pen). Meaning: pen.,<em>(No detailed table found)</em>,Example #1私はペンを持っている。ふりがなromajiEnglishわたしはペンをもっている。watashi wa pen o motte iru.I have a pen.,Example #2私はペンよりえんぴつをよく使います。ふりがなromajiEnglishわたしはペンよりえんぴつをよくつかいます。watashi wa pen yori enpitsu o yoku tsukaimasu.I often use pencils more than pens.,https://jlptsensei.com/learn-japanese-vocabulary/%e3%83%9a%e3%83%b3-pen-meaning/
ペット,Learn Japanese vocabulary: (petto). Meaning: pet.,<em>(No detailed table found)</em>,Example #1このアパートではペットを飼えない。ふりがなromajiEnglishこのアパートではペットをかえない。kono apaato de wa petto o kaenai.You cannot have a pet in this apartment.,Example #2あなたはペットが欲しいですか。ふりがなromajiEnglishあなたはペットがほしいですか。anata wa petto ga hoshii desuka.Do you want a pet?,https://jlptsensei.com/learn-japanese-vocabulary/%e3%83%9a%e3%83%83%e3%83%88-petto-meaning/
ポケット,pocket,<em>(No detailed table found)</em>,,,https://jlptsensei.com/learn-japanese-vocabulary/%e3%83%9d%e3%82%b1%e3%83%83%e3%83%88-poketto-meaning/
ポスト,post,<em>(No detailed table found)</em>,,,https://jlptsensei.com/learn-japanese-vocabulary/%e3%83%9d%e3%82%b9%e3%83%88-posuto-meaning/
プール,swimming pool,<em>(No detailed table found)</em>,,,https://jlptsensei.com/learn-japanese-vocabulary/%e3%83%97%e3%83%bc%e3%83%ab-puuru-meaning/
来月,next month,<em>(No detailed table found)</em>,,,https://jlptsensei.com/learn-japanese-vocabulary/%e6%9d%a5%e6%9c%88-raigetsu-next-month/
来年,next year,<em>(No detailed table found)</em>,,,https://jlptsensei.com/learn-japanese-vocabulary/%e6%9d%a5%e5%b9%b4-rainen-next-year/
来週,Learn Japanese vocabulary: 【らいしゅう】(raishuu) Meaning: next week.,<em>(No detailed table found)</em>,Example #1来週の土曜日にテニスをします。ふりがなromajiEnglishらいしゅうのどようびにテニスをします。raishuu no doyoubi ni tenisu wo shimasu.I'm going to play tennis next Saturday.,Example #2来週は学校が休みです。ふりがなromajiEnglishらいしゅうはがっこうがやすみです。raishuu wa gakkou ga yasumi desu.School is on break next week.,https://jlptsensei.com/learn-japanese-vocabulary/%e6%9d%a5%e9%80%b1-raishuu-next-week/
ラジオ,radio,<em>(No detailed table found)</em>,,,https://jlptsensei.com/learn-japanese-vocabulary/%e3%83%a9%e3%82%b8%e3%82%aa-rajiio-meaning/
零,zero,<em>(No detailed table found)</em>,,,https://jlptsensei.com/learn-japanese-vocabulary/%e9%9b%b6-%e3%82%8c%e3%81%84-rei-meaning/
冷蔵庫,Learn Japanese vocabulary: 【れいぞうこ】(reizouko). Meaning: refrigerator.,<em>(No detailed table found)</em>,Example #1れいぞうこに卵がいくつありますか。ふりがなromajiEnglishれいぞうこにたまごがいくつありますか。reizouko ni tamago ga ikutsu arimasu ka.How many eggs are there in the refrigerator?,Example #2れいぞうこにほとんど食べ物が残っていない。ふりがなromajiEnglishれいぞうこにほとんどたべものがのこっていない。reizouko ni hotondo tabemono ga nokotte inai.There is very little food left in the refrigerator.,https://jlptsensei.com/learn-japanese-vocabulary/%e5%86%b7%e8%94%b5%e5%ba%ab-%e3%82%8c%e3%81%84%e3%81%9e%e3%81%86%e3%81%93-reizouko-meaning/
レコード,record,<em>(No detailed table found)</em>,,,https://jlptsensei.com/learn-japanese-vocabulary/%e3%83%ac%e3%82%b3%e3%83%bc%e3%83%89-rekoodo-meaning/
練習,Learn Japanese vocabulary: 【れんしゅう】(renshuu) Meaning: practice; practicing.,<em>(No detailed table found)</em>,Example #1私は毎日サッカーを練習します。ふりがなromajiEnglishわたしはまいにちサッカーをれんしゅうします。watashi wa mainichi sakkaa wo renshuu shimasu.I practice soccer everyday.,Example #2私はそれをずっと練習している。ふりがなromajiEnglishわたしはそれをずっとれんしゅうしている。watashi wa sore wo zutto renshuu shiteiru.I have been practicing that this whole time.,https://jlptsensei.com/learn-japanese-vocabulary/%e7%b7%b4%e7%bf%92-renshuu-practice/
レストラン,restaurant,<em>(No detailed table found)</em>,,,https://jlptsensei.com/learn-japanese-vocabulary/%e3%83%ac%e3%82%b9%e3%83%88%e3%83%a9%e3%83%b3-resutoran-meaning/
立派,Learn Japanese vocabulary: 【りっぱ】(rippa). Meaning: splendid.,<em>(No detailed table found)</em>,Example #1あなたはりっぱな仕事をしていますね。ふりがなromajiEnglishあなたはりっぱなしごとをしていますね。anata wa rippa na shigoto o shite imasu ne.You are doing a splendid job.,Example #2あなたがりっぱな医者になってほしい。ふりがなromajiEnglishあなたがりっぱないしゃになってほしい。anata ga rippa na isha ni natte hoshii.I want you to become a splendid doctor.,https://jlptsensei.com/learn-japanese-vocabulary/%e7%ab%8b%e6%b4%be-%e3%82%8a%e3%81%a3%e3%81%b1-rippa-meaning/
六,Learn Japanese vocabulary: 【ろく】(roku) Meaning: six; 6.,<em>(No detailed table found)</em>,Example #1六月には雨が多い。ふりがなromajiEnglishろくがつにはあめがおおい。roku gatsu ni wa ame ga ooi.There's a lot of rain in June.,Example #2私の家は六人家族です。ふりがなromajiEnglishわたしのいえはろくにんかぞくです。watashi no ie wa rokunin kazoku desu.There are six people in my family.,https://jlptsensei.com/learn-japanese-vocabulary/%e5%85%ad-roku-meaning-six-6/
廊下,corridor; hallway; passageway,<em>(No detailed table found)</em>,,,https://jlptsensei.com/learn-japanese-vocabulary/%e5%bb%8a%e4%b8%8b-rouka-meaning-hallway/
旅行,Learn Japanese vocabulary: 【りょこう】(ryokou) Meaning: travel; trip; journey; excursion; tour.,<em>(No detailed table found)</em>,Example #1私は旅行が好きです。ふりがなromajiEnglishわたしはりょこうがすきです。watashi wa ryokou ga suki desu.I like traveling.,Example #2毎年旅行したい。ふりがなromajiEnglishまいとしりょこうしたい。maitoshi ryokou shitai.I want to travel every year.,https://jlptsensei.com/learn-japanese-vocabulary/%e6%97%85%e8%a1%8c-ryokou-meaning-travel/
料理,cuisine,<em>(No detailed table found)</em>,,,https://jlptsensei.com/learn-japanese-vocabulary/%e6%96%99%e7%90%86-%e3%82%8a%e3%82%87%e3%81%86%e3%82%8a-ryouri-meaning/
両親,parents; both parents,<em>(No detailed table found)</em>,,,https://jlptsensei.com/learn-japanese-vocabulary/%e4%b8%a1%e8%a6%aa-%e3%82%8a%e3%82%87%e3%81%86%e3%81%97%e3%82%93-ryoushin-meaning/
留学生,Learn Japanese vocabulary: 【りゅうがくせい】(ryuugakusei) Meaning: overseas student; exchange student.,<em>(No detailed table found)</em>,Example #1あなたは留学生ですか。ふりがなromajiEnglishあなたはりゅうがくせいですか。anata wa ryuugakusei desu ka.Are you a study abroad student?,Example #2私は日本から来た留学生です。ふりがなromajiEnglishわたしはにほんからきたりゅうがくせいです。watashi wa nihon kara kita ryuugakusei desu.I'm an exchange student from Japan.,https://jlptsensei.com/learn-japanese-vocabulary/%e7%95%99%e5%ad%a6%e7%94%9f-ryuugakusei-exchange-student/
さあ,well…,<em>(No detailed table found)</em>,,,https://jlptsensei.com/learn-japanese-vocabulary/%e3%81%95%e3%81%82-saa-meaning/
財布,Learn Japanese vocabulary: 【さいふ】(saifu). Meaning: purse; wallet.,<em>(No detailed table found)</em>,Example #1私は財布をなくしたらしい。ふりがなromajiEnglishわたしはさいふをなくしたらしい。watashi wa saifu o nakushita rashii.I seem to have lost my purse.,Example #2誰かにさいふを盗まれました。ふりがなromajiEnglishだれかにさいふをぬすまれました。dare ka ni saifu o nusumare mashita.My wallet was stolen by someone.,https://jlptsensei.com/learn-japanese-vocabulary/%e8%b2%a1%e5%b8%83-%e3%81%95%e3%81%84%e3%81%b5-saifu-meaning/
魚,fish,<em>(No detailed table found)</em>,,,https://jlptsensei.com/learn-japanese-vocabulary/%e9%ad%9a-%e3%81%95%e3%81%8b%e3%81%aa-sakana-meaning/
先,Learn Japanese vocabulary: 【さき】(saki) Meaning: previous; prior; former; first; earlier; some time ago; preceding; point (e.g. pencil); tip; end; nozzle; destination,<em>(No detailed table found)</em>,Example #1お先にどうぞ。ふりがなromajiEnglishおさきにどうぞ。o saki ni douzo.Please go first. (after you),Example #2お先に失礼します。ふりがなromajiEnglishおさきにしつれいします。o saki ni shitsurei shimasu.I'm going home now (standard phrase after finishing work).,https://jlptsensei.com/learn-japanese-vocabulary/%e5%85%88-saki-meaning-earlier/
咲く,to bloom,<em>(No detailed table found)</em>,,,https://jlptsensei.com/learn-japanese-vocabulary/%e5%92%b2%e3%81%8f-%e3%81%95%e3%81%8f-saku-meaning/
作文,"Learn Japanese vocabulary: 【さくぶん】(sakubun). Meaning: writing (an essay, prose, etc.); composition formal writing with little real meaning",<em>(No detailed table found)</em>,Example #1彼は作文が上手だ。ふりがなromajiEnglishかれはさくぶんがじょうずだ。kare wa sakubun ga jouzu da.He is good at composition.,Example #2あなたは作文が得意ですか。ふりがなromajiEnglishあなたはさくぶんがとくいですか。anata wa sakubun ga tokui desu ka.Are you good at writing?,https://jlptsensei.com/learn-japanese-vocabulary/%e4%bd%9c%e6%96%87-sakubun-meaning/
寒い,cold,<em>(No detailed table found)</em>,,,https://jlptsensei.com/learn-japanese-vocabulary/%e5%af%92%e3%81%84-%e3%81%95%e3%82%80%e3%81%84-samui-meaning/
三,three; 3,<em>(No detailed table found)</em>,,,https://jlptsensei.com/learn-japanese-vocabulary/%e4%b8%89-san-meaning-three-3/
散歩,walk; stroll,<em>(No detailed table found)</em>,,,https://jlptsensei.com/learn-japanese-vocabulary/%e6%95%a3%e6%ad%a9-sanpo-meaning-walk/
再来年,year after next,<em>(No detailed table found)</em>,,,https://jlptsensei.com/learn-japanese-vocabulary/%e5%86%8d%e6%9d%a5%e5%b9%b4-%e3%81%95%e6%9d%a5%e5%b9%b4-sarainen-year-after-next/
差す,"to stretch out hands, to raise an umbrella",<em>(No detailed table found)</em>,,,https://jlptsensei.com/learn-japanese-vocabulary/%e5%b7%ae%e3%81%99-%e3%81%95%e3%81%99-sasu-meaning/
砂糖,sugar,<em>(No detailed table found)</em>,,,https://jlptsensei.com/learn-japanese-vocabulary/%e7%a0%82%e7%b3%96-%e3%81%95%e3%81%a8%e3%81%86-satou-meaning/
背,Learn Japanese vocabulary: 【せ】(se). Meaning: height; stature; back; spine.,<em>(No detailed table found)</em>,Example #1僕のせは 169 センチです。ふりがなromajiEnglishぼくのせは 169 センチです。boku no se wa 169 senchi desu.My height is 169 cm.,Example #2あのせがたかい男の子は誰ですか。ふりがなromajiEnglishあのせがたかいおとこのこはだれですか。ano se ga takai otoko no ko wa dare desuka.Who is that tall guy?,https://jlptsensei.com/learn-japanese-vocabulary/%e8%83%8c-%e3%81%9b-se-meaning/
背広,business suit,<em>(No detailed table found)</em>,,,https://jlptsensei.com/learn-japanese-vocabulary/%e8%83%8c%e5%ba%83-%e3%81%9b%e3%81%b3%e3%82%8d-sebiro-meaning/
セーター,sweater; jumper,<em>(No detailed table found)</em>,,,https://jlptsensei.com/learn-japanese-vocabulary/%e3%82%bb%e3%83%bc%e3%82%bf%e3%83%bc-seetaa-meaning/
生徒,pupil; student,<em>(No detailed table found)</em>,,,https://jlptsensei.com/learn-japanese-vocabulary/%e7%94%9f%e5%be%92-seito-meaning-student/
石鹼,soap,<em>(No detailed table found)</em>,,,https://jlptsensei.com/learn-japanese-vocabulary/%e7%9f%b3%e9%b9%bc-%e3%81%9b%e3%81%a3%e3%81%91%e3%82%93-sekken-meaning/
狭い,Learn Japanese vocabulary: 【せまい】(semai). Meaning: narrow; small; cramped​.,<em>(No detailed table found)</em>,Example #1私の部屋はとてもせまいです。ふりがなromajiEnglishわたしのへやはとてもせまいです。watashi no heya wa totemo semai desu.My room is very narrow.,Example #2私たちはせまい道を歩いていった。ふりがなromajiEnglishわたしたちはせまいみちをあるいていった。watashi tachi wa semai michi o aruite itta.We walked along a narrow path.,https://jlptsensei.com/learn-japanese-vocabulary/%e7%8b%ad%e3%81%84-%e3%81%9b%e3%81%be%e3%81%84-semai-meaning/
千,"1,000; thousand",<em>(No detailed table found)</em>,,,https://jlptsensei.com/learn-japanese-vocabulary/%e5%8d%83-sen-meaning-thousand/
先月,last month,<em>(No detailed table found)</em>,,,https://jlptsensei.com/learn-japanese-vocabulary/%e5%85%88%e6%9c%88-sengetsu-last-month/
先生,teacher; instructor; master,<em>(No detailed table found)</em>,,,https://jlptsensei.com/learn-japanese-vocabulary/%e5%85%88%e7%94%9f-sensei-meaning-teacher/
先週,last week,<em>(No detailed table found)</em>,,,https://jlptsensei.com/learn-japanese-vocabulary/%e5%85%88%e9%80%b1-senshuu-last-week/
洗濯,washing; laundry,<em>(No detailed table found)</em>,,,https://jlptsensei.com/learn-japanese-vocabulary/%e6%b4%97%e6%bf%af-%e3%81%9b%e3%82%93%e3%81%9f%e3%81%8f-sentaku-meaning/
写真,photograph; photo,<em>(No detailed table found)</em>,,,https://jlptsensei.com/learn-japanese-vocabulary/%e5%86%99%e7%9c%9f-%e3%81%97%e3%82%83%e3%81%97%e3%82%93-shashin-meaning/
シャツ,shirt,<em>(No detailed table found)</em>,,,https://jlptsensei.com/learn-japanese-vocabulary/%e3%82%b7%e3%83%a3%e3%83%84-shatsu-meaning/
シャワー,shower,<em>(No detailed table found)</em>,,,https://jlptsensei.com/learn-japanese-vocabulary/%e3%82%b7%e3%83%a3%e3%83%af%e3%83%bc-shawaa-meaning/
四,Learn Japanese vocabulary: 【し】(shi) Meaning: four; 4. The other reading よん (yon) is often used instead since し can also mean “death”.,<em>(No detailed table found)</em>,Example #1今日は四月一日だ。ふりがなromajiEnglishきょうはしがつついたちだ。kyou wa shi gatsu tsuitachi da.Today is April (4th month) 1st.,Example #2一日は二十四時間ある。ふりがなromajiEnglishいちにちはにじゅうよんじかんある。ichinichi wa nijuuyon jikan aru.A day has twenty-four hours.,https://jlptsensei.com/learn-japanese-vocabulary/%e5%9b%9b-shi-meaning-four-4/
七,seven; 7,<em>(No detailed table found)</em>,,,https://jlptsensei.com/learn-japanese-vocabulary/%e4%b8%83-shichi-meaning-seven-7/
仕事,work; job; business,<em>(No detailed table found)</em>,,,https://jlptsensei.com/learn-japanese-vocabulary/%e4%bb%95%e4%ba%8b-shigoto-meaning-work/
閉まる,"Learn Japanese vocabulary: 【しまる】(shimaru). Meaning: to close, to be closed.",<em>(No detailed table found)</em>,Example #1その店は11時に閉まる。ふりがなromajiEnglishそのみせは11じにしまる。sono mise wa 11 ji ni shimaru.The store closes at eleven.,Example #2ぎんこうがいつ閉まるかわかりますか。ふりがなromajiEnglishぎんこうがいつしまるかわかりますか。ginkou ga itsu shimaru ka wakarimasu ka.Do you have any idea when the bank closes?,https://jlptsensei.com/learn-japanese-vocabulary/%e9%96%89%e3%81%be%e3%82%8b-%e3%81%97%e3%81%be%e3%82%8b-shimaru-meaning/
閉める,Learn Japanese vocabulary: 【しめる】(shimeru). Meaning: to close; to shut.,<em>(No detailed table found)</em>,Example #1そのまどをしめることを忘れた。ふりがなromajiEnglishそのまどをしめることをわすれた。sono mado o shimeru koto o wasureta.I forgot to close the window.,Example #2私たちはそれをしめるべきだった。ふりがなromajiEnglishわたしたちはそれをしめるべきだった。watashi tachi wa sore o shimeru beki datta.We should have closed that.,https://jlptsensei.com/learn-japanese-vocabulary/%e9%96%89%e3%82%81%e3%82%8b-%e3%81%97%e3%82%81%e3%82%8b-shimeru-meaning/
締める,to tie; to fasten; to tighten​,<em>(No detailed table found)</em>,,,https://jlptsensei.com/learn-japanese-vocabulary/%e7%b7%a0%e3%82%81%e3%82%8b-%e3%81%97%e3%82%81%e3%82%8b-shimeru-meaning/
新聞,newspaper,<em>(No detailed table found)</em>,,,https://jlptsensei.com/learn-japanese-vocabulary/%e6%96%b0%e8%81%9e-shinbun-newspaper/
死ぬ,to die,<em>(No detailed table found)</em>,,,https://jlptsensei.com/learn-japanese-vocabulary/%e6%ad%bb%e3%81%ac-%e3%81%97%e3%81%ac-shinu-meaning/
塩,salt,<em>(No detailed table found)</em>,,,https://jlptsensei.com/learn-japanese-vocabulary/%e5%a1%a9-%e3%81%97%e3%81%8a-shio-meaning/
白,white; innocence; innocent person,<em>(No detailed table found)</em>,,,https://jlptsensei.com/learn-japanese-vocabulary/%e7%99%bd-shiro-meaning-white/
白い,white,<em>(No detailed table found)</em>,,,https://jlptsensei.com/learn-japanese-vocabulary/%e7%99%bd%e3%81%84-meaning-shiroi-white/
知る,Learn Japanese vocabulary: 【しる】(shiru). Meaning: to be aware of; to know; to be conscious of; to cognize; to cognise​.,<em>(No detailed table found)</em>,Example #1あなたはそれを知る必要がない。ふりがなromajiEnglishあなたはそれをしるひつようがない。anata wa sore o shiru hitsuyou ga nai.You do not need to know it.,Example #2私はこの試合で彼を知った。ふりがなromajiEnglishわたしはこのしあいでかれをしった。watashi wa kono shiai de kare o shitta.I knew him from this match.,https://jlptsensei.com/learn-japanese-vocabulary/%e7%9f%a5%e3%82%8b-%e3%81%97%e3%82%8b-shiru-meaning/
下,below; down; under; bottom,<em>(No detailed table found)</em>,,,https://jlptsensei.com/learn-japanese-vocabulary/%e4%b8%8bshita-meaning-unskillful/
質問,question; inquiry,<em>(No detailed table found)</em>,,,https://jlptsensei.com/learn-japanese-vocabulary/%e8%b3%aa%e5%95%8f-shitsumon-meaning-question/
静か,Learn Japanese vocabulary: 【しずか】(shizuka). Meaning: quiet.,<em>(No detailed table found)</em>,Example #1ここはしずかな所ですね。ふりがなromajiEnglishここはしずかなところですね。koko wa shizuka na tokoro desu ne.This is a quiet place.,Example #2私は静かな所が好きです。ふりがなromajiEnglishわたしはしずかなところがすきです。watashi no shizuka na tokoro ga suki desu.I like quiet places.,https://jlptsensei.com/learn-japanese-vocabulary/%e9%9d%99%e3%81%8b-%e3%81%97%e3%81%9a%e3%81%8b-shizuka-meaning/
食堂,cafeteria; dining room,<em>(No detailed table found)</em>,,,https://jlptsensei.com/learn-japanese-vocabulary/%e9%a3%9f%e5%a0%82-shokudou-meaning-cafeteria/
醬油,soy sauce,<em>(No detailed table found)</em>,,,https://jlptsensei.com/learn-japanese-vocabulary/%e9%86%ac%e6%b2%b9-%e3%81%97%e3%82%87%e3%81%86%e3%82%86-shouyu-meaning/
宿題,homework; assignment; pending issue,<em>(No detailed table found)</em>,,,https://jlptsensei.com/learn-japanese-vocabulary/%e5%ae%bf%e9%a1%8c-shukudai-meaning-homework/
そば,Learn Japanese vocabulary: (soba). Meaning: near; beside.,<em>(No detailed table found)</em>,Example #1あなたのそばにいたい。ふりがなromajiEnglishあなたのそばにいたい。anata no soba ni itai.I want to be by your side.,Example #2彼は私のそばに座った。ふりがなromajiEnglishかれはわたしのそばにすわった。kare wa watashi no soba ni suwatta.He sat down by my side.,https://jlptsensei.com/learn-japanese-vocabulary/%e3%81%9d%e3%81%b0-soba-meaning/
そっち,that way; ​over there,<em>(No detailed table found)</em>,,,https://jlptsensei.com/learn-japanese-vocabulary/%e3%81%9d%e3%81%a3%e3%81%a1-socchi-meaning/
そちら,"Learn Japanese vocabulary: (sochira). Meaning: that way (direction distant from the speaker, close to the listener); you; your family; your company",<em>(No detailed table found)</em>,Example #1そちらはまだ朝ですか。ふりがなromajiEnglishそちらはまだあさですか。sochira wa mada asa desuka.Is it still morning over there?,Example #2私は今そちらに向かっています。ふりがなromajiEnglishわたしはいまそちらにむかっています。watashi wa ima sochira ni mukatte imasu.I'm heading over there now.,https://jlptsensei.com/learn-japanese-vocabulary/%e3%81%9d%e3%81%a1%e3%82%89-sochira-meaning/
そこ,that place​; there,<em>(No detailed table found)</em>,,,https://jlptsensei.com/learn-japanese-vocabulary/%e3%81%9d%e3%81%93-soko-meaning/
その,that,<em>(No detailed table found)</em>,,,https://jlptsensei.com/learn-japanese-vocabulary/%e3%81%9d%e3%81%ae-sono-meaning/
空,sky; the air,<em>(No detailed table found)</em>,,,https://jlptsensei.com/learn-japanese-vocabulary/%e7%a9%ba-sora-meaning/
それ,that,<em>(No detailed table found)</em>,,,https://jlptsensei.com/learn-japanese-vocabulary/%e3%81%9d%e3%82%8c-sore-meaning/
それでは,Learn Japanese vocabulary: (sore dewa). Meaning: well then in that situation; in which case​,<em>(No detailed table found)</em>,"Example #1それでは次は誰ですか。ふりがなromajiEnglishそれではつぎはだれですか。sore dewa tsugi wa dare desuka.Now then, who's next?","Example #2それでは、またいつかお会いしましょう。ふりがなromajiEnglishそれでは、またいつかおあいしましょう。sore dewa, mata itsuka oaishimashou.Well, let's meet again someday.",https://jlptsensei.com/learn-japanese-vocabulary/%e3%81%9d%e3%82%8c%e3%81%a7%e3%81%af-sore-dewa-meaning/
外,outside; exterior;,<em>(No detailed table found)</em>,,,https://jlptsensei.com/learn-japanese-vocabulary/%e5%a4%96-soto-outside/
掃除,"Learn Japanese vocabulary: 【そうじ】(souji). Meaning: to clean, to sweep.",<em>(No detailed table found)</em>,Example #1私はそうじすることが好きです。ふりがなromajiEnglishわたしはそうじすることがすきです。watashi wa souji suru koto ga suki desu.I like cleaning.,Example #2彼女は台所を毎日そうじする。ふりがなromajiEnglishかのじょはだいどころをまいにちそうじする。kanojo wa daidokoro o mainichi souji suru.She gives the kitchen a daily clean.,https://jlptsensei.com/learn-japanese-vocabulary/%e6%8e%83%e9%99%a4-%e3%81%9d%e3%81%86%e3%81%98-souji-meaning/
直ぐに,immediately; right away; instantly​,<em>(No detailed table found)</em>,,,https://jlptsensei.com/learn-japanese-vocabulary/%e3%81%99%e3%81%90%e3%81%ab-sugu-ni-meaning/
水曜日,Wednesday,<em>(No detailed table found)</em>,,,https://jlptsensei.com/learn-japanese-vocabulary/%e6%b0%b4%e6%9b%9c%e6%97%a5-suiyoubi-wednesday/
スカート,skirt,<em>(No detailed table found)</em>,,,https://jlptsensei.com/learn-japanese-vocabulary/%e3%82%b9%e3%82%ab%e3%83%bc%e3%83%88-sukaato-meaning/
好き,Learn Japanese vocabulary: 【すき】(suki). Meaning: like.,<em>(No detailed table found)</em>,Example #1あなたはケーキが好きですか。ふりがなromajiEnglishあなたはケーキがすきですか。anata wa keeki ga suki desu ka.Do you like cakes?,Example #2本を読むのは好きですか?ふりがなromajiEnglishほんをよむのはすきですか?hon o yomu no ga suki desu ka?Do you like reading books?,https://jlptsensei.com/learn-japanese-vocabulary/%e5%a5%bd%e3%81%8d-%e3%81%99%e3%81%8d-suki-meaning/
少し,a little (bit); small quantity; few; short distance,<em>(No detailed table found)</em>,,,https://jlptsensei.com/learn-japanese-vocabulary/%e5%b0%91%e3%81%97-sukoshi-a-little/
少ない,Learn Japanese vocabulary: 【すくない】(sukunai) Meaning: few; a little; scarce; insufficient; seldom.,<em>(No detailed table found)</em>,Example #1それはとても少ないです。ふりがなromajiEnglishこれはとてもすくないです。kore wa totemo sukunai desu.That is very insufficient.,Example #2私たちは会話が少ない。ふりがなromajiEnglishわたしたちはかいわがすくない。watashitachi wa kaiwa ga sukunai.We have few conversations.,https://jlptsensei.com/learn-japanese-vocabulary/%e5%b0%91%e3%81%aa%e3%81%84-sukunai-few/
住む,to live in; to reside; to inhabit; to dwell; to abide,<em>(No detailed table found)</em>,,,https://jlptsensei.com/learn-japanese-vocabulary/%e4%bd%8f%e3%82%80-sumu-to-live-in/
スポーツ,sport; sports,<em>(No detailed table found)</em>,,,https://jlptsensei.com/learn-japanese-vocabulary/%e3%82%b9%e3%83%9d%e3%83%bc%e3%83%84-supootsu-meaning/
スプーン,Learn Japanese vocabulary: (supuun). Meaning: spoon.,<em>(No detailed table found)</em>,Example #1私にもう一本スプーンをくれませんか。ふりがなromajiEnglishわたしにもういっぽんスプーンをくれませんか。watashi ni mou ippon supuun o kuremasen ka.Could I get one more spoon?,Example #2彼はスプーンをきれいになめた。ふりがなromajiEnglishかれはスプーンをきれいになめた。kare wa supuun o kirei ni nameta.He licked the spoon clean.,https://jlptsensei.com/learn-japanese-vocabulary/%e3%82%b9%e3%83%97%e3%83%bc%e3%83%b3-supuun-meaning/
スリッパ,slipper; slippers,<em>(No detailed table found)</em>,,,https://jlptsensei.com/learn-japanese-vocabulary/%e3%82%b9%e3%83%aa%e3%83%83%e3%83%91-surippa-meaning/
ストーブ,Learn Japanese vocabulary: (sutoobu). Meaning: heater; stove.,<em>(No detailed table found)</em>,Example #1ストーブをきれいにしてください！ふりがなromajiEnglishストーブをきれいにしてください！sutoobu o kirei ni shite kudasai !Clean the stove !,Example #2私たちはいろいろなストーブを作っている。ふりがなromajiEnglishわたしたちはいろいろなストーブをつくっている。watashi tachi wa iroiro na sutoobu o tsukutte iru.We are using a variety of stoves.,https://jlptsensei.com/learn-japanese-vocabulary/%e3%82%b9%e3%83%88%e3%83%bc%e3%83%96-sutoobu-meaning/
吸う,Learn Japanese vocabulary: 【すう】(suu). Meaning: to smoke; to suck; to breathe in; to inhale.,<em>(No detailed table found)</em>,Example #1たばこを吸ってもいいでしょうか？ふりがなromajiEnglishたばこをすってもいいでしょうか？tabako o sutte mo ii deshou ka?Mind if I smoke?,Example #2ここでタバコを吸ってもいいですか？ふりがなromajiEnglishここでタバコをすってもいいですか？koko de tabako o sutte mo ii desu ka?Would it be alright if I smoked here?,https://jlptsensei.com/learn-japanese-vocabulary/%e5%90%b8%e3%81%86-%e3%81%99%e3%81%86-suu-meaning/
座る,to sit,<em>(No detailed table found)</em>,,,https://jlptsensei.com/learn-japanese-vocabulary/%e5%ba%a7%e3%82%8b-%e3%81%99%e3%82%8f%e3%82%8b-suwaru-meaning/
涼しい,"refreshing, cool",<em>(No detailed table found)</em>,,,https://jlptsensei.com/learn-japanese-vocabulary/%e6%b6%bc%e3%81%97%e3%81%84-%e3%81%99%e3%81%9a%e3%81%97%e3%81%84-suzushii-meaning/
たばこ,tobacco; cigarette,<em>(No detailed table found)</em>,,,https://jlptsensei.com/learn-japanese-vocabulary/%e3%81%9f%e3%81%b0%e3%81%93-tabako-meaning/
食べ物,Learn Japanese vocabulary: 【たべもの】(tabemono). Meaning: food.,<em>(No detailed table found)</em>,Example #1どんな食べ物が好きですか？ふりがなromajiEnglishどんなたべものがすきですか？donna tabemono ga suki desu ka?What kinds of food do you like?,Example #2私は甘い食べ物が好きだ。ふりがなromajiEnglishわたしはあまいたべものがすきだ。watashi wa amai tabemono ga suki da.I like sweet foods.,https://jlptsensei.com/learn-japanese-vocabulary/%e9%a3%9f%e3%81%b9%e7%89%a9-tabemono-meaning/
食べる,Learn Japanese vocabulary: 【たべる】(taberu) Meaning: to eat to live on (e.g. a salary); to live off; to subsist on Conjugations 食べた 【たべた】 (tabeta) past tense...,<em>(No detailed table found)</em>,Example #1今夜は何を食べるんですか？ふりがなromajiEnglishこんやはなにをたべるんですか？kon'ya wa nani wo taberu n desu ka?What are you/we going to eat tonight?,Example #2何を食べているの？ふりがなromajiEnglishなにをたべているの？nani wo tabeteiru no?What are you eating?,https://jlptsensei.com/learn-japanese-vocabulary/%e9%a3%9f%e3%81%b9%e3%82%8b-taberu-meaning-to-eat/
多分,Learn Japanese vocabulary: 【たぶん】(tabun) Meaning: perhaps; probably (adverb) generous; many; much; great (na adj; no adj),<em>(No detailed table found)</em>,Example #1多分そうでしょう。ふりがなromajiEnglishたぶんそうでしょう。tabun sou deshou.I suppose so.,Example #2多分この部屋です。ふりがなromajiEnglishたぶんこのへやです。tabun kono heya desu.It is probably this room.,https://jlptsensei.com/learn-japanese-vocabulary/%e5%a4%9a%e5%88%86-tabun-meaning-probably/
大変,Learn Japanese vocabulary: 【たいへん】(taihen). Meaning: very; greatly; terribly; serious; difficult.,<em>(No detailed table found)</em>,Example #1これを作るのはたいへんですね。ふりがなromajiEnglishこれをつくるのはたいへんですね。kore o tsukuru no wa taihen desune.These are tough to make!,Example #2彼女はたいへん忙しい。ふりがなromajiEnglishかのじょはたいへんいそがしい。kanojo wa taihen isogashii.She is very busy.,https://jlptsensei.com/learn-japanese-vocabulary/%e5%a4%a7%e5%a4%89-%e3%81%9f%e3%81%84%e3%81%b8%e3%82%93-taihen-meaning/
大切,Learn Japanese vocabulary: 【たいせつ】(taisetsu) Meaning: important; necessary; indispensable beloved; precious; dear; cherished; valuable,<em>(No detailed table found)</em>,Example #1大切にします。ふりがなromajiEnglishたいせつにします。taisetsu ni shimasu.I will treasure it.,Example #2お金が大切です。ふりがなromajiEnglishおかねがたいせつです。okane ga taisetsu desu.Money is important for me.,https://jlptsensei.com/learn-japanese-vocabulary/%e5%a4%a7%e5%88%87-taisetsu-meaning-important%e2%80%8b/
大使館,embassy,<em>(No detailed table found)</em>,,,https://jlptsensei.com/learn-japanese-vocabulary/%e5%a4%a7%e4%bd%bf%e9%a4%a8-taishikan-embassy/
高い,high; tall; expensive; above average,<em>(No detailed table found)</em>,,,https://jlptsensei.com/learn-japanese-vocabulary/%e9%ab%98%e3%81%84-takai-meaning-tall-expensive/
沢山,Learn Japanese vocabulary: 【たくさん】(takusan). Meaning: a lot; lots; plenty; many; a large number; much.,<em>(No detailed table found)</em>,"Example #1昨日、たくさん寝ました。ふりがなromajiEnglishきのう、たくさんねました。kinou, takusan nemashita.I slept a lot yesterday.",Example #2私はたくさん魚を釣った。ふりがなromajiEnglishわたしはたくさんさかなをつった。watashi wa takusan sakana o tsutta.I caught many fish.,https://jlptsensei.com/learn-japanese-vocabulary/%e6%b2%a2%e5%b1%b1-%e3%81%9f%e3%81%8f%e3%81%95%e3%82%93-takusan-meaning/
タクシー,Learn Japanese vocabulary: (takushii). Meaning: taxi.,<em>(No detailed table found)</em>,Example #1私は駅までタクシーで行きました。ふりがなromajiEnglishわたしはえきまでタクシーでいきました。watashi wa eki made takushii de ikimashita.I took a taxi to the station.,Example #2彼女はタクシーを呼んでくれた。ふりがなromajiEnglishかのじょはタクシーをよんでくれた。kanojo wa takushii o yonde kureta.She called me a taxi.,https://jlptsensei.com/learn-japanese-vocabulary/%e3%82%bf%e3%82%af%e3%82%b7%e3%83%bc-takushii-meaning/
卵,eggs; egg,<em>(No detailed table found)</em>,,,https://jlptsensei.com/learn-japanese-vocabulary/%e5%8d%b5-%e3%81%9f%e3%81%be%e3%81%94-tamago-meaning/
誕生日,birthday,<em>(No detailed table found)</em>,,,https://jlptsensei.com/learn-japanese-vocabulary/%e8%aa%95%e7%94%9f%e6%97%a5-tanjoubi-birthday/
頼む,to ask,<em>(No detailed table found)</em>,,,https://jlptsensei.com/learn-japanese-vocabulary/%e9%a0%bc%e3%82%80-%e3%81%9f%e3%81%ae%e3%82%80-tanomu-meaning/
楽しい,Learn Japanese vocabulary: 【たのしい】(tanoshii). Meaning: enjoyable; fun.,<em>(No detailed table found)</em>,Example #1それは楽しいですか。ふりがなromajiEnglishそれはたのしいですか。sore wa tanoshii desu ka.Is that fun?,Example #2今日はたのしい一日でした。ふりがなromajiEnglishきょうはたのしいいちにちでした。kyou wa tanoshii ichinichi deshita.It was a fun day today.,https://jlptsensei.com/learn-japanese-vocabulary/%e6%a5%bd%e3%81%97%e3%81%84-%e3%81%9f%e3%81%ae%e3%81%97%e3%81%84-tanoshii-meaning/
縦,"Learn Japanese vocabulary: 【たて】(tate). Meaning: length,height.",<em>(No detailed table found)</em>,Example #1それはたてに並んでください。ふりがなromajiEnglishそれはたてにならんでください。sore wa tate ni narande kudasai.Please line it up vertically.,Example #2彼はたてにしんぶんを切った。ふりがなromajiEnglishかれはたてにしんぶんをきった。kare wa tate ni shinbun o kitta.He cut the paper lengthwise.,https://jlptsensei.com/learn-japanese-vocabulary/%e7%b8%a6-%e3%81%9f%e3%81%a6-tate-meaning/
建物,building,<em>(No detailed table found)</em>,,,https://jlptsensei.com/learn-japanese-vocabulary/%e5%bb%ba%e7%89%a9-%e3%81%9f%e3%81%a6%e3%82%82%e3%81%ae-tatemono-meaning/
立つ,to stand; to stand up​,<em>(No detailed table found)</em>,,,https://jlptsensei.com/learn-japanese-vocabulary/%e7%ab%8b%e3%81%a4-%e3%81%9f%e3%81%a4-tatsu-meaning/
手,hand; arm,<em>(No detailed table found)</em>,,,https://jlptsensei.com/learn-japanese-vocabulary/%e6%89%8b-te-meaning-hand/
テーブル,table,<em>(No detailed table found)</em>,,,https://jlptsensei.com/learn-japanese-vocabulary/%e3%83%86%e3%83%bc%e3%83%96%e3%83%ab-teeburu-meaning/
テープ,tape,<em>(No detailed table found)</em>,,,https://jlptsensei.com/learn-japanese-vocabulary/%e3%83%86%e3%83%bc%e3%83%97-teepu-meaning/
テープレコーダー,tape recorder,<em>(No detailed table found)</em>,,,https://jlptsensei.com/learn-japanese-vocabulary/%e3%83%86%e3%83%bc%e3%83%97%e3%83%ac%e3%82%b3%e3%83%bc%e3%83%80%e3%83%bc-teepu-rekoodaa-meaning/
手紙,Letter (message)​,<em>(No detailed table found)</em>,,,https://jlptsensei.com/learn-japanese-vocabulary/%e6%89%8b%e7%b4%99-tegami-meaning-letter%e2%80%8b/
天気,weather; the elements,<em>(No detailed table found)</em>,,,https://jlptsensei.com/learn-japanese-vocabulary/%e5%a4%a9%e6%b0%97-tenki-meaning-weather/
テレビ,Learn Japanese vocabulary: (terebi). Meaning: television; TV​.,<em>(No detailed table found)</em>,Example #1父はテレビを見ています。ふりがなromajiEnglishちちはテレビをみています。chichi wa terebi o mite imasu.Father is watching television.,Example #2彼はテレビのリモコンをなくした。ふりがなromajiEnglishかれはテレビのリモコンをなくした。kare wa terebi no rimokon o nakushita.He lost the remote for his TV.,https://jlptsensei.com/learn-japanese-vocabulary/%e3%83%86%e3%83%ac%e3%83%93-terebi-meaning/
テスト,examination; quiz; test,<em>(No detailed table found)</em>,,,https://jlptsensei.com/learn-japanese-vocabulary/%e3%83%86%e3%82%b9%e3%83%88-tesuto-meaning/
戸,Japanese style door,<em>(No detailed table found)</em>,,,https://jlptsensei.com/learn-japanese-vocabulary/%e6%88%b8-%e3%81%a8-to-meaning/
飛ぶ,Learn Japanese vocabulary: 【とぶ】(tobu). Meaning: to fly; to hop.,<em>(No detailed table found)</em>,Example #1鳥が飛んでいる。ふりがなromajiEnglishとりがとんでいる。tori ga tonde iru.The birds are flying,Example #2この鳥は飛ぶことができない。ふりがなromajiEnglishこのとりはとぶことができない。kono tori wa tobu koto ga dekinai.This bird cannot fly.,https://jlptsensei.com/learn-japanese-vocabulary/%e9%a3%9b%e3%81%b6-%e3%81%a8%e3%81%b6-tobu-meaning/
トイレ,toilet,<em>(No detailed table found)</em>,,,https://jlptsensei.com/learn-japanese-vocabulary/%e3%83%88%e3%82%a4%e3%83%ac-toire-meaning/
時計,watch; clock; timepiece,<em>(No detailed table found)</em>,,,https://jlptsensei.com/learn-japanese-vocabulary/%e6%99%82%e8%a8%88-tokei-meaning-watch/
時,time; moment; occasion; chance,<em>(No detailed table found)</em>,,,https://jlptsensei.com/learn-japanese-vocabulary/%e6%99%82-toki-meaning-time-moment/
時々,sometimes; at times,<em>(No detailed table found)</em>,,,https://jlptsensei.com/learn-japanese-vocabulary/%e6%99%82%e3%80%85-tokidoki-meaning-sometimes/
所,place,<em>(No detailed table found)</em>,,,https://jlptsensei.com/learn-japanese-vocabulary/%e6%89%80-%e3%81%a8%e3%81%93%e3%82%8d-tokoro-meaning/
止まる,"Learn Japanese vocabulary: 【とまる】(tomaru). Meaning: to stop (doing, working, being supplied); to come to a halt; to cease; to be stopped; to be suspended.",<em>(No detailed table found)</em>,Example #1くるまが家の前にとまる音がきこえた。ふりがなromajiEnglishくるまがいえのまえにとまるおとがきこえた。kuruma ga ie no mae ni tomaru oto ga kikoeta.I heard a car stop in front of house.,Example #2彼はタクシーに止まるようにあいずした。ふりがなromajiEnglishかれはタクシーにとまるようにあいずした。kare wa takushii ni tomaru youni aizu shita.He gestured to the taxi to stop.,https://jlptsensei.com/learn-japanese-vocabulary/%e6%ad%a2%e3%81%be%e3%82%8b-%e3%81%a8%e3%81%be%e3%82%8b-tomaru-meaning/
友達,friend; companion,<em>(No detailed table found)</em>,,,https://jlptsensei.com/learn-japanese-vocabulary/%e5%8f%8b%e9%81%94-tomodachi-meaning-friend/
隣,next door to,<em>(No detailed table found)</em>,,,https://jlptsensei.com/learn-japanese-vocabulary/%e9%9a%a3-%e3%81%a8%e3%81%aa%e3%82%8a-tonari-meaning/
遠い,far,<em>(No detailed table found)</em>,,,https://jlptsensei.com/learn-japanese-vocabulary/%e9%81%a0%e3%81%84-%e3%81%a8%e3%81%8a%e3%81%84-tooi-meaning/
十日,tenth day of the month / 10 days,<em>(No detailed table found)</em>,,,https://jlptsensei.com/learn-japanese-vocabulary/%e5%8d%81%e6%97%a5-tooka-10th-day-of-month/
鳥,bird,<em>(No detailed table found)</em>,,,https://jlptsensei.com/learn-japanese-vocabulary/%e9%b3%a5-%e3%81%a8%e3%82%8a-tori-meaning/
鶏肉,chicken meat,<em>(No detailed table found)</em>,,,https://jlptsensei.com/learn-japanese-vocabulary/%e9%b6%8f%e8%82%89-%e3%81%a8%e3%82%8a%e3%81%ab%e3%81%8f-toriniku-meaning/
取る,to take; to pick up; to harvest; to earn; to win; to choose,<em>(No detailed table found)</em>,,,https://jlptsensei.com/learn-japanese-vocabulary/%e5%8f%96%e3%82%8b-toru-to-take/
撮る,to take a photo or record a film,<em>(No detailed table found)</em>,,,https://jlptsensei.com/learn-japanese-vocabulary/%e6%92%ae%e3%82%8b-%e3%81%a8%e3%82%8b-toru-meaning/
年,year; age,<em>(No detailed table found)</em>,,,https://jlptsensei.com/learn-japanese-vocabulary/%e5%b9%b4-toshi-meaning-year/
図書館,library,<em>(No detailed table found)</em>,,,https://jlptsensei.com/learn-japanese-vocabulary/%e5%9b%b3%e6%9b%b8%e9%a4%a8-toshokan-library/
次,Learn Japanese vocabulary: 【つぎ】(tsugi). Meaning: next.,<em>(No detailed table found)</em>,Example #1つぎは君の番だ。ふりがなromajiEnglishつぎはきみのばんだ。tsugi wa kimi no ban da.It's your turn next.,Example #2つぎは忘れないでください。ふりがなromajiEnglishつぎはわすれないでください。tsugi wa wasure naide kudasai.Don't forget next time.,https://jlptsensei.com/learn-japanese-vocabulary/%e6%ac%a1-%e3%81%a4%e3%81%8e-tsugi-meaning/
一日,first day of the month,<em>(No detailed table found)</em>,,,https://jlptsensei.com/learn-japanese-vocabulary/%e4%b8%80%e6%97%a5-tsuitachi-1st-day-of-month/
疲れる,to get tired,<em>(No detailed table found)</em>,,,https://jlptsensei.com/learn-japanese-vocabulary/%e7%96%b2%e3%82%8c%e3%82%8b-%e3%81%a4%e3%81%8b%e3%82%8c%e3%82%8b-tsukareru-meaning/
使う,to use,<em>(No detailed table found)</em>,,,https://jlptsensei.com/learn-japanese-vocabulary/%e4%bd%bf%e3%81%86-%e3%81%a4%e3%81%8b%e3%81%86-tsukau-meaning/
つける,Learn Japanese vocabulary: (tsukeru). Meaning: to turn on; to switch on; to light up​.,<em>(No detailed table found)</em>,Example #1ライトをつけてください。ふりがなromajiEnglishライトをつけてください。raito o tsukete kudasai.Please turn on the light.,Example #2彼女はエアコンをつけて寝た。ふりがなromajiEnglishかのじょはエアコンをつけてねた。kanojo wa eakon o tsukete neta.She turned on the air conditioner and slept.,https://jlptsensei.com/learn-japanese-vocabulary/%e3%81%a4%e3%81%91%e3%82%8b-tsukeru-meaning/
付ける,to attach; affix; add; apply,<em>(No detailed table found)</em>,,,https://jlptsensei.com/learn-japanese-vocabulary/%e4%bb%98%e3%81%91%e3%82%8b-tsukeru-meaning/
着く,Learn Japanese vocabulary: 【つく】(tsuku). Meaning: to arrive at.,<em>(No detailed table found)</em>,Example #1何時にそちらに着くのがいいですか？ふりがなromajiEnglishなんじにそちらにつくのがいいですか？nanji ni sochira ni tsuku no ga ii desuka?What time should I arrive?,Example #2私はその駅に着くのがおくれた。ふりがなromajiEnglishわたしはそのえきにつくのがおくれた。watashi wa sono eki ni tsuku no ga okureta.I was late arriving to the station.,https://jlptsensei.com/learn-japanese-vocabulary/%e7%9d%80%e3%81%8f-%e3%81%a4%e3%81%8f-tsuku-meaning/
机,desk,<em>(No detailed table found)</em>,,,https://jlptsensei.com/learn-japanese-vocabulary/%e6%9c%ba-%e3%81%a4%e3%81%8f%e3%81%88-tsukue-meaning/
作る,to make,<em>(No detailed table found)</em>,,,https://jlptsensei.com/learn-japanese-vocabulary/%e4%bd%9c%e3%82%8b-%e3%81%a4%e3%81%8f%e3%82%8b-tsukuru-meaning/
詰まらない,boring,<em>(No detailed table found)</em>,,,https://jlptsensei.com/learn-japanese-vocabulary/%e8%a9%b0%e3%81%be%e3%82%89%e3%81%aa%e3%81%84-%e3%81%a4%e3%81%be%e3%82%89%e3%81%aa%e3%81%84-tsumaranai-meaning/
冷たい,cold to the touch,<em>(No detailed table found)</em>,,,https://jlptsensei.com/learn-japanese-vocabulary/%e5%86%b7%e3%81%9f%e3%81%84-%e3%81%a4%e3%82%81%e3%81%9f%e3%81%84-tsumetai-meaning/
勤める,Learn Japanese vocabulary: 【つとめる】(tsutomeru). Meaning: to work (for); to be employed (at); to serve (in).,<em>(No detailed table found)</em>,Example #1ここは私がつとめる会社です。ふりがなromajiEnglishここはわたしがつとめるかいしゃです。koko wa watashi ga tsutomeru kaisha desu.This is the company that I work in.,Example #2彼は15ヶ月のけいきを勤めた。ふりがなromajiEnglishかれは15かげつのけいきをつとめた。kare wa 15 kagetsu no keiki o tsutometa.He served a prison term of 15 months.,https://jlptsensei.com/learn-japanese-vocabulary/%e5%8b%a4%e3%82%81%e3%82%8b-%e3%81%a4%e3%81%a8%e3%82%81%e3%82%8b-tsutomeru-meaning/
強い,Learn Japanese vocabulary: 【つよい】(tsuyoi). Meaning: strong; potent; powerful; healthy.,<em>(No detailed table found)</em>,Example #1私は強いチームに入りました。ふりがなromajiEnglishわたしはつよいチームにはいりました。watashi wa tsuyoi chiimu ni hairimashita.I entered a strong team.,Example #2私はあなたが強いと思っています。ふりがなromajiEnglishわたしはあなたがつよいとおもっています。watashi wa anata ga tsuyoi to omotte imasu.I think you are strong.,https://jlptsensei.com/learn-japanese-vocabulary/%e5%bc%b7%e3%81%84-%e3%81%a4%e3%82%88%e3%81%84-tsuyoi-meaning/
上,above; up; over; top; surface,<em>(No detailed table found)</em>,,,https://jlptsensei.com/learn-japanese-vocabulary/%e4%b8%8a-ue-meaning-above/
生まれる,to be born,<em>(No detailed table found)</em>,,,https://jlptsensei.com/learn-japanese-vocabulary/%e7%94%9f%e3%81%be%e3%82%8c%e3%82%8b-umareru-to-be-born/
海,sea,<em>(No detailed table found)</em>,,,https://jlptsensei.com/learn-japanese-vocabulary/%e6%b5%b7-%e3%81%86%e3%81%bf-umi-meaning/
売る,to sell,<em>(No detailed table found)</em>,,,https://jlptsensei.com/learn-japanese-vocabulary/%e5%a3%b2%e3%82%8b-uru-to-sell/
煩い,"Learn Japanese vocabulary: 【うるさい】(urusai). Meaning: noisy, annoying.",<em>(No detailed table found)</em>,Example #1お父さんのいびきがうるさいです。ふりがなromajiEnglishおとうさんのいびきがうるさいです。otousan no ibiki ga urusai desu.My dad's snoring is noisy.,Example #2隣の部屋がうるさいのです。ふりがなromajiEnglishとなりのへやがうるさいのです。tonari no heya ga urusai no desu.It's noisy next door.,https://jlptsensei.com/learn-japanese-vocabulary/%e7%85%a9%e3%81%84-%e3%81%86%e3%82%8b%e3%81%95%e3%81%84-urusai-meaning/
後ろ,back; behind; rear,<em>(No detailed table found)</em>,,,https://jlptsensei.com/learn-japanese-vocabulary/%e5%be%8c%e3%82%8d-ushiro-meaning-back-behind/
薄い,thin; weak,<em>(No detailed table found)</em>,,,https://jlptsensei.com/learn-japanese-vocabulary/%e8%96%84%e3%81%84-%e3%81%86%e3%81%99%e3%81%84-usui-meaning/
歌,song,<em>(No detailed table found)</em>,,,https://jlptsensei.com/learn-japanese-vocabulary/%e6%ad%8c-%e3%81%86%e3%81%9f-uta-meaning/
歌う,to sing,<em>(No detailed table found)</em>,,,https://jlptsensei.com/learn-japanese-vocabulary/%e6%ad%8c%e3%81%86-%e3%81%86%e3%81%9f%e3%81%86-utau-meaning/
上着,coat; tunic; jacket; outer garment,<em>(No detailed table found)</em>,,,https://jlptsensei.com/learn-japanese-vocabulary/%e4%b8%8a%e7%9d%80-uwagi-meaning-jacket/
ワイシャツ,shirt,<em>(No detailed table found)</em>,,,https://jlptsensei.com/learn-japanese-vocabulary/%e3%83%af%e3%82%a4%e3%82%b7%e3%83%a3%e3%83%84-wai-shatsu-meaning/
若い,Learn Japanese vocabulary: 【わかい】(wakai). Meaning: young; youthful​.,<em>(No detailed table found)</em>,Example #1あなたは若いですね。ふりがなromajiEnglishあなたはわかいですね。anata wa wakai desu ne.You are young!,Example #2私は若い時を思い出した。ふりがなromajiEnglishわたしはわかいときをおもいだした。watashi wa wakai toki o omoidashita.I remembered my younger years.,https://jlptsensei.com/learn-japanese-vocabulary/%e8%8b%a5%e3%81%84-%e3%82%8f%e3%81%8b%e3%81%84-wakai-meaning/
分かる,Learn Japanese vocabulary: 【わかる】(wakaru) Meaning: to understand; to comprehend; to grasp; to see; to get; to follow; to become clear; to be known; to be...,<em>(No detailed table found)</em>,Example #1私にはそれが分かる。ふりがなromajiEnglishわたしにはそれがわかる。watashi ni wa sore ga wakaru.I understand that.,Example #2分かるような気がする。ふりがなromajiEnglishわかるようなきがする。wakaru you na ki ga suru.I think I understand.,https://jlptsensei.com/learn-japanese-vocabulary/%e5%88%86%e3%81%8b%e3%82%8b-wakaru-meaning-to-understand/
悪い,Learn Japanese vocabulary: 【 わるい 】(warui) Meaning: bad; poor; undesirable poor (quality); inferior; insufficient evil; sinful ugly; not beautiful at fault; to blame; in the...,<em>(No detailed table found)</em>,Example #1私は目が悪い。ふりがなromajiEnglishわたしはめがわるい。watashi wa me ga warui.I have bad vision (eyes).,Example #2私はとても気分が悪い。ふりがなromajiEnglishわたしはとてもきぶんがわるい。watashi wa totemo kibun ga warui.I feel really bad (ill).,https://jlptsensei.com/learn-japanese-vocabulary/%e6%82%aa%e3%81%84-warui-bad/
忘れる,Learn Japanese vocabulary: 【わすれる】(wasureru) Meaning: to forget; to leave carelessly; to be forgetful of; to forget about; to forget (an article).,<em>(No detailed table found)</em>,"Example #1今日、さいふを忘れました。ふりがなromajiEnglishきょう、さいふをわすれました。kyou, saifu wo wasuremashita.I forgot my wallet today.",Example #2あなたを忘れることができない。ふりがなromajiEnglishあなたをわすれることができない。anata wo wasureru koto ga dekinai.I cannot forget about you.,https://jlptsensei.com/learn-japanese-vocabulary/%e5%bf%98%e3%82%8c%e3%82%8b-wasureru-to-forget/
渡る,to go across,<em>(No detailed table found)</em>,,,https://jlptsensei.com/learn-japanese-vocabulary/%e6%b8%a1%e3%82%8b-%e3%82%8f%e3%81%9f%e3%82%8b-wataru-meaning/
私,I; myself,<em>(No detailed table found)</em>,,,https://jlptsensei.com/learn-japanese-vocabulary/%e7%a7%81-%e3%82%8f%e3%81%9f%e3%81%97-watashi-meaning/
渡す,Learn Japanese vocabulary: 【わたす】(watasu). Meaning: to hand over; to hand in; to pass; to give; to transfer.,<em>(No detailed table found)</em>,Example #1私は彼にお金をわたす。ふりがなromajiEnglishわたしはかれにおかねをわたす。watashi wa kare ni okane o watasu.I will give him money.,Example #2あなたにそのメモをわたすのを忘れた。ふりがなromajiEnglishあなたにそのメモをわたすのをわすれた。anata ni sono memo o watasu no o wasureta.I forgot to pass you that memo.,https://jlptsensei.com/learn-japanese-vocabulary/%e6%b8%a1%e3%81%99-%e3%82%8f%e3%81%9f%e3%81%99-watasu-meaning/
山,mountain; hill,<em>(No detailed table found)</em>,,,https://jlptsensei.com/learn-japanese-vocabulary/%e5%b1%b1-yama-meaning-mountain/
八百屋,Learn Japanese vocabulary: 【やおや】(yaoya) Meaning: greengrocer; fruit and vegetable shop; versatile.,<em>(No detailed table found)</em>,Example #1あの先生は八百屋だ。ふりがなromajiEnglishあのせんせいはやおやだ。ano sensei wa yaoya da.He is a versatile man,Example #2私は八百屋の外で彼に出会った。ふりがなromajiEnglishわたしはやおやのそとでかれにであった。watashi wa yaoya no soto de kare ni deatta.I met him outside the greengrocer's shop.,https://jlptsensei.com/learn-japanese-vocabulary/%e5%85%ab%e7%99%be%e5%b1%8b-yaoya-meaning-fruit-and-vegetable-shop/
やる,Learn Japanese vocabulary: (yaru). Meaning: to do.,<em>(No detailed table found)</em>,Example #1私はそれをやるべきじゃなかった。ふりがなromajiEnglishわたしはそれをやるべきじゃなかった。watashi wa sore o yaru beki janakatta.I should not have done that.,Example #2一人でそれをやるのは難しいです。ふりがなromajiEnglishひとりでそれをやるのはむずかしいです。hitori de sore o yaru no wa muzukashii desu.It is difficult for me to try it alone.,https://jlptsensei.com/learn-japanese-vocabulary/%e3%82%84%e3%82%8b-yaru-meaning/
野菜,Learn Japanese vocabulary: 【やさい】(yasai). Meaning: vegetable.,<em>(No detailed table found)</em>,Example #1私はやさいを厚く切る。ふりがなromajiEnglishわたしはやさいをあつくきる。watashi wa yasai o atsuku kiru.I cut vegetables thickly.,Example #2この野菜を切ってください。ふりがなromajiEnglishこのやさいをきってください。kono yasai o kitte kudasai.Please cut this vegetable.,https://jlptsensei.com/learn-japanese-vocabulary/%e9%87%8e%e8%8f%9c-%e3%82%84%e3%81%95%e3%81%84-yasai-meaning/
易しい,"Learn Japanese vocabulary: 【やさしい】(yasashii). Meaning: easy, simple.",<em>(No detailed table found)</em>,Example #1それは私にとってはやさしい。ふりがなromajiEnglishそれはわたしにとってはやさしい。sore wa watashi ni totte wa yasashii.It is easy for me.,"Example #2このしつもんはすごく易しいですね。ふりがなromajiEnglishこのしつもんはすごくやさしいですね。kono shitsumon wa sugoku yasashii desu ne.This question is really easy, isn't it?",https://jlptsensei.com/learn-japanese-vocabulary/%e6%98%93%e3%81%97%e3%81%84-%e3%82%84%e3%81%95%e3%81%97%e3%81%84-yasashii-meaning/
安い,cheap; inexpensive,<em>(No detailed table found)</em>,,,https://jlptsensei.com/learn-japanese-vocabulary/%e5%ae%89%e3%81%84-yasui-meaning-cheap/
休み,rest; vacation; holiday,<em>(No detailed table found)</em>,,,https://jlptsensei.com/learn-japanese-vocabulary/%e4%bc%91%e3%81%bf-yasumi-meaning-rest/
休む,Learn Japanese vocabulary: 【やすむ】(yasumu) Meaning: to be absent; to take a day off; to rest.,<em>(No detailed table found)</em>,Example #1私はゆっくり休む。ふりがなromajiEnglishわたしはゆっくりやすむ。watashi wa yukkuri yasumu.I'm going to take a nice relaxed break.,Example #2来週休みます。ふりがなromajiEnglishらいしゅうやすみます。raishuu yasumimasu.I will take off next week.,https://jlptsensei.com/learn-japanese-vocabulary/%e4%bc%91%e3%82%80-yasumu-meaning-to-rest/
八つ,eight: 8,<em>(No detailed table found)</em>,,,https://jlptsensei.com/learn-japanese-vocabulary/%e5%85%ab%e3%81%a4-yattsu-meaning-eight-8/
呼ぶ,"to call out, to invite",<em>(No detailed table found)</em>,,,https://jlptsensei.com/learn-japanese-vocabulary/%e5%91%bc%e3%81%b6-%e3%82%88%e3%81%b6-yobu-meaning/
良い,good,<em>(No detailed table found)</em>,,,https://jlptsensei.com/learn-japanese-vocabulary/%e8%89%af%e3%81%84-%e3%82%88%e3%81%84-%e3%81%84%e3%81%84-yoi-ii-meaning/
四日,Learn Japanese vocabulary: 【よっか】(yokka) Meaning: the fourth day of the month / 4 days. It is most often written as 4日 rather than 四日. Add...,<em>(No detailed table found)</em>,Example #1私の誕生日は四月四日です。ふりがなromajiEnglishわたしのたんじょうびはしがつよっかです。watashi no tanjoubi wa shigatsu yokka desu.My birthday is April 4th.,Example #26月4日から6月１4日までおねがいします。ふりがなromajiEnglishろくがつよっかからろくがつじゅうよんにちまでおねがいします。roku gatsu yokka kara roku gatsu juuyon nichi made onegaishimasu.From June 4th until June 14th please.,https://jlptsensei.com/learn-japanese-vocabulary/%e5%9b%9b%e6%97%a5-yokka-4th-day-of-month/
横,"beside,side,width",<em>(No detailed table found)</em>,,,https://jlptsensei.com/learn-japanese-vocabulary/%e6%a8%aa-%e3%82%88%e3%81%93-yoko-meaning/
よく,"Learn Japanese vocabulary: (yoku). Meaning: often, well.",<em>(No detailed table found)</em>,Example #1私はよくここに来ます。ふりがなromajiEnglishわたしはよくここにきます。watashi wa yoku koko ni kimasu.I often come here.,Example #2彼とよく遊びます。ふりがなromajiEnglishかれとよくあそびます。kare to yoku osobimasu.I often play with him.,https://jlptsensei.com/learn-japanese-vocabulary/%e3%82%88%e3%81%8f-yoku-meaning/
読む,to read; to guess; to predict; to read (someone's thoughts),<em>(No detailed table found)</em>,,,https://jlptsensei.com/learn-japanese-vocabulary/%e8%aa%ad%e3%82%80-yomu-to-read/
夜,Learn Japanese vocabulary: 【よる】(yoru) Meaning: evening; night.,<em>(No detailed table found)</em>,Example #1冬は夜が長い。ふりがなromajiEnglishふゆはよるがながい。fuyu wa yoru ga nagai.The nights are long in winter.,Example #2私は毎日夜遅くまで勉強する。ふりがなromajiEnglishわたしはまいにちよるおそくまでべんきょうする。watashi wa mainichi yoru osoku made benkyou suru.I study until late at night every day.,https://jlptsensei.com/learn-japanese-vocabulary/%e5%a4%9c-yoru-night/
四つ,four; 4,<em>(No detailed table found)</em>,,,https://jlptsensei.com/learn-japanese-vocabulary/%e5%9b%9b%e3%81%a4-yotsu-meaning-four-4/
洋服,western clothes,<em>(No detailed table found)</em>,,,https://jlptsensei.com/learn-japanese-vocabulary/%e6%b4%8b%e6%9c%8d-%e3%82%88%e3%81%86%e3%81%b5%e3%81%8f-youfuku-meaning/
八日,eighth day of the month / 8 days,<em>(No detailed table found)</em>,,,https://jlptsensei.com/learn-japanese-vocabulary/%e5%85%ab%e6%97%a5-youka-8th-day-of-month/
弱い,weak,<em>(No detailed table found)</em>,,,https://jlptsensei.com/learn-japanese-vocabulary/%e5%bc%b1%e3%81%84-%e3%82%88%e3%82%8f%e3%81%84-yowai-meaning/
雪,snow,<em>(No detailed table found)</em>,,,https://jlptsensei.com/learn-japanese-vocabulary/%e9%9b%aa-%e3%82%86%e3%81%8d-yuki-meaning/
ゆっくり,Learn Japanese vocabulary: (yukkuri ). Meaning: slowly; without haste; leisurely.,<em>(No detailed table found)</em>,Example #1しゅうまつにゆっくり休んでください。ふりがなromajiEnglishしゅうまつにゆっくりやすんでください。shuumatsu ni yukkuri yasunde kudasai.Please get plenty of rest during the weekend.,Example #2もっとゆっくり歩いてくれませんか。ふりがなromajiEnglishもっとゆっくりあるいてくれませんか。motto yukkuri aruite kuremasen ka.Would you walk more slowly for me?,https://jlptsensei.com/learn-japanese-vocabulary/%e3%82%86%e3%81%a3%e3%81%8f%e3%82%8a-yukkuri-meaning/
昨夜,last night,<em>(No detailed table found)</em>,,,https://jlptsensei.com/learn-japanese-vocabulary/%e6%98%a8%e5%a4%9c-yuube-last-night/
郵便局,Learn Japanese vocabulary: 【ゆうびんきょく】(yuubinkyoku). Meaning: post office.,<em>(No detailed table found)</em>,Example #1郵便局はどこにありますか?ふりがなromajiEnglishゆうびんきょくはどこにありますか?yuubinkyoku wa doko ni arimasu ka?Where can I find the post office?,Example #2きょねんからゆうびんきょくで働いています。ふりがなromajiEnglishきょねんからゆうびんきょくではたらいています。kyonen kara yuubinkyoku de hataraite imasu.I have been working at the post office since last year.,https://jlptsensei.com/learn-japanese-vocabulary/%e9%83%b5%e4%be%bf%e5%b1%80-%e3%82%86%e3%81%86%e3%81%b3%e3%82%93%e3%81%8d%e3%82%87%e3%81%8f-yuubinkyoku-meaning/
夕方,evening; dusk,<em>(No detailed table found)</em>,,,https://jlptsensei.com/learn-japanese-vocabulary/%e5%a4%95%e6%96%b9-yuugata-evening/
夕飯,evening meal,<em>(No detailed table found)</em>,,,https://jlptsensei.com/learn-japanese-vocabulary/%e5%a4%95%e9%a3%af-yuuhan-evening-meal/
有名,famous,<em>(No detailed table found)</em>,,,https://jlptsensei.com/learn-japanese-vocabulary/%e6%9c%89%e5%90%8d-yuumei-meaning-famous/
雑誌,magazine,<em>(No detailed table found)</em>,,,https://jlptsensei.com/learn-japanese-vocabulary/%e9%9b%91%e8%aa%8c-%e3%81%96%e3%81%a3%e3%81%97-zasshi-meaning/
全部,Learn Japanese vocabulary: 【ぜんぶ】(zenbu). Meaning: all.,<em>(No detailed table found)</em>,Example #1それで全部ですか。ふりがなromajiEnglishそれでぜんぶですか。sore de zenbu desu ka.Is that all?,Example #2全部はいらない。ふりがなromajiEnglishぜんぶはいらない。zenbu wa iranai.I don't want all of them.,https://jlptsensei.com/learn-japanese-vocabulary/%e5%85%a8%e9%83%a8-%e3%81%9c%e3%82%93%e3%81%b6-zenbu-meaning/
ゼロ,zero,<em>(No detailed table found)</em>,,,https://jlptsensei.com/learn-japanese-vocabulary/%e3%82%bc%e3%83%ad-zero-meaning/
ズボン,trousers; pants,<em>(No detailed table found)</em>,,,https://jlptsensei.com/learn-japanese-vocabulary/%e3%82%ba%e3%83%9c%e3%83%b3-zubon-meaning/
